date,portfolio_simple_return,ewma_daily_volatility,garch_daily_volatility,ewma_annualized_volatility,garch_annualized_volatility,garch_residual,garch_standardized_residual
2015-01-05,-0.02596245363886314,0.010830276676421563,0.010831379341572005,0.17192531229500765,0.17194281656161234,-0.026870001051395503,-2.4807552393872436
2015-01-06,-0.013296770559306316,0.012275998503241093,0.01501947814039994,0.19487543480746244,0.2384268238888146,-0.014204317971838678,-0.9457264652645544
2015-01-07,0.002008908978853585,0.012339626304507483,0.01479652782486843,0.19588549483918669,0.23488759735109607,0.0011013615663212242,0.0744337846930665
2015-01-08,0.004618947623775793,0.011973827191500575,0.013330214910285602,0.19007861394224096,0.21161060145396532,0.0037114002112434317,0.2784201332252875
2015-01-09,-0.017501888202397287,0.011664058726887243,0.01212328410791746,0.18516119201397782,0.19245116893758682,-0.018409435614929647,-1.5185188642825616
2015-01-12,-0.013581568861514588,0.012094057030797018,0.013441058652634185,0.19198720347192685,0.21337019131381774,-0.01448911627404695,-1.0779743358390423
2015-01-13,-0.0025015671552922614,0.012188428253910522,0.013582644540395778,0.19348530019560278,0.21561779760285862,-0.003409114567824623,-0.250990486991371
2015-01-14,-0.01605337092239848,0.01183299567297424,0.012329618421156424,0.18784298289355933,0.19572662461620444,-0.016960918334930842,-1.3756239451682915
2015-01-15,-0.005451943054570123,0.012127705573568152,0.013248281858217423,0.1925213575288397,0.2103099545743919,-0.006359490467102484,-0.4800237898892471
2015-01-16,0.0010313357933626754,0.011833840835275045,0.01224788870718658,0.18785639942915186,0.19442920562887253,1.2378838083031447e-4,0.010106915876666995
2015-01-19,0.0037369294892717706,0.011476115230811601,0.01106243594415874,0.18217768150708866,0.17561072641695624,0.0028293820767394096,0.2557648325397444
2015-01-20,-9.760424193531921e-4,0.011164095398368889,0.010085521594587522,0.1772245202225079,0.16010269188990106,-0.0018835898318855532,-0.18676176677826928
2015-01-21,0.013388028401498662,0.010826632164635091,0.009187108401469676,0.17186745746398416,0.14584082458848546,0.0124804809889663,1.3584776018284248
2015-01-22,0.00486876046891436,0.010997152561248414,0.00989090250567729,0.17457438484140186,0.1570132096320464,0.003961213056381999,0.4004905572679842
2015-01-23,0.007273093903483371,0.01072862583457313,0.009136211819931786,0.17031165520645977,0.14503286640449,0.00636554649095101,0.6967380591005756
2015-01-26,-0.0028031984638293888,0.010553249795968396,0.008742930340305688,0.16752764690205305,0.13878971646246097,-0.0037107458763617498,-0.4244281644627638
2015-01-27,-0.003144799144036592,0.01025476921624263,0.008125588982545154,0.16278941459123247,0.128989726222445,-0.004052346556568953,-0.4987141935524837
2015-01-28,-0.011304978868446707,0.009972164252411491,0.007627266927160024,0.1583031998698149,0.12107910883423935,-0.012212526280979068,-1.6011667609915867
2015-01-29,0.0025189728756641787,0.010057115347723264,0.00869925669413725,0.15965175670059986,0.1380964188228063,0.001611425463131818,0.1852371437915859
2015-01-30,-0.03041114984880999,0.009770237890208512,0.007963327591530222,0.15509771824459267,0.12641390649436748,-0.03131869726134235,-3.932865614451533
2015-02-02,0.015776361494525177,0.012050741787665882,0.015128345377000004,0.19129959530410715,0.2401550376926142,0.014868814081992816,0.9828447005578178
2015-02-03,0.029063415670555363,0.012306127331348928,0.015000735629506339,0.19535371512626531,0.2381292957521983,0.028155868258023,1.8769658337715525
2015-02-04,-0.006488842150657314,0.0138937126617769,0.018010078918201236,0.22055585094270563,0.285901139461246,-0.007396389563189675,-0.4106805748482745
2015-02-05,0.017436059904500142,0.013563902122313747,0.01647906285539755,0.21532027093958028,0.2615970129287032,0.01652851249196778,1.003000755383006
2015-02-06,0.010770716287952637,0.013826845100610767,0.01638559732631876,0.2194943613169677,0.26011329365210584,0.009863168875420276,0.6019413683246033
2015-02-09,0.002924929603955387,0.013662768623944454,0.015313982378776975,0.21688972799743916,0.24310193373761532,0.0020173821914230266,0.13173465539694196
2015-02-10,-0.003953935102490239,0.013265906847043674,0.01380805428136258,0.21058974259815919,0.21919606630899646,-0.0048614825150226,-0.3520758548570009
2015-02-11,0.002657749702537145,0.012898187608096575,0.012613773068234677,0.20475238064687143,0.20023743979651873,0.001750202290004784,0.13875327235847665
2015-02-12,0.011229535918538331,0.012522190981138919,0.011410329419213907,0.19878361923449694,0.18113336412338438,0.01032198850600597,0.9046179235302992
2015-02-13,0.003458095958231877,0.012448417552716265,0.011208072846872889,0.19761250236467112,0.1779226405747283,0.0025505485456995157,0.22756352323415993
2015-02-17,0.0032377628619463987,0.012098876776467654,0.010200093800318033,0.19206371456248936,0.16192146927103943,0.0023302154494140377,0.22845039418572632
2015-02-18,-0.011910381946713325,0.011757076022465422,0.009305812787328423,0.18663779580434373,0.14772519829557484,-0.012817929359245686,-1.377411049650564
2015-02-19,2.2914959204645152e-4,0.011766330706262899,0.010055558531863058,0.1867847093550877,0.1596270430149805,-6.783978204859095e-4,-0.06746495665419973
2015-02-20,-0.008979536750685246,0.011408018958781956,0.009130572314607191,0.1810966867010824,0.14494334203285217,-0.009887084163217607,-1.082854811565332
2015-02-23,-0.00926524862474078,0.01127706733089358,0.009306446921616812,0.17901789405405213,0.14773526486532423,-0.010172796037273142,-1.0930912863902973
2015-02-24,-0.005428271416520192,0.011166584198181307,0.009498894071958591,0.177264028694708,0.15079026866728867,-0.006335818829052553,-0.6670059462770871
2015-02-25,0.019047315618971175,0.010907750195620208,0.009042914427100814,0.17315516628496327,0.14355181620808127,0.018139768206438815,2.0059648194917705
2015-02-26,0.009694948339959928,0.011558905112837106,0.011259354668590666,0.18349193014055984,0.17873671425698986,0.008787400927427566,0.7804533373427773
2015-02-27,0.0026549527239821957,0.011455623578050519,0.010845792415224265,0.18185238660413758,0.17217161701268396,0.0017474053114498347,0.16111365998458516
2015-03-02,-4.2860647650368655e-4,0.011125662196303758,0.009850697375609835,0.17661441205399453,0.15637497297852146,-0.0013361538890360476,-0.1356405377292721
2015-03-03,-0.012632582974863804,0.010787240609098735,0.008963515316373684,0.17124213590575305,0.14229139440025929,-0.013540130387396165,-1.5105826129021458
2015-03-04,-0.002456574914068902,0.010906769252078391,0.009976230587406413,0.17313959428899223,0.15836775093667912,-0.003364122326601263,-0.33721376998322333
2015-03-05,-7.680356467882898e-4,0.010591611973892532,0.009167443338655174,0.16813662759728148,0.14552865139414364,-0.0016755830593206508,-0.1827753930319303
2015-03-06,-4.791619529918208e-4,0.010270671948731382,0.00837494141475178,0.1630418626432222,0.13294807336901196,-0.001386709365524182,-0.165578395937386
2015-03-09,-0.0019764449443893106,0.00995847759009287,0.007672486535668661,0.15808593084117334,0.12179694786522469,-0.002883992356921672,-0.37588757484477364
2015-03-10,-0.021193019306982766,0.009667232253066598,0.0071414877040637285,0.1534625544475011,0.11336760273586959,-0.02210056671951513,-3.0946726558024067
2015-03-11,0.003991214661734614,0.010714322223520064,0.011433505366746,0.17008459242028012,0.1815012708847936,0.003083667249202253,0.26970444761157897
2015-03-12,0.008091229115639198,0.010433824147234498,0.010424034071785318,0.16563182350177835,0.1654764108720478,0.0071836817031068366,0.6891460305709163
2015-03-13,-0.00831105695878298,0.010308292024937736,0.009927875538807713,0.16363906283889407,0.1576001383373195,-0.009218604371315341,-0.9285576088539935
2015-03-16,0.008869950920731912,0.010199492706475128,0.00982189814775231,0.1619119272021018,0.1559177994093513,0.007962403508199552,0.8106786884184608
2015-03-17,-0.0038494665918463364,0.010124644889646478,0.009535716419204632,0.16072375494507346,0.1513748053083048,-0.004757014004378698,-0.49886278023098735
2015-03-18,-0.00145411799159532,0.009861390960481302,0.008899275865491997,0.15654472837568345,0.14127162473190552,-0.002361665404127681,-0.26537725538830864
2015-03-19,-0.004110481629347832,0.009567605621206565,0.008170841694647896,0.1518810306963373,0.12970809075669537,-0.005018029041880193,-0.6141385709586231
2015-03-20,0.01214463054944692,0.0093306214282372,0.007767492616060917,0.14811902326083562,0.12330512263576619,0.011237083136914558,1.4466808907780018
2015-03-23,0.002045826546298886,0.009522940172751692,0.008561835783528026,0.1511719886834847,0.13591492949633402,0.0011382791337665253,0.13294802219360966
2015-03-24,0.0057241653034346696,0.009246422580502798,0.007828487128156121,0.1467824079901351,0.12427338049782799,0.004816617890902308,0.615268034813361
2015-03-25,-0.010365950203420994,0.009073726621970755,0.007456553699823609,0.14404094463792483,0.11836912036399103,-0.011273497615953356,-1.5118911590779585
2015-03-26,-0.004061575853391859,0.009156404280001697,0.008346707978732978,0.1453534117707115,0.13249988146683633,-0.00496912326592422,-0.5953392976710475
2015-03-27,-0.00850070001866295,0.008933036375347116,0.007910039033455319,0.14180755621117389,0.125567976860019,-0.009408247431195312,-1.1894059424237171
2015-03-30,3.102760038576715e-4,0.008907687949109804,0.008266043480369944,0.1414051624194691,0.13121937225303415,-5.972714086746895e-4,-0.07225602068185091
2015-03-31,0.012430594962758593,0.008636658300217002,0.007558950988884825,0.13710270012609607,0.11999462693469005,0.01152304755022623,1.5244241650951926
2015-04-01,-0.00107263108436223,0.008909968353855944,0.008480322476342311,0.14144136272255026,0.13462094586019913,-0.001980178496894591,-0.23350273558803053
2015-04-02,0.00487163697544161,0.00864252949947525,0.007787490088963175,0.13719590252490627,0.12362257267666095,0.003964089562909248,0.5090330154676354
2015-04-06,0.0025627564987969476,0.008463786858704046,0.007331255553343853,0.1343584510679249,0.11638007395205435,0.0016552090862645866,0.22577429939809293
2015-04-07,0.009026763755586012,0.008229921625539613,0.006775594383163264,0.13064595558438155,0.1075592263349765,0.008119216343053652,1.1983031869837375
2015-04-08,0.004296708785464287,0.008279894999257104,0.007138709297215861,0.13143925829856978,0.11332349689450709,0.0033891613729319257,0.4747582835812797
2015-04-09,0.008387173164169185,0.008096354976779649,0.006726685224443154,0.12852565076795447,0.10678281751013571,0.007479625751636823,1.1119333671891862
2015-04-10,0.0032702869708527795,0.008114098008809648,0.006974659985025142,0.12880731266948825,0.11071929479766006,0.0023627395583204185,0.3387605364839733
2015-04-13,0.0018218687218993037,0.007907588628594581,0.00650689510544322,0.12552907788878137,0.103293757537117,9.143213093669428e-4,0.14051575975184918
2015-04-14,9.009353274794056e-4,0.007679668793790767,0.006037210769669332,0.12191096267828248,0.09583774985415541,-6.61208505295538e-6,-0.0010952218342573344
2015-04-15,0.012014022528617977,0.007448984835750596,0.005620323681492021,0.11824896837172437,0.08921987249348928,0.011106475116085614,1.9761273096529541
2015-04-16,0.004512131154124133,0.007798611210807743,0.007057024903443228,0.12379911501286561,0.11202679734300232,0.0036045837415917712,0.5107795127424081
2015-04-17,-0.002680095502086921,0.007641387063970592,0.006677663915299296,0.12130325905711319,0.10600462835251093,-0.0035876429146192825,-0.5372601796265277
2015-04-20,0.006522171565943405,0.007437628869455,0.006356410963209725,0.1180686979954345,0.10090489583746481,0.005614624153411044,0.883300998929731
2015-04-21,-4.606009920596529e-4,0.007385901916753395,0.006355954480171726,0.1172475580778686,0.10089764939388722,-0.001368148404592014,-0.2152545945475445
2015-04-22,-0.004058101809281955,0.007161786333932377,0.005922951191714118,0.11368983349539634,0.09402393528509524,-0.004965649221814317,-0.838374158605424
2015-04-23,0.004757323250301352,0.007014399753435527,0.005908718196095464,0.11135014406389912,0.09379799348418466,0.0038497758377689906,0.6515416220582255
2015-04-24,0.001898217078769267,0.006899827761430576,0.0057459595474801525,0.10953137007554883,0.0912142800364183,0.00099066966623690615,0.17241152814439092
2015-04-27,0.0017374129264978722,0.006705770607010909,0.005387047749113617,0.10645080825118505,0.08551673186990943,8.298655139655112e-4,0.15404829372489912
2015-04-28,0.002178059260210548,0.006515399764285388,0.005076756881271361,0.10342876481080795,0.08059101704747933,0.0012705118476781872,0.2502605260388233
2015-04-29,-0.001027222621954926,0.006339404118022641,0.004831524260044836,0.10063492053976,0.076698069872724,-0.001934770034487287,-0.400447132282294
2015-04-30,-0.007986856822713826,0.0061514285394702935,0.004667178278341171,0.09765090073934202,0.07408915829336,-0.008894404235246187,-1.9057348369403782
2015-05-01,0.0029210616513434626,0.0062767078636837064,0.005834083710026381,0.09963964835706356,0.09261320774797721,0.002013514238811102,0.3451294734339691
2015-05-04,0.002320585253015132,0.006127413318842145,0.005512403276301159,0.09726967093056745,0.08750668917234322,0.0014130378404827709,0.2563378928674689
2015-05-05,-0.010164493591967378,0.0059678797990676165,0.005205772549595311,0.0947371548159542,0.0826390772891751,-0.01107204100449974,-2.126877595787481
2015-05-06,-0.007157986658927843,0.006299021331700738,0.006787998291356441,0.09999386368062631,0.10775613227316302,-0.008065534071460205,-1.1882050827458994
2015-05-07,-0.0017100664126094194,0.006353834742385972,0.007137227642541916,0.10086399959973259,0.11329997635573028,-0.0026176138251417804,-0.3667549861432639
2015-05-08,0.0037329629837381155,0.0061744961418459116,0.0066634161258530234,0.09801708757471246,0.10577845170686744,0.002825415571205755,0.4240190793793561
2015-05-11,0.002397191608968359,0.0060558268805843,0.006275052406737033,0.09613327145331661,0.09961336879274112,0.0014896441964359984,0.2373915148241127
2015-05-12,-0.004701146455466635,0.0059006311960465236,0.005858892864378025,0.09366961633829228,0.0930070408638908,-0.005608693867998996,-0.9572958573964999
2015-05-13,-0.001191761273197552,0.005835618928682438,0.00596051744484816,0.09263757858860942,0.0946202810659823,-0.002099308685729913,-0.35220242288602033
2015-05-14,0.0016084638036029848,0.005665368397543673,0.0056251184486542614,0.08993493519279043,0.08929598706252377,7.009163910706237e-4,0.12460473454355599
2015-05-15,-0.0017024372979509057,0.005506890636606417,0.005275790856577529,0.08741917873014449,0.08375058345415547,-0.0026099847104832665,-0.4947096618186256
2015-05-19,0.009132320825878965,0.005355389003586769,0.005091371728099302,0.08501416486500352,0.08082302054841552,0.008224773413346605,1.6154336891085845
2015-05-20,-0.0059316380411130005,0.005653612731427646,0.005940718980605197,0.08974831977855693,0.094305990189615,-0.006839185453645362,-1.1512386759874367
2015-05-21,0.00985252495657385,0.005670678662469762,0.00624849366933506,0.09001923303513223,0.09919176190693219,0.008944977544041489,1.4315414270065792
2015-05-22,-0.0024015685736427463,0.006004293096160871,0.006928015092303021,0.09531519798710217,0.10997883008121594,-0.0033091159861751073,-0.4776427219177847
2015-05-25,4.639807243173218e-4,0.005851025153455015,0.006540862152655207,0.09288214482495304,0.10383296769528165,-4.435666882150392e-4,-0.06781471277987064
2015-05-26,-0.00839942645395277,0.005673917721674661,0.006057037459669813,0.0900706515059601,0.09615248880053247,-0.009306973866485132,-1.536555441245774
2015-05-27,0.003321536375645621,0.005873224298365886,0.00687732509423534,0.09323454532546771,0.10917415130814337,0.00241398896311326,0.3510069583793117
2015-05-28,-0.002031844876111577,0.005752133002031919,0.006426948742820288,0.0913122805892631,0.1020246483747702,-0.0029393922886439385,-0.45735424480047554
2015-05-29,-0.010173626546323828,0.005599063818596437,0.006084354607435025,0.08888238263271502,0.09658613507761861,-0.01108117395885619,-1.8212570886836703
2015-06-01,0.0013669176928833848,0.005973165436540048,0.007351398254905459,0.09482106170958918,0.11669982942644437,4.593702803510238e-4,0.062487470331850696
2015-06-02,0.003946768799556799,0.005800869835730424,0.006759593042234037,0.09208595383919284,0.10730521292252274,0.0030392213870244376,0.4496160298460777
2015-06-03,0.008912374341481472,0.005706636876256557,0.006374400446118616,0.09059005198275195,0.10119047002541423,0.008004826928949112,1.2557772290291656
2015-06-04,-0.007871274829605849,0.005947906115211131,0.006812718903308288,0.09442008241445367,0.10814855982205454,-0.008778822242138211,-1.288593051722004
2015-06-05,-9.89721966039618e-4,0.006080489287272464,0.007304879358928795,0.09652477502229193,0.11596136484632716,-0.0018972693785719791,-0.2597263124206064
2015-06-08,-0.01444906511676197,0.005900235753635677,0.006764178587150857,0.09366333888463059,0.10737800619137645,-0.015356612529294331,-2.2702849032498267
2015-06-09,0.00471392463215764,0.006726852458355065,0.00901530752348411,0.10678547226618587,0.1431135701994513,0.0038063772196252786,0.4222126876659492
2015-06-10,0.0023979116200813313,0.006623350850056842,0.008367844702369356,0.10514243517107197,0.1328354165524717,0.0014903642075489703,0.17810610265352722
2015-06-11,-0.0012186793790998813,0.006448383417743941,0.007669777542587551,0.1023649132904592,0.1217539439332486,-0.0021262267916322426,-0.27722144218995404
2015-06-12,-0.0036068423074505636,0.006259062273683137,0.007091365661633678,0.09935953329979247,0.11257193997903434,-0.004514389719982925,-0.6366037143461755
2015-06-15,0.004176424157434281,0.0061323623179768035,0.006804626165489871,0.09734823385626132,0.10802009159189548,0.0032688767449019196,0.4803903499475478
2015-06-16,0.0018238719067456368,0.006032915271042131,0.006432794259690111,0.09576956092740786,0.10211744307830331,9.163244942132759e-4,0.14244579528296902
2015-06-17,-0.006706447050756662,0.005866165117983972,0.005973444073859269,0.09312248431096479,0.09482548493990503,-0.007613994463289023,-1.2746406209123244
2015-06-18,-0.0023897993951796552,0.005919946412142677,0.006431295682608948,0.09397623588815165,0.10209365390464,-0.0032973468077120162,-0.5127033447752164
2015-06-19,-0.010790725014214112,0.005769375014699128,0.0061207842832196714,0.09158598905498107,0.09716443825243191,-0.011698272426746472,-1.911237495955815
2015-06-22,0.008246025347998972,0.00618667370697402,0.007544325148762605,0.09821040042813207,0.11976244892061735,0.007338477935466611,0.9727149600213405
2015-06-23,0.009888855023591046,0.006329158846605159,0.007589432722254022,0.10047228189804991,0.12047850945084052,0.008981307611058684,1.1833964328747988
2015-06-24,0.004446854928110071,0.006597129968697209,0.007933998411910718,0.10472619158366485,0.12594832020178298,0.0035393075155777096,0.4460938018672164
2015-06-25,0.0012147813718598743,0.006488240710666434,0.00741739020307238,0.10299762820049022,0.1177474191267384,3.0723395932751333e-4,0.04142076268284403
2015-06-26,0.001161669156482766,0.006297616461428989,0.006815449762482359,0.09997156205644617,0.10819191086749533,2.5412174395040497e-4,0.037286129720930906
2015-06-29,-0.024365660205839464,0.006112392594008757,0.006292531523329433,0.09703122431604097,0.09989084116658468,-0.02527320761837183,-4.016381566730643
2015-06-30,-0.0018305772077953177,0.008410754215044051,0.01218743844598273,0.13351658394896898,0.19346958748186682,-0.0027381246203276787,-0.22466777021796813
2015-07-02,-0.0025041849567026078,0.008166847620272486,0.011069643820568862,0.12964468679160399,0.17572514790772867,-0.0034117323692349688,-0.3082061559104114
2015-07-03,0.006234955083370704,0.007941776412580996,0.010124050458493978,0.1260717921346081,0.16071431864306707,0.0053274076708383425,0.5262130698260892
2015-07-06,-0.0028216660172338446,0.007849839726114236,0.009459086989155626,0.12461234248208188,0.15015835081819506,-0.003729213429766206,-0.3942466576363622
2015-07-07,0.003440024031044745,0.007642021502777199,0.00874476470563325,0.12131333046093941,0.1388188361092832,0.0025324766185123838,0.28959917204873437
2015-07-08,-0.011509160120665033,0.007456975862239629,0.008045681050377123,0.11837582198458503,0.12772122712465683,-0.012416707533197393,-1.5432761323064612
2015-07-09,-0.005439965172795564,0.007760009385974309,0.009045470307259757,0.12318633004089034,0.14359238954776998,-0.0063475125853279255,-0.7017338369054739
2015-07-10,0.011306169975716207,0.007640698541040506,0.008664803231814015,0.12129232909444335,0.13754948706413178,0.010398622563183847,1.200099100347008
2015-07-13,0.0012388517841538382,0.007908680453434834,0.009046700171774327,0.1255464100707967,0.1436119130416811,3.3130437162147723e-4,0.03662157088560818
2015-07-14,-0.002331315599773583,0.007673752546717658,0.008240034968809007,0.1218170451675809,0.13080649993166704,-0.003238863012305944,-0.3930642314706196
2015-07-15,0.00676013679314787,0.00746186246220776,0.0076557136486162004,0.118453394354219,0.12153068653776836,0.00585258938061551,0.7644733919317094
2015-07-16,0.008286952963298769,0.007421630204229744,0.007445912977750686,0.11781472705846446,0.11820020413774036,0.007379405550766408,0.991067928515548
2015-07-17,-0.007224109080617157,0.007476374426150063,0.007518513898813162,0.11868376463997785,0.11935270803025362,-0.008131656493149519,-1.0815510355621134
2015-07-20,-0.007971393257889443,0.007461479022748142,0.007712777724958703,0.11844730744150103,0.12243655066655555,-0.008878940670421805,-1.1511988270697047
2015-07-21,-0.00448669108871369,0.007493052494331762,0.008008101929763985,0.11894852076452436,0.12712467707887165,-0.005394238501246052,-0.6735976325672256
2015-07-22,-0.0025638265913882075,0.007347442368428304,0.007676640686991739,0.11663703167544424,0.12186289297308105,-0.003471374003920569,-0.45219962031086064
2015-07-23,-0.0042549004887486395,0.007151238158764912,0.007191702862709639,0.11352238640572437,0.11416474366680598,-0.005162447901281001,-0.7178338704800062
2015-07-24,-0.007194207914417049,0.007011279873270076,0.006969369158517543,0.11130061750167049,0.11063530553064548,-0.00810175532694941,-1.1624804401482927
2015-07-27,-0.016050102375488224,0.007022389933960829,0.007282834599134079,0.1114769842475019,0.11561141513355332,-0.016957649788020585,-2.3284408779566172
2015-07-28,0.005598388806370758,0.007862027088311123,0.009816754856339689,0.12480581085914688,0.15583615218936253,0.004690841393838396,0.4778403314012713
2015-07-29,0.025573887949658605,0.007744888583752219,0.009134171797606819,0.1229462947470697,0.1450004820540447,0.024666340537126245,2.7004463112450874
2015-07-30,0.003617508597000163,0.009778840724541585,0.013347262172242906,0.15523428400588626,0.2118812183480069,0.0027099611844678016,0.20303498571440837
2015-07-31,0.004287611125021906,0.009522256269811163,0.012090721534850697,0.15116113206087542,0.19193425411528867,0.003380063712489545,0.27955847818897633
2015-08-04,-0.0013550756104101689,0.009291715619273182,0.011016508147786071,0.14750141269038813,0.17488164525215247,-0.00226262302294253,-0.2053847727963817
2015-08-05,0.00777821306214114,0.009014765343317275,0.01001948449284237,0.14310496335612788,0.1590543853987742,0.006870665649608779,0.685730453948702
2015-08-06,-0.008457341237160501,0.008945393811888526,0.009547925907606123,0.14200372443475887,0.15156862492797882,-0.009364888649692864,-0.9808296315153171
2015-08-07,-0.005346688042695021,0.008916863993069181,0.009541539694538094,0.14155082760148457,0.15146724693839397,-0.006254235455227381,-0.6554744470441727
2015-08-10,0.012094900187200977,0.008743858418581234,0.009068595722411966,0.13880444924834676,0.14395949413251719,0.011187352774668615,1.2336367302183722
2015-08-11,-0.008626109240416327,0.008980253508328345,0.009519315880020425,0.14255710496011265,0.1511144548200121,-0.00953365665294869,-1.0015064919694874
2015-08-12,-0.006820223072739107,0.008959399618672486,0.009548626345761837,0.14222605972472596,0.15157974403899163,-0.007727770485271468,-0.809307035948835
2015-08-13,-0.008868641507001248,0.008845649642686507,0.0092756989141067,0.1404203348361351,0.14724715537822922,-0.009776188919533609,-1.0539571206505798
2015-08-14,0.00517980509079824,0.008847030839545699,0.0093997236109872,0.1404422606565414,0.14921598640448505,0.004272257678265878,0.454508861651219
2015-08-17,-0.007968195450658853,0.008670846570089904,0.00873809759686905,0.13764542208513164,0.13871299903875983,-0.008875742863191214,-1.0157523150544217
2015-08-18,-1.6960749881224065e-6,0.008630300907379273,0.008809313790977859,0.13700177964348384,0.1398435210723543,-9.092434875204834e-4,-0.10321388352083605
2015-08-19,-0.009116634387028625,0.008367387184742739,0.008039774427077033,0.13282815368530893,0.12762746238661576,-0.010024181799560985,-1.246823762343468
2015-08-20,-0.019096587405636575,0.008414223645366122,0.008492701404186263,0.13357165944790858,0.13481745524763536,-0.020004134818168935,-2.3554501525637535
2015-08-21,-0.017700672667340746,0.009403828423224826,0.011480412670016567,0.14928114827864128,0.18224590123955323,-0.018608220079873106,-1.6208668289836183
2015-08-24,-0.027272881714417014,0.010095786172717044,0.013032632717742158,0.1602656370161633,0.20688663059753756,-0.028180429126949375,-2.162297498692306
2015-08-25,0.022169713187789444,0.011850654376827726,0.016748243817836482,0.1881233061267917,0.2658701282344218,0.021262165775257084,1.2695161359314213
2015-08-26,0.030001352252787914,0.012708324027156976,0.017540974322437883,0.20173838973770525,0.2784543348656421,0.029093804840255554,1.6586196584895312
2015-08-27,0.02674139298007009,0.014346298401476743,0.020001683327195256,0.2277404268277856,0.3175168793185537,0.02583384556753773,1.291583570489429
2015-08-28,-0.005213899320187251,0.015374440707408964,0.02102003900096499,0.24406167995107247,0.3336827744725917,-0.006121446732719612,-0.291219570641072
2015-08-31,-0.0015893862766997815,0.014960685352247696,0.019036530048604408,0.23749351731080495,0.3021955460052935,-0.0024969336892321425,-0.131165379554831
2015-09-01,-0.026999630408673963,0.014510146407277043,0.017125295371746334,0.2303414332847544,0.2718556360929974,-0.027907177821206327,-1.629588116024449
2015-09-02,2.9534823804607446e-4,0.01554511146204097,0.019401801647937967,0.24677099418804055,0.3079940528822821,-6.121991744862865e-4,-0.03155372813283819
2015-09-03,0.009528428739380423,0.015071718375160276,0.0174198286553693,0.23925611190645948,0.2765312070207831,0.008620881326848063,0.4948889852708658
2015-09-04,-0.011093281724221343,0.01479779545566914,0.016073421212176687,0.23490772036621363,0.2551576514724592,-0.012000829136753703,-0.7466256858659485
2015-09-08,0.013797000207914707,0.014602051886352463,0.015322872799726295,0.23180038753530124,0.2432430647949108,0.012889452795382346,0.8411903540446138
2015-09-09,-0.00328292733407709,0.014555004535157578,0.014829514968146253,0.23105353398866535,0.23541125201654953,-0.004190474746609451,-0.2825766557848032
2015-09-10,0.0018957128739205964,0.014134494129971543,0.013468647817661373,0.22437813825364183,0.2138081557310689,9.881654613882354e-4,0.07336782984944182
2015-09-11,-0.003626848349750855,0.013711765476757867,0.012151010628538456,0.2176675289228539,0.19289131380729238,-0.004534395762283216,-0.3731702572651457
2015-09-14,2.2834691626074277e-4,0.01332370081761662,0.01114309365404991,0.21150719343864918,0.17689112786710842,-6.792004962716182e-4,-0.060952596950018964
2015-09-15,0.00429186932899045,0.012917928309429737,0.010089502574141344,0.2050657545654727,0.16016588798114414,0.0033843219164580883,0.33543000674105156
2015-09-16,0.01987066264005018,0.012568440955000744,0.009267333713393585,0.19951781480838668,0.14711436193370495,0.01896311522751782,2.0462320462369274
2015-09-17,-0.0043904543030913725,0.013121675182013185,0.011641772096694229,0.20830013589705051,0.18480740272766355,-0.005298001715623734,-0.4550855034456603
2015-09-18,-0.017887959855908554,0.012767310732749365,0.01076231504227791,0.20267477465964392,0.17084645479918167,-0.018795507268440915,-1.7464186092495888
2015-09-21,0.0149806359819656,0.013130983071125264,0.012583142754852084,0.2084478940559797,0.19975119864577684,0.01407308856943324,1.1184080832275887
2015-09-22,-0.014914428298876403,0.013249246042502846,0.012826172424952764,0.21032526052541548,0.20360917505555565,-0.015821975711408764,-1.233569547266322
2015-09-23,-0.005830332891700244,0.013355013281237508,0.013372131373954382,0.21200426338871495,0.21227600468620653,-0.006737880304232605,-0.5038748211340741
2015-09-24,-0.005028347828923881,0.013026686603092549,0.012390896682417198,0.2067922389537579,0.19669938685662713,-0.005935895241456241,-0.47905292034912483
2015-09-25,0.008547818315835731,0.012689757560221473,0.011467515244557816,0.20144365621228658,0.18204116095765213,0.00764027090330337,0.6662533897157228
2015-09-28,-0.010375097723690533,0.012480066586304671,0.010864493733303051,0.19811491519733385,0.17246849123363747,-0.011282645136222893,-1.0384878866134442
2015-09-29,0.01130673370487878,0.012363878737890069,0.010937054819034692,0.19627049028369759,0.17362036275987802,0.01039918629234642,0.9508214473102781
2015-09-30,0.02199623912963248,0.012303011876078053,0.010837538055339935,0.19530425880706043,0.17204058311176817,0.02108869171710012,1.9458932101935436
2015-10-01,0.004399390000223731,0.013088633515398813,0.013267243200666867,0.2077756157004621,0.21061095655426285,0.0034918425876913706,0.26319277749546766
2015-10-02,-0.019509232395583498,0.012735574804650159,0.012056189938041998,0.20217098241938594,0.19138608201011006,-0.02041677980811586,-1.6934686590904582
2015-10-05,0.01526903673202325,0.013240082423778284,0.013904229215122592,0.21017979258788783,0.2207227960515191,0.01436148931949089,1.03288640436616
2015-10-06,0.010964961751123232,0.013370505023991,0.013926733981669673,0.21225018718091931,0.22108004814510196,0.010057414338590871,0.7221660406401395
2015-10-07,0.011556736377335192,0.013238504579180767,0.013252392042641791,0.21015474508141263,0.2103752017293688,0.010649188964802832,0.8035673054749122
2015-10-08,0.004492208026833236,0.013143668157144113,0.012773760919350412,0.2086492635537717,0.2027771681975819,0.0035846606143008753,0.28062687543107445
2015-10-09,-0.007427171350148049,0.012790678162044317,0.011627379804536703,0.2030457210998039,0.18457893217259355,-0.008334718762680412,-0.7168183118460119
2015-10-13,-0.005672995665264634,0.012533759748382172,0.011089465620150125,0.19896726772110437,0.1760398092211074,-0.006580543077796996,-0.5934048856096197
2015-10-14,-0.008298236744160673,0.012231124159840822,0.010417296039548371,0.19416307669015587,0.16536944792629843,-0.009205784156693035,-0.8837018859542883
2015-10-15,0.0015451223995981609,0.012031459525110146,0.010217028334598678,0.19099349887548436,0.16219029666869114,6.375749870657999e-4,0.062403173034837583
2015-10-16,0.005663579249586658,0.011671071133357308,0.00927225012890037,0.18527251051564916,0.14719240761034186,0.0047560318370542965,0.5129317879627058
2015-10-19,4.6232404366902674e-4,0.011400247151306588,0.0086737534616561,0.18097331308217862,0.13769156755816594,-4.4522336886333426e-4,-0.05132995430773135
2015-10-20,0.009719006995511351,0.011053529826055694,0.007913955778294733,0.17546934617507046,0.1256301532567829,0.00881145958297899,1.1134077356289762
2015-10-21,-6.4839365243106e-4,0.01097803425651881,0.008150403579591865,0.1742708911625798,0.12938364573846425,-0.0015559410649634208,-0.19090356075856252
2015-10-22,0.015301196206243595,0.010644784019827424,0.007482639197870195,0.16898070765874687,0.11878321480793019,0.014393648793711234,1.9236058846467083
2015-10-23,0.007377298940548688,0.010979997155717514,0.009182936089847781,0.17430205122135053,0.14577459119482267,0.006469751528016328,0.7045406245578664
2015-10-26,-0.0019842163408282007,0.010797786331775788,0.008795608194381674,0.17140954406334666,0.13962595147137463,-0.0028917637533605618,-0.3287735980790639
2015-10-27,0.00685142890072395,0.010480118565928325,0.00811141616655925,0.16636672461550334,0.12876473974358793,0.005943881488191589,0.7327797472279
2015-10-28,0.011715870051860292,0.010298516239024978,0.007834451126836828,0.16348387704852188,0.1243680560418,0.01080832263932793,1.3795890055787234
2015-10-29,-0.0013672428519904318,0.01038901184840301,0.008511570844244391,0.164920450311467,0.13511699832227245,-0.0022747902645227926,-0.2672585714376129
2015-10-30,-0.021400400397970955,0.010078086839081204,0.007829051980205138,0.15998466880513135,0.12428234724612344,-0.022307947810503315,-2.849380469935109
2015-11-02,7.574697120072785e-4,0.011088389987167055,0.011857644046562098,0.1760227340768563,0.18823426369397347,-1.500777005250825e-4,-0.012656620483442047
2015-11-03,0.0014508681148712177,0.010752193942583659,0.010717201173681476,0.1706857873224688,0.17013029433726443,5.433207023388567e-4,0.05069613731550586
2015-11-04,0.0026167447036414084,0.010430694857074563,0.009712126787289992,0.16558214756051826,0.15417523308418815,0.0017091972911090472,0.17598589150893598
2015-11-05,0.003929145560250535,0.010133226172348062,0.00885330340101316,0.16085997858482345,0.140541834482899,0.003021598147718174,0.3412961253956785
2015-11-06,0.003925662507578013,0.009871556482661706,0.00816986239387734,0.1567061010375022,0.1296925448389096,0.0030181150950456524,0.3694205544156397
2015-11-09,-0.007655054836991618,0.009619013427288775,0.007579045626756768,0.15269710431838307,0.12031361942166044,-0.00856260224952398,-1.129773149708309
2015-11-10,0.0012174183183267608,0.009512617201850444,0.007842601057823867,0.15100811660070834,0.12449743218536424,3.098709057943999e-4,0.03951124167985942
2015-11-11,5.733668921296491e-4,0.009227644299002448,0.007185957517851167,0.14648431201274054,0.11407353914465507,-3.341805204027119e-4,-0.046504661288707796
2015-11-12,-0.014402043484309585,0.008947635392993897,0.006614498499074006,0.14203930843164922,0.10500190845575891,-0.015309590896841948,-2.3145505133889146
2015-11-13,-0.014043414567118346,0.009364918567175919,0.00891159608257024,0.1486634734627129,0.1414672021148297,-0.014950961979650708,-1.677697445117892
2015-11-16,0.016620041073096073,0.009709410247068728,0.010294870435721056,0.15413210934507635,0.16342600171529448,0.015712493660563712,1.5262449157246927
2015-11-17,0.0045783619105836575,0.010256209554285358,0.01146329290318773,0.162812279248822,0.18197413336635812,0.003670814498051297,0.3202233886068209
2015-11-18,0.0023921011968656334,0.010006804096372947,0.01048409365709582,0.15885309034527145,0.16642982723151137,0.0014845537843332724,0.1416005839788068
2015-11-19,0.004143621334658657,0.009719634222436458,0.009524514236671446,0.15429440992247714,0.15119697617356104,0.003236073922126296,0.3397626211389038
2015-11-20,-0.0019060844481506762,0.009478037134279587,0.00876632748758073,0.15045917504603457,0.13916113466092966,-0.002813631860683037,-0.3209590178634227
2015-11-23,-0.004425246661930671,0.009201151347470855,0.008081096423200871,0.14606374944524844,0.12828342873913848,-0.005332794074463032,-0.6599097195712887
2015-11-24,-8.27436781487519e-4,0.008986461118430135,0.007729916738662532,0.14265564771550499,0.12270862407441911,-0.0017349841940198802,-0.2244505668918855
2015-11-25,4.053439314137266e-4,0.008715054418918719,0.007124409665165706,0.13834719992912073,0.11309649727304046,-5.022034811186344e-4,-0.07049053952836577
2015-11-26,0.0037302946882578807,0.008450142089657182,0.006562975069162614,0.13414184707435542,0.10418399936232726,0.00282274727572552,0.43010178249628506
2015-11-27,0.001234367958656927,0.008243513399209512,0.006189632325745767,0.13086171830242252,0.0982573670450978,3.26820546124566e-4,0.052801285912437226
2015-11-30,0.004271826291203595,0.007998099913642708,0.005753001816750874,0.12696589999527472,0.09132607259535358,0.003364278878671234,0.5847866880339835
2015-12-01,0.00904454980864581,0.007824725943228165,0.005562092966800802,0.1242136735381022,0.08829548855505817,0.00813700239611345,1.4629389412729792
2015-12-02,-0.001685664509805303,0.007903226480108914,0.0062485125941904,0.1254598309283313,0.09919206232969716,-0.002593211922337664,-0.4150126743360846
2015-12-03,-0.011925805204178075,0.007673579175229645,0.005904922342314834,0.12181429298053065,0.09373773617348441,-0.012833352616710435,-2.173331311192068
2015-12-04,0.0021247550900970373,0.007992764109060585,0.007734989298745538,0.1268811967234623,0.12278914846935952,0.0012172076775646766,0.15736384764773798
2015-12-07,-0.01707666112248007,0.007766730101431065,0.007109576863649249,0.12329301809127638,0.11286103384868688,-0.01798420853501243,-2.529575090040082
2015-12-08,-0.01376378934749217,0.008613913859906439,0.010039982976226176,0.13674164332946945,0.15937978873449946,-0.014671336760024531,-1.46129099967251
2015-12-09,0.003572334247704385,0.009006334165400665,0.0110270683549034,0.14297112255596775,0.17504928334310718,0.0026647868351720237,0.2416586847389111
2015-12-10,-0.0023564513051204288,0.00877569975053675,0.01004645081306697,0.13930991472295084,0.15948246246130715,-0.00326399871765279,-0.3248907279183065
2015-12-11,-0.019044024139820516,0.00852791319785097,0.009222100566794192,0.13537642514315537,0.14639630799219144,-0.019951571552352877,-2.1634519606294527
2015-12-14,-0.004628743139907465,0.009493275337087824,0.011906020355853735,0.15070107401638352,0.18900221379637036,-0.005536290552439827,-0.4649992513844346
2015-12-15,0.014977895050095351,0.009273643071173742,0.01101201254047089,0.1472145198834179,0.17481027969846344,0.01407034763756299,1.2777271716547938
2015-12-16,0.013911259334150454,0.009710853148448764,0.011612957617004071,0.15415501469438414,0.18434998704315628,0.013003711921618094,1.119758837540028
2015-12-17,-0.0010923605814862625,0.010012692790364255,0.011855663677225207,0.15894657046435923,0.18820282630535662,-0.0019999079940186235,-0.16868798309962665
2015-12-18,-0.01005274431385241,0.009711352686302702,0.010748644323222114,0.15416294461197605,0.17062943886199128,-0.010960291726384772,-1.0196906136995714
2015-12-21,9.802636642300966e-4,0.009732173900638783,0.010785775734945695,0.1544934711427419,0.17121888174948735,7.27162516977356e-5,0.006741865720620949
2015-12-22,-9.84689155768918e-4,0.009438747338149422,0.009769968773547025,0.1498354688682975,0.15509344615003293,-0.0018922365683012787,-0.19367887576311002
2015-12-23,0.0097511917094976,0.009154383157735247,0.008910665106783488,0.14532132744939383,0.14145242333237948,0.00884364429696524,0.9924785850421843
2015-12-24,0.005474288166111803,0.009191284541566083,0.00894074340346452,0.145907118757297,0.14192990148965007,0.004566740753579442,0.5107786397057138
2015-12-29,0.00472569978494954,0.009011603558087077,0.0083720396216233409,0.14305477157161928,0.13290200883116793,0.0038181523724171796,0.45605999791922136
2015-12-30,-0.005758024626142388,0.008813421190110473,0.007816354192594565,0.13990872401219537,0.12408077611681367,-0.00666557203867475,-0.8527725170118188
2015-12-31,-0.015282969976594264,0.008660548501425688,0.007697518636540827,0.13748194531311295,0.12219432014743209,-0.016190517389126625,-2.1033424085871975
2016-01-04,-0.009172108249233238,0.009193418548241065,0.009837646788793343,0.14594099506304595,0.15616780133544209,-0.010079655661765599,-1.0246002807549406
2016-01-05,0.0016562164831889028,0.009192141323494402,0.009900547166694092,0.1459207197487579,0.15716631387922628,7.486690706565419e-4,0.07561895903845597
2016-01-06,-0.01597447840046904,0.0089213405700477,0.008995126986180388,0.14162189105794454,0.14279321410127546,-0.0168820258130014,-1.8767968299878373
2016-01-07,-0.018058520225160947,0.009493468076672265,0.01087164733869112,0.1507041336624329,0.1725820511986434,-0.018966067637693308,-1.7445440462546047
2016-01-08,-4.2623188609473367e-4,0.01021200220910574,0.012703551640794957,0.16211050940001603,0.20166263045285995,-0.0013337792986270946,-0.10499263011958992
2016-01-11,-7.18890838702154e-4,0.009901453943179109,0.01147966187101835,0.15718070850967072,0.18223398267494995,-0.001626438251234515,-0.14167997886249895
2016-01-12,0.0040017201540191545,0.00960143067567753,0.010405591759990736,0.15241798678961763,0.16518364824839035,0.0030941727414867935,0.2973567301942229
2016-01-13,-0.024992656987215884,0.009360397887382564,0.009525004834472538,0.14859170989577186,0.1512047641722137,-0.025900204399748245,-2.719180184141346
2016-01-14,0.006317289446105026,0.010947054393321836,0.013969858625601067,0.17377910108055983,0.22176463064442603,0.005409742033572665,0.3872438639900628
2016-01-15,-0.029778115177133913,0.01072577310284337,0.012794892238179378,0.170266369494175,0.20311261748455947,-0.030685662589666273,-2.398274406571526
2016-01-18,-2.0560133380335488e-4,0.012702119694941345,0.017378568830746777,0.20163989901714255,0.2758762276102471,-0.0011131487463357159,-0.06405295839817914
2016-01-19,0.012502071212049787,0.012315264933181401,0.015624171351101755,0.19549877005843483,0.2480260310188517,0.011594523799517427,0.7420888787615496
2016-01-20,-0.022750449949557956,0.012326553144632546,0.014889217638969818,0.19567796485991348,0.23635900253418254,-0.023657997362090316,-1.5889348880339966
2016-01-21,0.01478345927093938,0.0131864421303187,0.01673161884634831,0.20932827932740833,0.26560621499375436,0.01387591185840702,0.8293227323568543
2016-01-22,0.03950027178058916,0.013287677026997636,0.016147588448891095,0.21093533349109103,0.2563350198551103,0.0385927243680568,2.3899992553195815
2016-01-25,-0.029044948739031975,0.01611163887913943,0.021856910818170337,0.25576433812729427,0.34696770271797606,-0.029952496151564336,-1.3703901892056898
2016-01-26,0.011433326457484442,0.017164683386671285,0.0233470872716504,0.2724809014457649,0.37062352055105074,0.01052577904495208,0.45083906709567095
2016-01-27,0.014806482941973991,0.016875782401174586,0.021402393439896753,0.26789474047889045,0.3397524630211622,0.013898935529441629,0.6494103366744145
2016-01-28,0.029195957044380456,0.016758831283217344,0.02008112940737315,0.2660381990368954,0.3187780467432913,0.02828840963184809,1.408706107011167
2016-01-29,0.01580575714928963,0.017752497145044753,0.021637633070013963,0.2818121555770354,0.3434867763799439,0.014898209736757269,0.6885323218371618
2016-02-01,-0.013818289773837608,0.01764175170257965,0.020408358853013602,0.2800541261794565,0.3239726531522243,-0.01472583718636997,-0.7215591068556441
2016-02-02,-0.013735395900898319,0.017436003753262052,0.019345966014408605,0.2767879787395212,0.3071076896785955,-0.014642943313430681,-0.7568990508163211
2016-02-03,0.0025411590146621754,0.017236387072237822,0.01844088230876504,0.27361916216633986,0.2927399312736175,0.0016336116021298144,0.088586412232203815
2016-02-04,0.015087915861707324,0.016722885704747094,0.016576812887692124,0.26546758066870757,0.2631487465853031,0.014180368449174963,0.855433945309447
2016-02-05,-0.0027244607696897774,0.016629321219442186,0.016067131160400108,0.2639822905107203,0.25505779999605194,-0.0036320081822221384,-0.22605206529799018
2016-02-08,-0.02246084962599424,0.016136530790580774,0.014532411610537652,0.2561594849712793,0.23069488242906164,-0.0233683970385266,-1.6080192100794788
2016-02-09,-0.023529703010695825,0.016584141652594846,0.016404721425788592,0.26326508712140223,0.2604168793195773,-0.024437250423228186,-1.4896473880264907
2016-02-10,-0.017854911399905193,0.017080706792121463,0.018015982055584374,0.2711478143349913,0.285994848862071,-0.018762458812437554,-1.04143414189413
2016-02-11,-0.0160497859615261,0.017128145945000197,0.018027612046944263,0.27190088754053954,0.2861794692513996,-0.01695733337405846,-0.9406311457058886
2016-02-12,0.03696316821261758,0.01706536604550518,0.017713796695703495,0.2709042875321549,0.28119780498953484,0.03605562080008522,2.035454138910297
2016-02-16,0.020624890013247743,0.018860796998799178,0.022049781101394286,0.29940587032377614,0.35002942354620703,0.019717342600715383,0.8942194260363239
2016-02-17,0.019798490759654598,0.018971269037880184,0.021465803536535318,0.30115955957718343,0.34075906709905945,0.018890943347122238,0.8800482737564141
2016-02-18,0.0027233776292314715,0.01902191683702726,0.020850643509856204,0.3019635684631589,0.3309937044164547,0.0018158302166991105,0.08708749040962492
2016-02-19,-0.004222805031945794,0.018454493438948092,0.01872423236850404,0.2929560012667788,0.29723797402588564,-0.005130352444478154,-0.273995341625214
2016-02-22,-0.006768997579085278,0.017922169325814245,0.01695425107330077,0.2845056179453678,0.2691403920318225,-0.007676544991617639,-0.4527799522626225
2016-02-23,-0.009782743322793625,0.017455115692429753,0.015582157583768822,0.2770913713681808,0.2473590831388285,-0.010690290735325987,-0.6860597242619048
2016-02-24,-0.020332441188292083,0.017092171424986372,0.0147319612089177,0.2713298097395906,0.2338626340982802,-0.021239988600824447,-1.4417624578027832
2016-02-25,0.005591151238832119,0.017303706957192,0.016024171154911514,0.2746878322096093,0.2543758310509832,0.004683603826299758,0.2922836870014461
2016-02-26,0.007821467961638443,0.016832374648969823,0.014548382910886982,0.2672056637750537,0.23094841896209353,0.006913920549106081,0.4752363607320365
2016-02-29,0.007634003591600713,0.016431665399720786,0.013424593707841138,0.26084460164571566,0.21310881841818088,0.006726456179068352,0.5010547302552264
2016-03-01,0.02451799231015398,0.016040459182644143,0.012435056578157916,0.25463439547535277,0.197400403468942,0.02361044489762162,1.8987002390558636
2016-03-02,8.731671913162857e-4,0.01667112676929531,0.015031147532763777,0.26464593304072237,0.23861206974969032,-3.438022121607528e-5,-0.0022872652364788405
2016-03-03,0.010443648169267461,0.016164672126247386,0.013530415519639367,0.25660621482568957,0.21478868760200723,0.0095361007567351,0.7047899410696937
2016-03-04,0.0072961463230475174,0.015879641516014807,0.012848994900064524,0.2520814941613913,0.2039714706162477,0.006388598910515156,0.49720612080584414
2016-03-07,0.012263475537113266,0.015499266397689657,0.011905748525656314,0.2460432263533606,0.18899789862576308,0.011355928124580906,0.9538189136205445
2016-03-08,0.010151568782379956,0.015324398626684218,0.011784345811841663,0.2432672865469571,0.1870706902903116,0.009244021369847595,0.7844322898737928
2016-03-09,0.0073556447781636764,0.015064203350922787,0.011348024502597363,0.2391368145950854,0.18014430423444044,0.006448097365631316,0.5682132043471937
2016-03-10,-0.0012543373651516623,0.014716002848879438,0.010623031624871857,0.23360930298631816,0.16863539909391195,-0.0021618847776840233,-0.20350921036725253
2016-03-11,0.010692583031926585,0.014271001968708119,0.009669708670524276,0.22654513301348916,0.15350186635591345,0.009785035619394224,1.0119266208320727
2016-03-14,0.0011218938945513623,0.014081963189594602,0.009713566154350414,0.22354423542739935,0.15419808232791146,2.1434648201900137e-4,0.022066713564616224
2016-03-15,0.004259405282521777,0.013655735234374949,0.008825429510673052,0.21677807639939067,0.14009935019142813,0.0033518578699894153,0.37979543839037394
2016-03-16,1.221773733178777e-4,0.013280772210436971,0.008168830886660311,0.2108257229262828,0.12967617016947866,-7.853700392144833e-4,-0.09614228157140473
2016-03-17,0.02011700825052635,0.012876221165925081,0.007477104051270374,0.2044036741878235,0.11869534707968973,0.019209460837993988,2.569104389383248
2016-03-18,-0.005666600468097064,0.013421284904214377,0.010641954024110434,0.21305629278897953,0.16893578286947566,-0.006574147880629425,-0.6177575909212746
2016-03-21,0.0030138084942070344,0.013086239216183902,0.010036452571381917,0.20773760737874053,0.15932374529502774,0.0021062610816746734,0.20986111045654676
2016-03-22,-0.002929304465451236,0.012709038512499021,0.00915274722835962,0.20174973184088796,0.1452953578756516,-0.003836851877983597,-0.41920221134209645
2016-03-23,-0.0036917763502795626,0.012342744014056644,0.008488743429340017,0.19593498694394998,0.13475462434480368,-0.004599323762811924,-0.5418144394510828
2016-03-24,-0.013440062508104273,0.012000853418235232,0.007990398004256959,0.19050764199113904,0.12684363597414441,-0.014347609920636635,-1.7956064157245752
2016-03-28,0.009687005752474977,0.01209203748808757,0.009506320021831704,0.19195514422529922,0.15090815196696478,0.008779458339942614,0.9235391107999923
2016-03-29,0.0024372979769929914,0.011961380071021288,0.009407669178427806,0.18988102203027865,0.14934211837732386,0.0015297505644606304,0.16260675576990047
2016-03-30,0.007712486381831787,0.011612345228115592,0.008580395168941124,0.18434026567092882,0.13620955060606957,0.006804938969299425,0.7930799031181682
2016-03-31,-0.005070706548643203,0.011415985054585482,0.00834286132745514,0.18122314455157987,0.13243881777086705,-0.005978253961175565,-0.7165711770255611
2016-04-01,0.0020781742746963463,0.011137681795359173,0.008030972352870208,0.17680521727375054,0.127487733790379,0.0011706268621639853,0.14576402591469664
2016-04-04,-0.0026402864295511823,0.01081037496700069,0.007365915446953018,0.17160938245225146,0.1169302827058012,-0.0035478338420835433,-0.48165552097820225
2016-04-05,-0.005617033882372427,0.010500981918722183,0.00693397956169262,0.16669792007354867,0.11007351309745995,-0.006524581294904789,-0.940957676159072
2016-04-06,-0.001988177121400462,0.010273628772738169,0.006965174897372285,0.16308880076917748,0.1105687236991014,-0.002895724533932823,-0.4157432622438925
2016-04-07,-0.011624563948079349,0.009972550935763385,0.006537283853442014,0.15830933827772634,0.10377616395627352,-0.012532111360611711,-1.9170211423530732
2016-04-08,0.011227265522971078,0.010079310247005528,0.008046808690260128,0.16000408980384984,0.12773912785285005,0.010319718110438716,1.2824609739920525
2016-04-11,0.0016061259957655394,0.010151848837500728,0.008561165231043211,0.16115560422928255,0.135904284805639,6.985785832331784e-4,0.08159853996277255
2016-04-12,0.01076064604295838,0.009850442181605525,0.007818653245677423,0.15637092189929258,0.12411727245306275,0.009853098630426018,1.2602040685041696
2016-04-13,0.01298245052556135,0.00990741281558785,0.00828935494858117,0.1572753026765981,0.13158943033853032,0.012074903113028987,1.4566758436488187
2016-04-14,0.0063407000174002795,0.010118303231050393,0.009137993325447166,0.16062308423580396,0.14506114692780792,0.005433152604867918,0.5945673641211647
2016-04-15,4.076357023132249e-4,0.009932246737853189,0.008630992357063511,0.15766952897095246,0.13701275606693547,-4.999117102191361e-4,-0.05792053677466343
2016-04-18,6.197538185730433e-4,0.009630188147582975,0.007877080305629693,0.15287449750359802,0.12504477327588498,-2.8779359395931766e-4,-0.03653556683351744
2016-04-19,0.009786015059105405,0.009338047869877027,0.007215879738264672,0.14823691436706632,0.11454853966798903,0.008878467646573044,1.230406820597623
2016-04-20,0.008436209957187486,0.00936553016028085,0.00762875670098199,0.14867318220226816,0.12110275826049528,0.007528662544655125,0.9868793618344152
2016-04-21,-0.004086688858768672,0.009312386599505382,0.007689615484670116,0.14782955432869013,0.12206886150089123,-0.004994236271301034,-0.6494780241297444
2016-04-22,5.201553576001198e-4,0.009084017452516897,0.007361356092563006,0.14420430650838123,0.11685790519867131,-3.873920549322412e-4,-0.05262509380895372
2016-04-25,-0.0038338725736772883,0.008808203244063803,0.006767444345984102,0.13982589168663112,0.10742984850566453,-0.00474141998620965,-0.7006219399533409
2016-04-26,0.004406795391671195,0.008591349862511921,0.006564341139023849,0.13638345097533303,0.10420568504908546,0.0034992479791388343,0.5330691847101643
2016-04-27,0.002539667584251134,0.008399274114465003,0.006252365678305117,0.13333434300201996,0.09925322814378608,0.001632120171718773,0.26104042144911876
2016-04-28,-0.0020180540475582633,0.008167125075400542,0.005846289524487156,0.12964909125521687,0.09280696904565046,-0.0029256014600906243,-0.5004202148793275
2016-04-29,0.0019364484533728001,0.007933736106383557,0.005595320854455572,0.12594415623062866,0.08882296491901726,0.0010289010408404391,0.18388597680169172
2016-05-02,-0.005213072849716966,0.007706653517976805,0.005260068790462544,0.12233933189464603,0.08350100339193726,-0.0061206202622493275,-1.1636008018273676
2016-05-03,-0.017635838499804452,0.007580206174739772,0.005592903061340344,0.12033204254974594,0.08878458364319027,-0.018543385912336813,-3.3155207070391945
2016-05-04,-0.006104556898992697,0.008524864930773994,0.009437098429118183,0.13532803540346308,0.14980929324891015,-0.007012104311525058,-0.7430360469579504
2016-05-05,-0.00413669003683779,0.00839933685826722,0.009080529128131912,0.13333533902900183,0.14414893107549126,-0.005044237449370151,-0.5555003874986606
2016-05-06,-4.0697316453706467e-4,0.00820625738974716,0.008539735617283953,0.1302702974871422,0.135564100233444,-0.0013145205770694257,-0.15392989150728612
2016-05-09,-0.005002734286894406,0.007956886222346797,0.007814122331786261,0.1263116529285949,0.12404534642485558,-0.005910281699426767,-0.7563589931763599
2016-05-10,0.011370894787309608,0.007811207145810823,0.00758434366621424,0.12399906928215651,0.1203977231907045,0.010463347374777245,1.3795982665432238
2016-05-11,0.0037667838674017755,0.008069194169563898,0.008249198691031965,0.1280944863201506,0.13095196951218077,0.002859236454869415,0.34660778118701463
2016-05-12,0.0056344278677978865,0.007877594843324938,0.007636492537315367,0.12505294130857567,0.12122556085522257,0.004726880455265525,0.618985801684195
2016-05-13,-0.0021375045039471,0.007761308982928711,0.007285127061205962,0.12320696050296613,0.11564780684074681,-0.003045051916479461,-0.4179819913772912
2016-05-16,0.00227112650950186,0.0075430615555650985,0.006822022180670492,0.11974239000046362,0.10829624477172403,0.0013635790969694992,0.1998790183991284
2016-05-17,-0.0024444513502900516,0.007334397856028212,0.006323696672142891,0.1164299564607358,0.10038557256658105,-0.0033519987628224126,-0.5300695046915542
2016-05-18,0.009557784691107091,0.007136127026624221,0.0060358869908296985,0.11328250461968695,0.09581673551655229,0.00865023727857473,1.4331343995865073
2016-05-19,-0.0072015161556903675,0.007304103319080537,0.006706742164018153,0.11594904559565136,0.1064662312405392,-0.008109063568222729,-1.2090912949849282
2016-05-20,0.006041533894456644,0.0072979887554377116,0.007084457783120113,0.1158519799070038,0.1124622808072307,0.005133986481924283,0.7246830511372163
2016-05-24,0.01040608193278706,0.007228762645840411,0.006877181494954357,0.11475304948564205,0.10917187174022779,0.0094985345202547,1.3811667653708972
2016-05-25,0.00987481165938427,0.007457673987109952,0.007511548870308506,0.11838690437333069,0.11924214163046684,0.00896726424685191,1.1937969654031708
2016-05-26,-2.7102700482358366e-4,0.007624342695513768,0.007871653896949207,0.12103268809596773,0.12495863170860036,-0.0011785744173559447,-0.1497238614381561
2016-05-27,0.0030006989951160317,0.007392372608611982,0.0072273513884477236,0.11735027712667873,0.11473064646906032,0.0020931515825836707,0.2896153058130516
2016-05-30,-0.0014333493325465554,0.007204761903424758,0.006707715836752128,0.11437204951136562,0.10648168781601397,-0.0023408967450789164,-0.34898567590668494
2016-05-31,-0.01089031908251007,0.006994093783935486,0.006277051749497774,0.11102779679133609,0.09964510737512411,-0.011797866495042433,-1.879523535230752
2016-06-01,0.002419893955106278,0.007286854600587889,0.0076736486193280705,0.1156752306782547,0.12181539537141738,0.0015123465425739171,0.19708311099425127
2016-06-02,0.008849499575295239,0.007089690273710124,0.00706645551487276,0.11254534402026263,0.11217650365832528,0.007941952162762878,1.12389473704992
2016-06-03,6.623012516981199e-4,0.007207406208234734,0.007325964590476567,0.1144140265488727,0.11629608252039686,-2.45246160834241e-4,-0.03347629623449863
2016-06-06,0.004066571090740748,0.006989722496090285,0.006735476120230506,0.1109584047480512,0.10692236865446463,0.003159023678208387,0.4690126758403943
2016-06-07,0.014202364343532392,0.006849603445760379,0.006364418706555578,0.10873408378135838,0.10103201482220056,0.013294816931000032,2.08892870566575
2016-06-08,-0.0030245637298217387,0.0074969642188761005,0.008154576621317378,0.11901061746657461,0.12944989072216267,-0.0039321111423541,-0.4821968478504362
2016-06-09,-0.0063579219492976655,0.0073062359183444945,0.007640712626774449,0.11598289955944291,0.12129255269853763,-0.007265469361830027,-0.950888970273597
2016-06-10,-0.00897880293788054,0.0072528345209054955,0.007653664233925533,0.11513517865572143,0.12149815308813987,-0.009886350350412902,-1.2917146674126092
2016-06-13,-0.0055523673267162295,0.007367803349996366,0.00817252794953776,0.11696025223751381,0.12973485922320924,-0.006459914739248591,-0.7904426609656275
2016-06-14,-0.010873569233557293,0.0072716697950203826,0.007957441420418055,0.11543417936282377,0.12632046642474448,-0.011781116646089653,-1.4805156612099466
2016-06-15,8.925728070267407e-4,0.00753648599706527,0.008828155758400555,0.1196380062453322,0.1401426280324241,-1.4974605505620325e-5,-0.0016962325898442641
2016-06-16,-0.0028214152306725304,0.007310164504706706,0.008047085165079555,0.11604526393455361,0.1277435167545459,-0.003728962643204892,-0.4633929636269764
2016-06-17,0.0017369964457970566,0.007121082629414833,0.007530565434621246,0.11304368221784146,0.1195440202302411,8.294490332646956e-4,0.11014432322058605
2016-06-20,0.0056230202931509075,0.006917243536642262,0.006921642927465968,0.10980783693614599,0.10987767510038422,0.004715472880618546,0.6812649727865828
2016-06-21,0.00754514894331911,0.006846492831336144,0.006688355824184889,0.10868470430821155,0.10617435714422196,0.006637601530786749,0.9924115440726682
2016-06-22,-5.784858617641404e-4,0.006890410190894091,0.006790085473498647,0.10938187077798514,0.10778926526249806,-0.0014860332742965016,-0.2188533973683266
2016-06-23,0.009684701058492506,0.006682003157466043,0.0063011202081171384,0.10607351168642111,0.10002718231080904,0.008777153645960146,1.3929513096184656
2016-06-24,-0.024103796597194933,0.006899117501546481,0.006927665704797681,0.1095200950494316,0.10997328372651399,-0.025011344009727293,-3.6103566591566265
2016-06-27,-0.016942055745460278,0.0089219691540642,0.01236475841638258,0.14163186951985918,0.19628445474684686,-0.01784960315799264,-1.443586890815672
2016-06-28,0.016699056486715103,0.009594135539163792,0.013481572002867752,0.15230218008764393,0.21401332081079422,0.015791509074182742,1.171340335594664
2016-06-29,-4.1424348520835715e-5,0.01016150086316018,0.01387174694749867,0.1613088253865401,0.22020715603860505,-9.489717610531967e-4,-0.06841040026500149
2016-06-30,-0.004355469945726886,0.009851945836386017,0.012507757556902744,0.15639479167893383,0.19855449572792086,-0.005263017358259248,-0.420780250521782
2016-07-04,0.006524023331302123,0.00961121187281742,0.011509997383703025,0.1525732584805575,0.18271554400969373,0.005616475918769762,0.4879650039471004
2016-07-05,-0.0029540320716643547,0.009454450955501214,0.010677602646389337,0.15008475606547925,0.169501687204268,-0.0038615794841967157,-0.3616522933172195
2016-07-06,-0.0028709443831097707,0.009194945493400407,0.009811558125127596,0.14596523456598945,0.15575365663885665,-0.0037784917956421317,-0.38510619286505976
2016-07-07,-0.0015543035468034705,0.008942524283895614,0.009053577384017067,0.14195817209006256,0.14372108540152728,-0.0024618509593358315,-0.27192024267467074
2016-07-08,0.004966499133189102,0.008678454223242486,0.008310463192486723,0.13776618983494704,0.13192451332245464,0.004058951720656742,0.48841461981641837
2016-07-11,0.007566964087017254,0.008501564589004692,0.007785498027905639,0.13495815394475677,0.12359094968773278,0.006659416674484893,0.8553616802182056
2016-07-12,0.011318725371479228,0.008448404651945239,0.007671521241781406,0.13411426610572982,0.12178162429981808,0.010411177958946867,1.357120397743862
2016-07-13,0.0038532033198891797,0.008647532673273192,0.00830165129215738,0.13727532544671858,0.13178462874135866,0.0029456559073568187,0.35482770881253445
2016-07-14,0.002175010644712353,0.008437052957322956,0.007687646689867478,0.13393406354015155,0.12203760785230944,0.0012674632321799922,0.16487011998750442
2016-07-15,0.0032892798662310834,0.008197357569770178,0.0070699889535796425,0.13012901722490816,0.11223259525887308,0.0023817324536987224,0.33687923267444647
2016-07-18,-0.0024912297858673917,0.007988368580716084,0.006589853355460069,0.12681141987418057,0.10461067892959122,-0.0033987771983997528,-0.5157591550324366
2016-07-19,3.4130444293086387e-4,0.007769013076140956,0.0062638808558479,0.1233292591912673,0.09943602592027183,-5.662429696014972e-4,-0.09039810664228361
2016-07-20,0.005579788405319437,0.007532801580420134,0.005820184007995736,0.11957951794431594,0.09239255681875129,0.004672240992787076,0.8027651679686377
2016-07-21,-0.002684781066254212,0.0074301114385902384,0.005782869028573148,0.11794936248003682,0.09180019988437332,-0.003592328478786573,-0.6212017704424712
2016-07-22,0.0030525149205584317,0.00723371589108256,0.005612177158511306,0.11483167981620268,0.08909055045034822,0.0021449675080260707,0.38219882363710844
2016-07-25,8.704016689916238e-5,0.0070530927753532525,0.005334223743124625,0.11196437674470636,0.08467817677130307,-8.205072456331985e-4,-0.153819428120308
2016-07-26,0.00455445256080896,0.006838260392476661,0.005031693372235489,0.10855401839277713,0.07987565601880234,0.003646905148276599,0.7247868418214732
2016-07-27,-0.0053214065072032515,0.006723145035719198,0.0050072899192886815,0.10672661875638878,0.07948826321303122,-0.006228953919735613,-1.2439770854371615
2016-07-28,-3.055712718037874e-4,0.006647381473477438,0.005426361573404988,0.10552390949159642,0.08614081948288058,-0.0012131186843361485,-0.22356023791000876
2016-07-29,-0.0018389059129966245,0.006445310082131372,0.005123825327833539,0.10231612560010142,0.08133820547268926,-0.002746453325528986,-0.5360161890394192
2016-08-02,-0.012458215529420814,0.006265173200235257,0.004978915535387242,0.09945654125141501,0.07903783383258392,-0.013365762941953177,-2.684472722414568
2016-08-03,6.609837717619546e-4,0.006797770190721326,0.007366939135255316,0.10791125636650044,0.11694653325380877,-2.465636407704064e-4,-0.03346893957497875
2016-08-04,-0.0012148313931858257,0.006592671140342118,0.006771118491952809,0.10465540987786709,0.10748817376474704,-0.0021223788057181865,-0.3134458226126961
2016-08-05,0.010853037649751058,0.0063987547943056885,0.006317424312864719,0.10157708331729066,0.10028600194987891,0.009945490237218697,1.574295115331391
2016-08-08,0.007094282286869147,0.006749424028478718,0.007216356387012182,0.10714378483367051,0.11455610623228088,0.006186734874336785,0.8573211386111025
2016-08-09,0.005858661362897033,0.006770610881093422,0.007137132055379449,0.10748011569216663,0.11329845895656777,0.0049511139503646715,0.6937119716921706
2016-08-10,-0.001469072204304274,0.006719385104226127,0.006896672566983228,0.10666693169432495,0.10948128291647444,-0.002376619616836635,-0.34460380622016773
2016-08-11,0.0034263951208449712,0.006524616340954445,0.0064410125700002825,0.10357507342964205,0.10224790470997054,0.0025188477083126102,0.391063933028856
2016-08-12,-0.0027821897701866454,0.006381284534033864,0.006062410622220564,0.10129975153317775,0.09623778511171174,-0.0036897371827190064,-0.6086254153083933
2016-08-15,7.396214513867849e-4,0.006224305548499501,0.005854122865715756,0.09880778739245497,0.09293131948260396,-1.6792596114557605e-4,-0.02868507631246044
2016-08-16,-0.004065733243392711,0.006037406991490458,0.005463750882139158,0.09584086477899843,0.08673435635849994,-0.004973280655925072,-0.9102319566184068
2016-08-17,0.0029496573032193507,0.0059375986222066,0.005544947656191851,0.09425645603567052,0.0880233151869247,0.0020421098906869897,0.3682829879208393
2016-08-18,-0.003611261313467451,0.005801879130670514,0.005270402050036187,0.0921019758996588,0.0836650388023245,-0.004518808725999812,-0.8573935504538569
2016-08-19,0.00418862403891912,0.00569425726996456,0.0053211302819318506,0.09039353182528687,0.08447032451860013,0.0032810766263867584,0.61661272183615
2016-08-22,0.0028174159286146563,0.005615315323783363,0.005197539855877603,0.08914036727964551,0.0825083873279918,0.001909868516082295,0.3674562521964181
2016-08-23,0.012427863696757855,0.005487816520737002,0.00496990762718097,0.08711638652773106,0.07889483772290377,0.011520316284225493,2.3180141661425693
2016-08-24,0.005701204429496175,0.00612994862288984,0.006780305867801599,0.09730991763461626,0.10763401883493011,0.004793657016963814,0.7069971636129266
2016-08-25,0.002000169263251454,0.006105073122324361,0.0065817250190093315,0.09691503130520923,0.10448164558866334,0.001092621850719093,0.16600843206961452
2016-08-26,9.554539401568177e-4,0.005939330213423987,0.00610696392913657,0.0942839441940723,0.09694504693282346,4.7906527624456683e-5,0.007844573536105678
2016-08-29,0.003946062870721208,0.005763148298885882,0.005680285468801914,0.09148714300582193,0.09017173635782284,0.0030385154581888474,0.5349230201329531
2016-08-30,0.006982295536603196,0.005670567021633307,0.005467958037301989,0.09001746079179572,0.08680114287622742,0.006074748124070835,1.1109719721017188
2016-08-31,-0.007617133353288988,0.005757704193830494,0.005741366397142397,0.09140072051729473,0.09114136603525008,-0.00852468076582135,-1.4847825719787313
2016-09-01,0.002772949421679142,0.00588585859156855,0.0064669232030853405,0.09343510851229966,0.10265922325870237,0.0018654020091467807,0.28845278512922584
2016-09-02,0.0021633346511904144,0.00574683272664659,0.006042098818606924,0.09122814132596467,0.09591534522546649,0.0012557872386580536,0.20783957302896114
2016-09-06,0.0010615769337791736,0.005596902912643328,0.005649579771310181,0.08884807931416387,0.08968429852144741,1.5402952124681264e-4,0.027263889967358054
2016-09-07,-2.1652060809292573e-4,0.005432625480918224,0.005288732093269689,0.08624025593197375,0.08395601921782594,-0.0011240680206252868,-0.21254017046084603
2016-09-08,-0.003802187398686873,0.005267392837959817,0.005003734144394894,0.08361726904154652,0.07943181703650869,-0.004709734811219234,-0.9412440140320019
2016-09-09,-0.004529034458456723,0.005191155883973332,0.005141963742886762,0.08240704491577865,0.08162614388513544,-0.005436581870989083,-1.0572968116529191
2016-09-12,-0.001881165470366264,0.005153827959348429,0.0053742114567340085,0.0818144824826847,0.08531296204555408,-0.0027887128828986254,-0.5189064303385951
2016-09-13,-0.009955217634298574,0.005018022826582378,0.005189690167058459,0.07965864283429422,0.0823837773810836,-0.010862765046830935,-2.093143270051515
2016-09-14,-2.9052231458052524e-4,0.005442067749632547,0.006717208892018517,0.08639014730095583,0.1066323853965163,-0.0011980697271128861,-0.17835826551954484
2016-09-15,0.01024471868794156,0.0052767603224906255,0.006227255079810012,0.08376597324841911,0.09885460975044583,0.009337171275409197,1.4994040160137563
2016-09-16,-0.005574556193833143,0.0056983158205433145,0.007005004938952068,0.09045795931837544,0.11120100600747819,-0.006482103606365503,-0.9253531814547459
2016-09-19,0.0024875315927723367,0.005690966139831372,0.007014709222689104,0.09034128675409826,0.11135505673599944,0.001579984180239976,0.22523872766236852
2016-09-20,0.003513640789243581,0.00555113850249903,0.006498822395990585,0.08812159182532762,0.1031656072474081,0.0026060933767112194,0.4010100935084847
2016-09-21,0.0052562132399283455,0.005450410135874338,0.0061180835474829685,0.08652257857697558,0.0971215654017346,0.004348665827395984,0.7107888922479756
2016-09-22,0.0037621259265834626,0.005438953857839125,0.005980115405627976,0.08634071580118607,0.09493138904854664,0.0028545785140511016,0.477345054472463
2016-09-23,-0.005264551824626132,0.005353176758980522,0.005700818125495451,0.08497904657059928,0.09049768217802223,-0.006172099237158494,-1.0826690312317384
2016-09-26,-0.00465581986666902,0.005347900679983344,0.005937678974460347,0.0848952914130549,0.0942577315881547,-0.005563367279201381,-0.9369599304932135
2016-09-27,-0.0015208002985218627,0.005308920671835334,0.006014985702705117,0.08427650296707745,0.095484937853801,-0.0024283477110542237,-0.40371628979302876
2016-09-28,0.008525930841704757,0.005160652128435819,0.005694761850843482,0.08192281280854403,0.09040154179841854,0.007618383429172396,1.3377878880122085
2016-09-29,-0.002095996984013267,0.005421796784308441,0.006226875965399819,0.08606835570245903,0.09884859149575896,-0.003003544396545628,-0.4823517303436081
2016-09-30,-2.814566465433137e-4,0.0052816398731394655,0.0059214644041057215,0.08384343371357855,0.09400033326351011,-0.0011890040590756747,-0.20079561033099577
2016-10-03,-0.002402909148942182,0.0051212039243909695,0.005543891750081761,0.08129659198311921,0.08800655319707393,-0.003310456561474543,-0.5971358588352164
2016-10-04,-0.0045319262013743256,0.004999956419787059,0.0053836795975274136,0.07937184751750458,0.08546326412105905,-0.005439473613906687,-1.0103635469697896
2016-10-05,0.0024976767892682292,0.0049731168952142895,0.005560731129517133,0.07894578327354404,0.08827387005838583,0.0015901293767358682,0.285956889426867
2016-10-06,-2.51331724787677e-4,0.0048602758681865815,0.005255773860226785,0.07715448750234144,0.08343282348812413,-0.001158879137320038,-0.22049638514508554
2016-10-07,-0.0025733080657589316,0.004712614421118844,0.004977325051475943,0.07481043469930247,0.07901258568322264,-0.0034808554782912926,-0.6993426071819647
2016-10-11,-4.807881735429305e-4,0.004612323217781583,0.004942254927424546,0.07321836120299566,0.07845586472309356,-0.0013883355860752917,-0.28091136666613953
2016-10-12,0.0018013930485404523,0.004473363764935617,0.004724663252640878,0.07101244827568345,0.07500170397007978,8.938456360080912e-4,0.18918716281175615
2016-10-13,0.0037855943732455857,0.004359475356731864,0.004520917482616237,0.06920452584376263,0.07176734014108042,0.0028780469607132242,0.6366068329669468
2016-10-14,-0.001346164786938146,0.004327189312743341,0.004502614748452531,0.06869200078449228,0.07147679324362229,-0.002253712199470507,-0.5005340952709907
2016-10-17,0.0011430185833321744,0.004208304039091818,0.004423519508069285,0.06680475557271354,0.07022119522796463,2.3547117079981348e-4,0.053231633854054945
2016-10-18,0.00798981770524328,0.004089697177202841,0.004254774128129465,0.06492193001064943,0.06754244536669339,0.00708227029271092,1.6645467137463563
2016-10-19,0.0030815873649797467,0.004421800180800663,0.005090021945563686,0.07019390175371398,0.08080159341493597,0.0021740399524473857,0.42711799196508676
2016-10-20,0.00295262718235952,0.004353039015432002,0.004899897852513098,0.06910235209316722,0.07778346700421461,0.002045079769827159,0.41737191904485577
2016-10-21,0.003846213133963383,0.004281949577746254,0.0047321377690210786,0.06797384225540773,0.07512035823915472,0.0029386657214310217,0.6210017258307621
2016-10-24,0.004259449335921964,0.004257063305083915,0.0046796538519892055,0.06757878492426436,0.07428720188537341,0.003351901923389603,0.7162713374547547
2016-10-25,-0.001827076539648938,0.004257206504645931,0.004687212341153913,0.06758105814683806,0.07440718918107657,-0.002734623952181299,-0.5834222461336327
2016-10-26,0.00325330158139181,0.004151707035751895,0.004620982718161467,0.06590630599797996,0.0733558265098951,0.002345754168859449,0.5076310196184298
2016-10-27,0.0052692821395181975,0.004103353421634342,0.004528434099185411,0.0651387161703026,0.071886662729936407,0.004361734726985836,0.9631882967603389
2016-10-28,-0.0022859094155336006,0.004182484763943402,0.004717230547684811,0.06639488728626558,0.07488371343678615,-0.0031934568280659616,-0.6769770516374891
2016-10-31,0.0010153502600503035,0.00409354503870949,0.0046974943050227275,0.06498301291840551,0.07457041029739397,1.0780284751794253e-4,0.022949010795537506
2016-11-01,-0.004311653059482927,0.003976624258581837,0.004482521046533745,0.06312695307452491,0.07115781561444767,-0.005219200472015287,-1.1643448893678263
2016-11-02,-0.009534316571950825,0.003997517878712485,0.004836660945574029,0.06345862901164619,0.07677961222756434,-0.010441863984483187,-2.1588993113189816
2016-11-03,7.956189182399633e-4,0.004524989700412475,0.006378459344881939,0.07183198459452045,0.10125490304576149,-1.119284942923976e-4,-0.017547888642138756
2016-11-04,-0.006703827872436192,0.004391466776521521,0.005914166606428715,0.06971237388887043,0.09388448431687917,-0.007611375284968553,-1.2869734303215212
2016-11-07,0.012061527838310899,0.0045633715727442055,0.006386789536921249,0.07244127792877719,0.10138714074481803,0.011153980425778538,1.7464142761083234
2016-11-08,0.004209414689045084,0.0053201245974070065,0.007572868059358365,0.08445435977169939,0.12021555357939935,0.0033018672765127233,0.43601278282306216
2016-11-09,0.004070964346290007,0.005260100047478172,0.007088709868386012,0.08350149958167773,0.11252978056823276,0.0031634169337576455,0.44626130741585934
2016-11-10,0.010667604707225534,0.005196431314030518,0.006664428178213841,0.08249078977172003,0.10579451754003043,0.009760057294693172,1.4645003342670881
2016-11-11,-0.0036881942462821207,0.005675437596232378,0.007417712445105835,0.09009477876658249,0.11775253456043336,-0.004595741658814482,-0.6195631999521263
2016-11-14,0.004972823840513155,0.0055762104517407506,0.007086681278702248,0.08851959668079099,0.11249757770534018,0.004065276427980794,0.5736502416438926
2016-11-15,0.0014247736633945147,0.005541860178577512,0.006749780466129817,0.0879743029992486,0.10714944310596677,5.172262508621536e-4,0.076628603472006
2016-11-16,-7.001171132102746e-4,0.005384355131683193,0.006238601917192691,0.085473987893329,0.09903473520973578,-0.0016076645257426356,-0.25769628309063014
2016-11-17,0.00904621983929706,0.005223142082249988,0.0058333065334385805,0.08291481007193725,0.0926008704521206,0.0081386724267647,1.3952073974016186
2016-11-18,0.006635673040481145,0.0055276021945814815,0.006443564104977113,0.08774796452014479,0.10228840907203159,0.005728125627948784,0.8889685172099532
2016-11-21,0.008071071901981716,0.005600272516785195,0.006443649546373743,0.08890157012162055,0.10228976541215452,0.007163524489449354,1.1117185126060636
2016-11-22,0.0016718275492933106,0.005778390885475085,0.006696013538809113,0.09172911156653633,0.10629591959526276,7.642801367609495e-4,0.11413957458886453
2016-11-23,0.003938924554410176,0.005617304833556357,0.006196686717607084,0.08917194976818717,0.09836935204419286,0.0030313771418778146,0.489193222123776
2016-11-24,8.366298810750611e-5,0.005530983129266441,0.0058986435464384165,0.08780163519439692,0.09363806337895277,-8.238844244248548e-4,-0.13967353984668454
2016-11-25,0.0024558495621556835,0.005362526259459336,0.005512479099461195,0.08512746528949701,0.08750789282769367,0.0015483021496233227,0.28087220317527517
2016-11-28,-0.002578358824348481,0.005233847383589237,0.0052127245110811064,0.0830847514622592,0.08274943625646819,-0.0034859062368808426,-0.6687301869628008
2016-11-29,0.006251997980370756,0.005113555023879904,0.005133208585219007,0.08117516945178709,0.0814871600658672,0.005344450567838395,1.0411520356347208
2016-11-30,-0.006568622556447634,0.0051889100019277806,0.005350914573995723,0.08237139264357957,0.08494313549726287,-0.007476169968979996,-1.3971761024391138
2016-12-01,0.004643053402474358,0.005281865951059734,0.00594584891366283,0.08384702258930227,0.09438742535229244,0.0037355059899419974,0.6282544417430896
2016-12-02,0.005243746493982626,0.005245731421199528,0.005763042466310672,0.08327340471078823,0.09148546296577423,0.004336199081450265,0.7524149104919178
2016-12-05,0.0048783512902765835,0.005245612346747301,0.005689474030150256,0.08327151446245966,0.09031760024722789,0.003970803877744222,0.6979210831619448
2016-12-06,0.011667121736152067,0.005224304799443411,0.00558146687463206,0.08293326763517063,0.08860303980732813,0.010759574323619705,1.9277323623512495
2016-12-07,0.00895762031719475,0.00581575986227163,0.006935035768552501,0.09232232568265193,0.11009027986156567,0.00805007290466239,1.1607831845894894
2016-12-08,0.011561499890287355,0.0060504559095901495,0.007246274288877188,0.09604800993201983,0.11503103820078274,0.010653952477754993,1.470266243455411
2016-12-09,0.008057087656165047,0.006513956746390597,0.008047493492880213,0.10340585761188575,0.1277499987574295,0.007149540243632686,0.8884182696087961
2016-12-12,-0.0030494592337978466,0.006616701159502698,0.007961215559676908,0.10503687460606118,0.12638037902809798,-0.003957006646330208,-0.4970354861853277
2016-12-13,0.006659011937693914,0.006458470583445448,0.007478267596166412,0.10252504208173732,0.11871381778229477,0.005751464525161553,0.7690904947169755
2016-12-14,-0.0041492290404981,0.006470678336911624,0.0072859129190301734,0.10271883416016706,0.11566028194695913,-0.00505677645303046,-0.6940484341807872
2016-12-15,0.00447349796704538,0.0063553492074961155,0.007033422541077425,0.10088804098803693,0.11165212145596105,0.003565950554513019,0.5070007572681341
2016-12-16,6.503127916892928e-4,0.006258415676506137,0.006653998739074497,0.09934926888781981,0.10562895532637091,-2.5723462084306816e-4,-0.0386586518768783
2016-12-19,0.00113280883007368,0.006069849683209921,0.006152863611150194,0.09635587654390584,0.09767368179601343,2.252614175413191e-4,0.03661082575162259
2016-12-20,0.0018031654994667041,0.005891475707909466,0.005720505666961707,0.09352427746983993,0.09081021220989814,8.95618086934343e-4,0.1565627479589626
2016-12-21,9.939870940904316e-4,0.0057290488918303115,0.005362353355449703,0.09094583170027912,0.08512472052343595,8.643968155807063e-5,0.01611972875122504
2016-12-22,0.002680999121685105,0.005559852673702451,0.005043729936507181,0.08825992500464538,0.08006673055301759,0.0017734517091527438,0.35161512045208193
2016-12-23,-0.002193105519632662,0.005430332349452315,0.0048322541325215105,0.08620385359847953,0.07670965623909644,-0.003100652932165023,-0.6416576709609179
2016-12-28,2.6840672766287316e-4,0.0052922378602243865,0.004779113540619711,0.084011671542926,0.07586607549492683,-6.391406848694878e-4,-0.13373624196980471
2016-12-29,-0.002885130509903114,0.00513143617375566,0.0045587763020101205,0.08145902390614983,0.07236833026736078,-0.0037926779224354756,-0.8319508725977964
2016-12-30,-0.0070114963860718835,0.005025054990401485,0.004652029609448465,0.07977027497415835,0.07384868062985743,-0.007919043798604246,-1.702277170059352
2017-01-03,0.008403318073665048,0.0051658273191696295,0.005566486511757413,0.08200496641455797,0.08836523391903321,0.0074957706611326865,1.3465892076268002
2017-01-04,0.009581022868779893,0.005414939598630964,0.006106321576520418,0.08595950125448065,0.09693484990116537,0.008673475456247533,1.4204092181450363
2017-01-05,0.002239741383569915,0.005750655315539036,0.006762855700109411,0.09128882304340778,0.1073570060106307,0.001332193971037554,0.19698689874693043
2017-01-06,-6.979776210639942e-4,0.005602394207173007,0.006271476440080245,0.08893525091237191,0.099556602081918,-0.001605525033596355,-0.2560043155604698
2017-01-09,-0.004042021974750471,0.005434412752725182,0.005861315003981893,0.08626862799233269,0.0930454911380859,-0.004949569387282832,-0.8444469174443507
2017-01-10,0.0011538583924463792,0.005361077125692663,0.005856938182643716,0.08510446100411852,0.09297601125332323,2.463109799140183e-4,0.042054563704279686
2017-01-11,0.007494854890786421,0.005205435853236186,0.005466694476205548,0.08263373240017359,0.08678108446566231,0.006587307478254059,1.2049891404990924
2017-01-12,-0.004044179150155313,0.005370394740320682,0.005840798885800996,0.08525237355082696,0.09271980785863553,-0.004951726562687674,-0.8477824111912737
2017-01-13,0.004258118100292011,0.005300188146355303,0.005840857826016876,0.08413787842265127,0.09272074350555615,0.0033505706877596498,0.5736435961230275
2017-01-16,-0.002375111331700282,0.005243507309894915,0.005633355100854922,0.08323809803838741,0.08942673986267585,-0.003282658744232643,-0.5827182354853618
2017-01-17,-0.006973504923703799,0.0051169498731826945,0.005454408849597911,0.08122906101374944,0.08658605618943588,-0.00788105233623616,-1.4448957812939045
2017-01-18,4.232849108360414e-4,0.005246901152074413,0.006112368735556183,0.08329197361276314,0.09703084557484791,-4.842625016963196e-4,-0.07922665052573191
2017-01-19,0.004168279582601316,0.0050881159189434646,0.005688588728578122,0.08077133618035971,0.09030354652045691,0.003260732170068955,0.573205820573354
2017-01-20,0.006277078853652194,0.005037664287053416,0.00549770898862663,0.07997044135304905,0.08727342458706294,0.005369531441119833,0.9766852796734123
2017-01-23,-8.373726587903769e-4,0.005120496159261156,0.005637218878255051,0.08128535655999843,0.08948807542740818,-0.0017449200713227381,-0.30953562545771895
2017-01-24,0.005722438701841451,0.004968740649316398,0.005329199493149329,0.07887631252361271,0.08459841927554754,0.00481489128930909,0.9034924092255543
2017-01-25,0.006321285463463333,0.005017156455955799,0.005413663227853781,0.07964488962696739,0.08593923949653783,0.005413738050930972,1.0000138211547416
2017-01-26,0.004337400448464904,0.005104808161328121,0.005579471789150814,0.08103631731340259,0.08857136880716199,0.003429853035932543,0.6147271938182093
2017-01-27,2.0631671779876754e-4,0.005062045529343358,0.005426285476814947,0.08035748157557303,0.08613961148696336,-7.012306947335935e-4,-0.12922849299576347
2017-01-30,-0.005302283049910038,0.004908095418791179,0.005106600779616052,0.07791359933458124,0.08106477424651577,-0.0062098304624424,-1.2160399315392139
2017-01-31,-0.007244326572841093,0.004932635090298411,0.005495976550358118,0.07830315454296137,0.08724592298214143,-0.008151873985373455,-1.4832439532228858
2017-02-01,6.780412548377432e-4,0.005100965756367996,0.006205064094096581,0.08097532102563725,0.09850233877317507,-2.295061576946178e-4,-0.03698691169249437
2017-02-02,-0.0019001250224217796,0.004948357802885347,0.005765435074181492,0.07855274486760364,0.09152344443824074,-0.0028076724349541406,-0.48698361855245426
2017-02-03,0.008280835944363869,0.004820134723708843,0.005516876566569755,0.07651726658856378,0.08757770045390069,0.007373288531831508,1.3364969186570037
2017-02-06,0.0013288260568735666,0.005094507970910402,0.006043287953747621,0.08087280685959122,0.0959342221606117,4.212786443412056e-4,0.06971017227136402
2017-02-07,0.004909454609263693,0.0049500219695568035,0.005628367110992976,0.07857916269452064,0.08934755797837493,0.0040019071967313325,0.7110245507822432
2017-02-08,0.0024407772534219734,0.004947597308065254,0.005535729942198758,0.0785406723865997,0.08787698851363125,0.0015332298408896126,0.2769697685578612
2017-02-09,0.005941885693002727,0.004833987959382749,0.005231590237886385,0.07673717988724413,0.08304892038504369,0.005034338280470366,0.9622959848828471
2017-02-10,0.004784639413878189,0.004907520101975394,0.00537316224126202,0.07790446646326339,0.08529630626629046,0.0038770920013458275,0.7215661517853585
2017-02-13,0.003575492393306012,0.004900234157411789,0.0053125873092967875,0.0777888056789744,0.08433470903230249,0.002667944980773651,0.5021931547562273
2017-02-14,0.0018868902946395278,0.004831004643021228,0.005127215947270537,0.07668982120819523,0.0813920298876138,9.793428821071668e-4,0.19100870573405787
2017-02-15,0.0076941734361351734,0.004706581647892597,0.0048618809335223105,0.07471466739326628,0.07717996712463954,0.006786626023602812,1.3958848676876323
2017-02-16,0.002881636183616994,0.004937085623290558,0.005440449671531035,0.07837380456395482,0.08636446110740495,0.001974088771084633,0.36285397168816946
2017-02-17,-2.9053075822738192e-5,0.004838445536562752,0.005177883524237199,0.0768079417312531,0.08219635273674188,-9.366004883550992e-4,-0.18088481209956886
2017-02-21,0.002846367199884292,0.004691052391792258,0.004903124568527588,0.0744681480951423,0.07783468953296922,0.001938819787351931,0.39542535790277916
2017-02-22,0.002512803340306291,0.004601274015333372,0.004726793446325973,0.07304296055181422,0.07503551974649074,0.00160525592777393,0.33960780093356063
2017-02-23,7.118120977161097e-4,0.004503362082706036,0.004557773311844859,0.07148865680710836,0.07235240829209243,-1.9573531481625135e-4,-0.04294538175199924
2017-02-24,-0.014238157070220152,0.004369651523042138,0.0043662313731538714,0.06936606747590474,0.06931177427959923,-0.015145704482752513,-3.4688277345715366
2017-02-27,-0.008264756524354839,0.005487415618688877,0.007667209597013987,0.08711002240501445,0.12171317906104061,-0.009172303936887201,-1.196302751454633
2017-02-28,-0.005437760270466681,0.00569239829828419,0.008032317058437533,0.09036402156472345,0.1275090803294855,-0.0063453076829990416,-0.7899722629018516
2017-03-01,0.015392037900089101,0.005677442090296842,0.0078256983963015,0.09012659912337695,0.12422911075206454,0.01448449048755674,1.8508879021458648
2017-03-02,0.004736151112659348,0.006671899100737397,0.009433699029753944,0.10591311475839979,0.14975532945696154,0.0038286037001269866,0.4058433163970514
2017-03-03,0.0037544286882000844,0.006571852934714221,0.008730522956406389,0.10432493110886297,0.13859275534915028,0.002846881275667723,0.326083705395758
2017-03-06,0.006234059817914509,0.006437673494537293,0.008052143464780052,0.10219489853026685,0.127823814772932,0.005326512405382147,0.6615024221414122
2017-03-07,-0.0010237604882314213,0.006425638624271684,0.007704946122534774,0.10200385088756449,0.12231222783227047,-0.0019313079007637823,-0.2506581967024087
2017-03-08,-0.0025019540349569174,0.006234932795001403,0.007111824136168881,0.09897648970064744,0.11289670819397771,-0.0034095014474892784,-0.4794130707126803
2017-03-09,-0.0034528399596676458,0.006075978125394725,0.00670572740378938,0.09645316254757721,0.10645012242130504,-0.004360387372200006,-0.6502482295561207
2017-03-10,-0.011884805614253813,0.0059512843821047014,0.006465641231356751,0.09447371073883042,0.1026388725884124,-0.012792353026786173,-1.9785126593084759
2017-03-13,0.004004470260413395,0.006462788478528311,0.008073851682155552,0.10259358654119646,0.1281684220404246,0.003096922847881034,0.3835744041131827
2017-03-14,-0.004542157346115183,0.006342217573301826,0.007502098611730195,0.10067958275772115,0.11909212342632605,-0.005449704758647545,-0.7264240368856855
2017-03-15,-0.00864076573823245,0.006248853648765081,0.007263910046373619,0.09919747640322579,0.11531099717188951,-0.009548313150764813,-1.31448670066222
2017-03-16,0.00419514085434632,0.006417558068365591,0.00780801972236006,0.10187557603926843,0.12394847050351386,0.0032875934418139597,0.4210534243912294
2017-03-17,-0.0063865927029191916,0.006306338150976522,0.007288649090752114,0.10011001458577667,0.11570371732648285,-0.007294140115451553,-1.0007533665883854
2017-03-20,-0.005605245120515097,0.006311182203293857,0.0073791215536587315,0.10018691153239341,0.11713992315058541,-0.006512792533047458,-0.8825972692939679
2017-03-21,-0.01127908540988378,0.0062710673674141165,0.007319812154197932,0.09955010825466162,0.11619841562229423,-0.012186632822416141,-1.664883273736345
2017-03-22,-9.993219618244138e-4,0.006678306284684361,0.00847879805563637,0.10601482565036727,0.13459674643171096,-0.001906869374356775,-0.22489854833718603
2017-03-23,0.01023220188960039,0.006479483544630268,0.007782884067019368,0.10285861249936185,0.12354945434508124,0.009324654477068029,1.1980975685584272
2017-03-24,2.676193399038611e-4,0.006763620473932498,0.008151791741827629,0.1073691464187013,0.12940568213079573,-6.399280726284999e-4,-0.07850152370122108
2017-03-27,0.0017737179813611854,0.00655790099095285,0.00745973402947736,0.10410345086787169,0.1184196065320972,8.661705688288243e-4,0.11611279509512346
2017-03-28,0.008644368068364326,0.006372947984359843,0.006860864591328175,0.10116741290979897,0.10891284892525888,0.007736820655831964,1.1276742971448463
2017-03-29,0.0013678847244802392,0.006531546831245737,0.007127728514661342,0.1036850915522891,0.11314918237546628,4.603373119478782e-4,0.06458401312577912
2017-03-30,-0.005746990653060483,0.006341427622026355,0.006565305514389764,0.10066704266998464,0.10422099403341784,-0.006654538065592844,-1.0135915306618255
2017-03-31,-0.0024409035920581563,0.006307341446461954,0.006696402815209798,0.10012594140785248,0.10630209916654763,-0.003348451004590517,-0.5000372732932151
2017-04-03,0.004326157500897598,0.006144353780151718,0.006348786750490668,0.09753859241688649,0.10078386521268112,0.003418610088365237,0.5384666744557184
2017-04-04,0.0016909558114410934,0.006050688943953339,0.006063572614882849,0.09605170923785143,0.09625623117336989,7.834083989087323e-4,0.12919914523426024
2017-04-05,-0.003278179274490071,0.005880964749772371,0.005652698482899272,0.09335742118220935,0.08973380653310144,-0.004185726687022432,-0.7404829215082369
2017-04-06,0.005277882807779039,0.005758071653437726,0.005579728262538509,0.09140655375772032,0.08857544019597247,0.004370335395246679,0.7832523717308028
2017-04-07,-0.00288051185428867,0.005730395154970961,0.005546268189508508,0.09096720296509558,0.08804427800344782,-0.0037880592668210313,-0.682992444178347
2017-04-10,-0.0020495875308574143,0.005600448537996722,0.005441731343961369,0.08890436437172758,0.08638480702648242,-0.0029571349433897753,-0.5434180330624511
2017-04-11,-0.005547739037191542,0.0054529965101715785,0.005262136060195164,0.08656363599610255,0.08353382028156969,-0.006455286449723902,-1.2267425957595797
2017-04-12,-0.008020641280426788,0.005458727433114201,0.005661443772772972,0.08665461157743687,0.08987263370599533,-0.008928188692959148,-1.5770162261253242
2017-04-13,-0.01087692135000758,0.005645324089071301,0.006508007993967176,0.08961674166026946,0.10331142409474495,-0.011784468762539942,-1.8107643342577275
2017-04-17,0.012621989409283127,0.006087359699382388,0.007822330811863048,0.09663383943337622,0.12417565200640562,0.011714441996750766,1.4975641248750424
2017-04-18,-0.006100503945663267,0.0066626922652909815,0.008715002475016163,0.10576696077668113,0.138346375345231,-0.007008051358195628,-0.8041364736597658
2017-04-19,-6.716694226330808e-4,0.006630305349839731,0.008483343725231211,0.10525283443258224,0.13466890669945228,-0.0015792168351654418,-0.1861549981133649
2017-04-20,0.0037388871861566324,0.006430424595544572,0.007773692547017402,0.10207982582618425,0.12340354348850598,0.002831339773624272,0.3642207041891045
2017-04-21,-0.003091134025961931,0.006301435986637798,0.007224725428478165,0.10003219513941927,0.11468896064686675,-0.0039986814384942925,-0.5534717517059449
2017-04-24,0.013739922473558003,0.006156209575547264,0.006858768726930962,0.09772679733415536,0.10887957810939844,0.012832375061025643,1.8709444175656937
2017-04-25,0.006108887637491697,0.006852160938896524,0.008340169615201483,0.10877468272626634,0.13239608816352233,0.0052013402249593355,0.6236492139774882
2017-04-26,-0.018181603321439456,0.006809852674664619,0.0079312421082308009,0.10810305985290376,0.12590456523733398,-0.019089150733971817,-2.40682991055861
2017-04-27,-0.01965787039200567,0.007964037280418102,0.01086369241278715,0.12642517245620083,0.17245577066480428,-0.020565417804538026,-1.89304124446044
2017-04-28,0.002366781701907276,0.009099793872203348,0.013136539104537841,0.14445474940679723,0.20853609335209355,0.0014592342893749149,0.11108209534966802
2017-05-01,-0.001852607926652002,0.008841604658831066,0.01186549175677245,0.14035612270810252,0.18835884223144084,-0.0027601553391843627,-0.23262039161663506
2017-05-02,-0.005569315785732109,0.008584256749088593,0.010787401966412133,0.13627085129049724,0.17124469737369385,-0.00647686319826447,-0.600409924320143
2017-05-03,-0.001422315730690867,0.008433808913977655,0.010148628502134414,0.13388256594854767,0.1611044829901776,-0.0023298631432232277,-0.22957418755974973
2017-05-04,-0.005644016675832715,0.008184299832722765,0.00926070415044771,0.12992173207543178,0.14700912088456994,-0.006551564088365076,-0.7074585238799946
2017-05-05,0.013856957869453955,0.008054507643612747,0.008871315037038809,0.12786134494840914,0.14082776034067468,0.012949410456921592,1.4596945777324155
2017-05-08,0.0028777389053427083,0.00851489898130944,0.009767665298446993,0.135169830860292,0.15505687961643744,0.0019701914928103473,0.20170546723418104
2017-05-09,-0.00952203498692102,0.008285540251222585,0.00891167297983102,0.13152887389530357,0.14146842282100086,-0.010429582399453382,-1.1703282226645553
2017-05-10,0.007223705643704576,0.00836488587112106,0.009242681279726371,0.1327884465625453,0.14672301668152918,0.006316158231172216,0.6833686070108873
2017-05-11,-0.011847256997263298,0.008300840444935757,0.008825585644193307,0.13177175694076057,0.14010182873422364,-0.012754804409795659,-1.44520770904167
2017-05-12,-0.0045454975348269335,0.008555183508744662,0.009688352986490479,0.13580932790795613,0.15379783569638236,-0.005453044947359295,-0.5628454036473554
2017-05-15,0.008557347569679852,0.008368953808364932,0.009100331463980656,0.13285302306432312,0.144463283411695,0.00764980015714749,0.8406067611301407
2017-05-16,-0.0056463047843426555,0.008380376866314038,0.008896082615389104,0.1330343584875944,0.1412209334580278,-0.006553852196875016,-0.736712155251085
2017-05-17,-0.017045814122737236,0.008241948731897441,0.008568140088789915,0.13083687997886878,0.13601500723980597,-0.017953361535269597,-2.09536274491576
2017-05-18,0.005226401017821976,0.009015959322872236,0.010903366929739264,0.14312391719396544,0.17308558409625577,0.0043188536052896145,0.39610274818045516
2017-05-19,0.009738950533814053,0.00883454510526326,0.01004150680166443,0.1402440557694572,0.15940397871340603,0.008831403121281693,0.8794898311295116
2017-05-23,0.010194075785669849,0.008891404019271635,0.009850464843828583,0.1411466630471574,0.15637128165093078,0.009286528373137488,0.9427502681719222
2017-05-24,-0.011943514624288516,0.008974897903337031,0.009770919955057876,0.1424720873665488,0.1551085456884093,-0.012851062036820878,-1.3152356273442378
2017-05-25,1.3453822546814304e-4,0.009180126215234716,0.010409602946036734,0.145729985818174,0.16524732385283109,-7.730091870642179e-4,-0.07425923842354881
2017-05-26,0.0011845097326089922,0.008900523598082756,0.009443746924972624,0.1412914318727327,0.1499148348486511,2.769623200766312e-4,0.029327588114866188
2017-05-29,0.004153996645187193,0.00863425415998539,0.0085884458452977,0.13706453558307746,0.13633735113122175,0.0032464492326548322,0.37800194483758787
2017-05-30,-0.0028276770265327857,0.008432832590118525,0.007956510763742234,0.13386706728776576,0.12630569270802328,-0.0037352244390651467,-0.4694550852726222
2017-05-31,-4.3207752154518974e-4,0.008205220960179565,0.007453790154996,0.13025384467781848,0.11832525044988602,-0.0013396249340775507,-0.17972399359534555
2017-06-01,0.0054761743515162244,0.007955960872460682,0.006869329714269425,0.1262969634545486,0.10904722858597969,0.004568626938983863,0.6650760887912556
2017-06-02,8.850357814778608e-4,0.007829353979197139,0.006626696565048586,0.12428714133149761,0.1051955467500271,-2.2511631054500242e-5,-0.003397112095524958
2017-06-05,-0.0030974703770305276,0.007593935343927128,0.0061283029191445135,0.12054998635400958,0.09728379289756534,-0.0040050177895628895,-0.653528039067947
2017-06-06,-0.004745676723892571,0.007401583758323335,0.005945379858417889,0.11749649959523008,0.09437997933111683,-0.005653224136424931,-0.9508600410822695
2017-06-07,0.001085125363804044,0.007269643901708596,0.006036039448489428,0.11540201930350935,0.09581915570687095,1.7757795127168298e-4,0.029419614100786473
2017-06-08,0.010588372217397354,0.0070531914006001775,0.005619819777275442,0.1119659423719645,0.0892118732620393,0.009680824804864993,1.722621932470293
2017-06-09,0.014339991593662131,0.00731364997592443,0.006669925525297332,0.11610059407481743,0.10588178521955156,0.013432444181129771,2.0138821835692053
2017-06-12,-0.006772484674993047,0.007913168072680946,0.008386867006092702,0.12561764881782045,0.13313738626256474,-0.007680032087525408,-0.9157212200868562
2017-06-13,-0.0024410495763616904,0.007849403042912767,0.008321604532532736,0.12460541035116504,0.13210137661265717,-0.0033485969888940514,-0.40239799618005684
2017-06-14,-0.007617485874053938,0.007633731972262207,0.007734302624138944,0.12118173824357051,0.1227782478479155,-0.0085250332865863,-1.1022368403299176
2017-06-15,0.003933946386502592,0.007632758181507038,0.007955630479788466,0.12116627979456736,0.12629171863347452,0.0030263989739702313,0.380409696209357
2017-06-16,0.0021684123172264385,0.007462708198786381,0.007395212022778035,0.11846682000618923,0.11739535142919365,0.0012608649046940777,0.17049746522621398
2017-06-19,0.007217438374605385,0.007254833806454109,0.006815836253347068,0.11516691632989004,0.10819804621976743,0.006309890962073024,0.9257691540013762
2017-06-20,-0.003294879723029017,0.007252595517963679,0.006835303729406204,0.11513138460164146,0.1085070828216069,-0.004202427135561379,-0.6148120554587926
2017-06-21,-0.005878809302529764,0.007077817967828029,0.006554761422821365,0.11235687700714514,0.10405361176887137,-0.006786356715062125,-1.0353323755513706
2017-06-22,0.01009656213224134,0.007011661763340938,0.006711827359268202,0.11130667981860448,0.10654695621253821,0.009189014719708979,1.3690779318124278
2017-06-23,8.077019859845287e-4,0.0072339498654538726,0.007320573457906194,0.11483539404420062,0.11621050094399975,-9.984542654783227e-5,-0.013639017096399675
2017-06-26,-0.0015250494947552002,0.007016364569093877,0.006730120692118685,0.1113813345455236,0.10683735386877566,-0.002432596907287561,-0.36144922484618386
2017-06-27,5.832027122548711e-5,0.006812866945577091,0.006302419170733585,0.10815090992021521,0.10004780270308196,-8.492271413068739e-4,-0.13474621701622333
2017-06-28,0.01084330484365344,0.0066053350204430105,0.005859475852097239,0.1048564427421477,0.09301629550702549,0.00993575743112108,1.6956734154924193
2017-06-29,-0.0027954410943077375,0.006933055551796574,0.0068980534806737616,0.11005884489509656,0.10950320424171761,-0.003702988506840098,-0.5368164391903804
2017-06-30,-0.0040266844228598045,0.006756633272713869,0.006553357666577853,0.10725822803799212,0.10403132782934124,-0.004934231835392166,-0.7529318688886409
2017-07-04,0.002528618689976466,0.006624637260824595,0.006414432447719788,0.10516285630892407,0.10182595834973929,0.0016210712774441052,0.2527224802282182
2017-07-05,0.004766208516521912,0.0064526199683549584,0.0059844637337644205,0.10243216644646014,0.09500041661775427,0.003858661103989551,0.6447797623400968
2017-07-06,7.86537946400508e-4,0.006364049874571247,0.005809346035304732,0.10102615979596392,0.09222050933601227,-1.2100946613185296e-4,-0.020830135680754872
2017-07-07,-6.683081960666507e-4,0.006173182442965392,0.005425185252979427,0.09799623325149959,0.08612214597503162,-0.0015758556085990116,-0.2904703775292422
2017-07-10,6.634134608901423e-4,0.005987360748809427,0.005140488318020415,0.09504640530587527,0.08160272224148836,-2.4413395164221862e-4,-0.04749236581014813
2017-07-11,9.999602313020364e-4,0.0058072356984546596,0.004856509499921889,0.09218700877708506,0.07709469825969587,9.241281876967544e-5,0.019028649850507198
2017-07-12,0.0034079203769782165,0.005635649252554043,0.004615948201669658,0.08946315839187025,0.07327590603824242,0.002500372964445855,0.5416813307266819
2017-07-13,0.001703365215403892,0.005527363315876166,0.004539138206630412,0.08774417243825813,0.07205658516777473,7.95817802871531e-4,0.17532354527321148
2017-07-14,3.105839934486876e-4,0.005375195596029491,0.004362917612233795,0.08532858477254184,0.06925916995580614,-5.969634190836734e-4,-0.13682665412011544
2017-07-17,-0.0020512556350071503,0.005212000746245105,0.004210858649370211,0.08273794684588567,0.06684530875367345,-0.0029588030475395113,-0.70266026336031
2017-07-18,-0.0012487186391636484,0.005078140767341614,0.0042653965661330236,0.08061298555778773,0.0677110713423411,-0.0021562660516960095,-0.5055253405548793
2017-07-19,0.004303746760868717,0.004932932264703049,0.004222292872872082,0.07830787204038547,0.06702682142459992,0.003396199348336356,0.8043495443332898
2017-07-20,0.00234941907916264,0.0048974611438336825,0.004332282121967835,0.07774478545311514,0.06877284662458852,0.0014418716666302791,0.33282035334655063
2017-07-21,-0.004475260298779371,0.004783012054826026,0.004222201096811856,0.0759279624893622,0.06702536452480994,-0.0053828077113117325,-1.2748818893008764
2017-07-24,-9.386728810061123e-4,0.0047651074848448355,0.004678941512825184,0.0756437362523515,0.07427589385171063,-0.0018462202935384732,-0.39458075901951384
2017-07-25,2.777498509933992e-4,0.00462566111904547,0.004534586957536954,0.07343009382153033,0.07198433632823874,-6.297975615389617e-4,-0.13888752546517447
2017-07-26,-0.005095887516034791,0.004485260866408738,0.004354266245714496,0.07120130890660573,0.06912183376994054,-0.006003434928567152,-1.378747782011672
2017-07-27,-0.0013225506532054305,0.004524223172205163,0.004905503072565996,0.07181981633646367,0.07787244711403717,-0.0022300980657377913,-0.45461149096197795
2017-07-28,-0.0017995810962657675,0.004398343779995001,0.004751712415361794,0.06982154293460736,0.07543109611647217,-0.0027071285087981282,-0.5697164037213747
2017-07-31,0.0028630007277981595,0.004287074976475416,0.004670480123714248,0.06805520543785219,0.0741415734637085,0.0019554533152657985,0.4186835750219838
2017-08-01,0.0014169068041090895,0.004215219749043786,0.0045358164567316185,0.06691453906474772,0.07200385402287615,5.093593915767286e-4,0.11229717878482205
2017-08-02,0.004005733307400912,0.0041015180572876765,0.004352467232619335,0.06510958066454378,0.06909327532240965,0.0030981858948685515,0.7118229108422371
2017-08-03,-0.0035561820069483123,0.004095834141124702,0.00439480220638708,0.06501935129270275,0.06976532219650904,-0.004463729419480673,-1.0156838032422526
2017-08-04,0.002129634112094732,0.004065475581146582,0.004632520892306336,0.06453742409351788,0.07353898934612157,0.0012220866995623712,0.2638059769124853
2017-08-08,0.0038154028552321675,0.003975993798527488,0.004458009510634036,0.0631169448314327,0.07076870704499048,0.002907855442699806,0.652276635068515
2017-08-09,-0.0044439261946587205,0.003966541695436482,0.004455656700334486,0.06296689734656062,0.07073135733938217,-0.005351473607191082,-1.201051599596833
2017-08-10,-0.012015848809546998,0.003996793044648721,0.004842707754709555,0.06344712262759913,0.0768756023467528,-0.01292339622207936,-2.668630211994787
2017-08-11,-0.005488833560942577,0.004866079604782558,0.007149748796804665,0.0772466189645887,0.11349874351757053,-0.006396380973474939,-0.8946301688716087
2017-08-14,0.009193967891755934,0.004905674725097426,0.0071166194594600215,0.07787517201349764,0.11297283159128478,0.008286420479223573,1.1643759409123038
2017-08-15,-8.085850862324755e-4,0.005262456515129647,0.00743236271659906,0.08353890734594796,0.11798510041049728,-0.0017161324987648363,-0.23089999293658173
2017-08-16,-0.002935872056208914,0.0051059837690413095,0.0068657705861637245,0.08105497950729339,0.10899072917886826,-0.003843419468741275,-0.5597943334265703
2017-08-17,-0.0031009108291546643,0.005002396097727188,0.00654072855214065,0.0794105762041566,0.10383084685286237,-0.004008458241687025,-0.6128458335692798
2017-08-18,-0.0020015972742505697,0.00490912085751257,0.006287255541772872,0.07792987766963046,0.09980708755586214,-0.0029091446867829307,-0.4627050177067583
2017-08-21,0.002524392727814203,0.004784755274509062,0.005963874808859581,0.0759556352439334,0.09467357756739193,0.001616845315281842,0.2711065149925602
2017-08-22,-9.452610706299213e-4,0.004680021749242222,0.005599353931861622,0.07429304207321044,0.08888698803802535,-0.0018528084831622822,-0.3308968330470007
2017-08-23,0.006605047125607536,0.004543353218546442,0.005303750092868428,0.07212349640759266,0.08419442257059352,0.005697499713075174,1.0742398516732894
2017-08-24,-0.00280030172440345,0.004692668090996583,0.0055455951026867735,0.07449379652487108,0.08803359308140143,-0.0037078491369358113,-0.6686115860026282
2017-08-25,0.0014019210446749952,0.004601126728137781,0.005431275948338508,0.07304062244006919,0.08621883276642112,4.943736321426342e-4,0.09102347898450439
2017-08-28,-0.003272458525956608,0.0044741555734251134,0.0051065038526925234,0.07102501784577864,0.08106323557930577,-0.0041800059384889685,-0.8185651199078139
2017-08-29,-0.005311027092031202,0.004411294945675783,0.005140699259891547,0.07002713631608583,0.08160607083988099,-0.006218574504563563,-1.209674830247657
2017-08-30,0.007213621697879201,0.004470388376664537,0.005523093831608274,0.07096521545116863,0.08767639647666207,0.00630607428534684,1.1417648292081557
2017-08-31,0.005233561976643801,0.004680543791476709,0.005827592495877914,0.07430132923676841,0.09251016291791496,0.00432601456411144,0.7423330590070258
2017-09-01,-0.001302220559786978,0.004715554159449089,0.005740420881945719,0.07485710159855107,0.09112635644682264,-0.002209767972319339,-0.38494877253152504
2017-09-05,-0.0089840797358741,0.004583013274259159,0.005446870786745246,0.07275308027398555,0.08646639315138392,-0.00989162714840646,-1.8160201583039866
2017-09-06,4.38902684741782e-4,0.004958486800803865,0.0066103672579972605,0.07871353772473975,0.10493632703678818,-4.68644727790579e-4,-0.07089541465697081
2017-09-07,-0.0030155592892186127,0.004808633278440121,0.006117397438321686,0.07633468680517064,0.09711067375645663,-0.003923106701750973,-0.6413032243377147
2017-09-08,0.00168237494766064,0.004720295820786875,0.0059265875858006,0.0749323731387575,0.0940816612516264,7.748275351282791e-4,0.13073754903828197
2017-09-11,0.008319561502587761,0.004595012971196569,0.0055351193580849105,0.07294356955741274,0.08786729579131289,0.0074120140900553995,1.3390883936818798
2017-09-12,0.00587848493983989,0.004899000078470836,0.0060650710792897675,0.07776921528311849,0.09628001855838501,0.004970937527307528,0.8196008690288318
2017-09-13,0.003403261524220454,0.00496322322427687,0.006023653366425297,0.07878872611642052,0.09562253274971018,0.002495714111688093,0.41431901204653154
2017-09-14,0.001525782353509808,0.004883697475038311,0.005707289932977387,0.07752629398455266,0.09060041893680397,6.182349409774471e-4,0.10832373126958443
2017-09-15,-0.001669357357445796,0.004749647531496495,0.005344049848763661,0.0753983171013093,0.0848341613625659,-0.002576904769978157,-0.4822007359407997
2017-09-18,6.364937336694926e-4,0.004623073416273552,0.005144982132068901,0.07338901531352164,0.08167405932795113,-2.710536788628684e-4,-0.05268311374171328
2017-09-19,0.004068440907334565,0.00448494668863521,0.0048605678690620295,0.0711963214890684,0.07715912287253573,0.0031608934948022037,0.6503136217727947
2017-09-20,0.005681412490759855,0.004461053090571141,0.004809043518422371,0.07081702237864405,0.07634119916299596,0.0047738650782274935,0.9926849403503801
2017-09-21,0.008833953763252687,0.004543527469894993,0.005002144751672778,0.07212626256199596,0.07940658620923868,0.007926406350720325,1.5846015547770063
2017-09-22,0.0030464336794420914,0.004907886276492779,0.00580593127398737,0.0779102793035201,0.09216630168061797,0.0021388862669097304,0.36839675944713624
2017-09-25,0.00276864760483736,0.004816529075029169,0.005497079383117129,0.07646002869023485,0.08726342990944966,0.0018611001923049988,0.3385616365703015
2017-09-26,-9.99055123882171e-5,0.004718785835821706,0.00521804667293509,0.0749084028705498,0.08283392295668544,-0.001007452924920578,-0.1930708918618962
2017-09-27,0.008655587907788753,0.004575098058531073,0.004939544473642957,0.0726274301196459,0.07841283760321624,0.007748040495256392,1.5685738910944849
2017-09-28,0.004048479797933416,0.004916379057012574,0.005719304253125685,0.07804509801468908,0.09079114035650743,0.003140932385401055,0.5491808524934635
2017-09-29,0.002562257154825979,0.004868669979650955,0.005510674607432368,0.07728773989081397,0.08747924740478723,0.0016547097422936177,0.30027353457993583
2017-10-02,0.007694260281095173,0.004761892505313048,0.005217054105966936,0.07559270003448387,0.08281816644454157,0.006786712868562812,1.300870708011366
2017-10-03,0.007248807665113932,0.004986700461690226,0.005697412882325856,0.0791614157064199,0.09044362561853954,0.006341260252581571,1.1130069706292511
2017-10-04,-7.397975438997448e-4,0.005150520688133685,0.005966927244768027,0.08176198117976997,0.09472203348523221,-0.0016473449564321058,-0.2760792764611878
2017-10-05,0.003647271231294269,0.0049969019984103255,0.005603544768925027,0.07932336008133235,0.08895351551395511,0.0027397238187619076,0.4889269081877061
2017-10-06,-0.0015116004413080661,0.004926362050528939,0.0053755936597505195,0.07820357312379471,0.08533490383821263,-0.002419147853840427,-0.4500243148870555
2017-10-10,0.004094964897432736,0.004790615474379879,0.0051575152822041495,0.07604866303288128,0.08187301691836375,0.0031874174849003756,0.6180141619547814
2017-10-11,0.003360069991116561,0.004751749264916895,0.005053243990506368,0.07543168108502449,0.08021776147806892,0.0024525225785842,0.48533626778991956
2017-10-12,-0.004069250675697281,0.004679933550035949,0.004893014209603756,0.07429164195421666,0.07767419256070085,-0.0049767980882296425,-1.0171231627452544
2017-10-13,0.00402699909805689,0.004645556954175325,0.0051016894491768905,0.07374593041280755,0.08098680929282488,0.003119451685524529,0.6114546399973098
2017-10-16,-2.0539975270171068e-4,0.004610784179915882,0.00500006199282039,0.07319392973428991,0.07937352343745266,-0.0011129471652340716,-0.2225866732916826
2017-10-17,0.0014730201224016541,0.0044706042379125234,0.004760095335159555,0.07096864214224785,0.07556417084274501,5.654727098692933e-4,0.118794408526345
2017-10-18,0.003289302950899353,0.0043494035698908124,0.0045410912854233505,0.06904464118432577,0.0720875893324369,0.002381755538366992,0.5244896851143016
2017-10-19,0.004468231356363002,0.004293185712628784,0.004466770517416135,0.06815221036698825,0.0709077837160704,0.0035606839438306415,0.7971495132663248
2017-10-20,7.37396113801303e-5,0.004303889222153825,0.004546636682756904,0.06832212331314146,0.07217561978603064,-8.338078011522307e-4,-0.18339002197260285
2017-10-23,0.0014671621815907456,0.004172814510878087,0.004370424071327872,0.06624137677791028,0.06937833129974379,5.596147690583847e-4,0.12804587379282767
2017-10-24,0.006935252059294646,0.004061624302872983,0.004216159436349751,0.064476286946268,0.0669294561382782,0.006027704646762284,1.4296671503440403
2017-10-25,-4.5425037575280713e-4,0.004288688345704801,0.0048135253163236165,0.06808081688037546,0.07641234549903485,-0.0013617977882851681,-0.28291069409504144
2017-10-26,0.004389320854439419,0.004159526110895498,0.0046157756593424,0.06603042996785496,0.07327316701371109,0.003481773441907058,0.7543203350578566
2017-10-27,8.997686773909439e-4,0.0041736705994820855,0.004653414527570443,0.06625496676318879,0.07387066552347907,-7.778735141417138e-6,-0.0016716187855884892
2017-10-30,3.672030339887389e-4,0.004052521402407532,0.004445380273220312,0.06433178288122224,0.07056822411631986,-5.403443785436221e-4,-0.12155189102690354
2017-10-31,0.0017168395310222144,0.003930094683088828,0.004277905147432803,0.06238831896234146,0.06790963891458181,8.092921184898535e-4,0.1891795377874413
2017-11-01,-5.221309940026859e-4,0.0038335046424228217,0.004146995492997502,0.060854999601974255,0.06583151257546253,-0.0014296784065350471,-0.3447504124248896
2017-11-02,0.004140473595892128,0.003718920491132148,0.004069976855831286,0.05903603259094711,0.064608879613909,0.0032329261833597667,0.7943352745919846
2017-11-03,8.818058647760048e-4,0.003745551860286761,0.004191066132135546,0.05945879247008468,0.06653111228313614,-2.5741547756356203e-5,-0.006142004670119503
2017-11-06,0.0011599475408115751,0.003637865323070792,0.004061085794607442,0.057749321687945755,0.06446773839257056,2.524001282792142e-4,0.062150897825002
2017-11-07,0.0014319418971189637,0.00353846703533027,0.0039555301142982086,0.05617142278730338,0.06279209391515973,5.243944845866028e-4,0.13257249203869126
2017-11-08,-0.0022130024443646015,0.0034485549840933853,0.0038739623248090103,0.054744113222660415,0.061497245399269616,-0.0031205498568969625,-0.8055188964830235
2017-11-09,-0.004914391489970711,0.0033871554996401086,0.00402396520464656,0.053769426623714735,0.06387846729523158,-0.005821938902503072,-1.4468164127712517
2017-11-10,-0.005843546767190862,0.0034976460168261014,0.004633264298476056,0.055523409207945004,0.07355079055321072,-0.0067510941797232224,-1.4570923963788878
2017-11-13,0.0014680535135608666,0.003680806749708429,0.005270382808579038,0.05843099570289883,0.0836647333536616,5.605061010285057e-4,0.10635016874222562
2017-11-14,-8.967336485738255e-4,0.0035867462826492044,0.0049711552532954225,0.05693783207865108,0.07891464317347195,-0.0018042810611061865,-0.3629500526884798
2017-11-15,0.0011332401509065078,0.0034844098261428845,0.004773822916947807,0.055313291194823276,0.0757820894478291,2.256927383741468e-4,0.04727714921575805
2017-11-16,0.008099546702855323,0.0033896458695131288,0.004547304651198924,0.05380896001985421,0.07218622345631799,0.007191999290322962,1.5815960974655061
2017-11-17,0.004369629490268238,0.003838811871005018,0.005314826909504519,0.060939249243851044,0.08437026158341769,0.003462082077735877,0.6514007204156783
2017-11-20,0.0019127376546951105,0.003872713221895499,0.005213394730926092,0.061477416505243146,0.08276007566666962,0.0010051902421627495,0.19280915680524166
2017-11-21,-8.783768328552247e-4,0.0037838534798856674,0.004935533381999491,0.06006681183170291,0.07834916349736924,-0.0017859242453875856,-0.3618503021175128
2017-11-22,1.3756175141255134e-4,0.003674885995434159,0.0047429379280356405,0.05833700664259697,0.07529180544838962,-7.699856611198097e-4,-0.16234360913061976
2017-11-23,-0.002339635049006953,0.003563093494254525,0.004532117873566094,0.05656235570321774,0.07194514083532055,-0.003247182461539314,-0.7164823493401928
2017-11-24,1.8502428735926268e-4,0.003501761080317087,0.004556277492324927,0.055588733815703346,0.07232866289335657,-7.225231251730983e-4,-0.1585775068331971
2017-11-27,-7.509938974487039e-5,0.003395385819464535,0.004374898523536716,0.05390007890051048,0.06944936102653085,-9.826468022772314e-4,-0.22461019312577082
2017-11-28,-0.0027923869886459785,0.0032920000860176177,0.004233693966580195,0.052258881261635144,0.0672078081763548,-0.00369993440117834,-0.8739258034200793
2017-11-29,0.003170282128096946,0.0032641804787758234,0.0043854154832255795,0.05181725868763547,0.0696163125858422,0.002262734715564585,0.5159681503884073
2017-11-30,-0.0012632277797560894,0.0032586228797520816,0.00432921145341034,0.051729034538214855,0.0687241012724175,-0.00217077519228845,-0.5014250783658118
2017-12-01,0.006405786686150475,0.0031744685151234332,0.004275215607812103,0.05039312541492653,0.06786694379671604,0.005498239273618114,1.2860729792366914
2017-12-04,-0.0012005012262770731,0.0034546579449211954,0.004741059488186944,0.05484099472232974,0.07526198614023494,-0.002108048638809434,-0.44463661425509454
2017-12-05,-0.0064733575081728865,0.0033622989184604445,0.004606056101795095,0.05337484063024666,0.07311887382096859,-0.007380904920705248,-1.6024348721737727
2017-12-06,0.0038673323824952406,0.003625053409506204,0.0054009706028429385,0.057545938865281226,0.08573775032095811,0.0029597849699628796,0.5480098277900127
2017-12-07,0.005747037529031624,0.003640044927451855,0.005228725193666041,0.057783921834838554,0.0830034392180303,0.0048394901164992635,0.9255583220096768
2017-12-08,0.004129537858289438,0.003799557588857126,0.0053387497508590965,0.06031610683310494,0.08475002491668727,0.0032219904457570767,0.6035102966267717
2017-12-11,-0.002010598538022046,0.0038201602812136053,0.005205356467200928,0.06064316443498663,0.0826324721859324,-0.0029181459505544073,-0.5606044406260575
2017-12-12,-6.593158280880174e-5,0.003736382941907598,0.00506330758096352,0.0593132404031484,0.08037751602394508,-9.734789953411626e-4,-0.19226147726066345
2017-12-13,-0.0010077236683195083,0.003622593664445419,0.004807826077040267,0.05750689162296449,0.07632187288019888,-0.0019152710808518691,-0.398365300691352
2017-12-14,-0.004885756951080973,0.0035208982072364382,0.004646125680742437,0.05589252628752464,0.07375495866717101,-0.005793304363613334,-1.2469108159570021
2017-12-15,-2.925966749186106e-6,0.0036173412879737625,0.0050714774853637175,0.057423512731347943,0.08050720923561365,-9.104733792815471e-4,-0.17952823056183784
2017-12-18,0.005738524742031033,0.0035071425730551337,0.0048124962816164015,0.055674162364506376,0.07639601007948037,0.004830977329498672,1.0038402207089212
2017-12-19,8.591229427739233e-4,0.0036793866416789875,0.005014606998939527,0.058408452186814334,0.07960441825150756,-4.842446975843767e-5,-0.00965668292025244
2017-12-20,-0.0010140481204228093,0.003573499465408644,0.004749049726381219,0.0567275453741612,0.07538882723930428,-0.0019215955329551703,-0.40462737677405375
2017-12-21,0.004151301834471655,0.0034735287733011935,0.004598018153781478,0.05514055983589327,0.0729912753519968,0.003243754421939293,0.705467945852189
2017-12-22,-0.0026062872310383582,0.00351787953543999,0.004608327708817293,0.05584460635834588,0.07315493446451181,-0.0035138346435707193,-0.7624966941581786
2017-12-27,-0.001541051630915354,0.003469944067006822,0.004651830356982719,0.05508365438762458,0.07384551759502254,-0.0024485990434477147,-0.5263732456993404
2017-12-28,0.002286241307165408,0.0033853465887875214,0.00456330195785875,0.053740711054155746,0.07244017282673042,0.0013786938946330472,0.3021263785226203
2017-12-29,0.001993146800831587,0.003329647307676558,0.004408849373950254,0.052856512378007627,0.06998831406849111,0.0010855993882992263,0.24623190683571658
2018-01-02,6.0605119710436584e-5,0.0032649220774907625,0.004266229801209713,0.05182903120226947,0.06772429853912056,-8.469422928219244e-4,-0.19852242665919434
2018-01-03,0.0045618647051512235,0.003165494207954503,0.004138718906531343,0.050250662705177966,0.06570012583849866,0.0036543172926188625,0.8829585616099606
2018-01-04,0.0077298069470919835,0.0032661550699628708,0.004305354437878418,0.05184860435096715,0.06834538289168747,0.006822259534559623,1.5845988136394826
2018-01-05,0.002900440691926187,0.003689538959130288,0.005060313890560719,0.05856961523005707,0.0803299926620963,0.001992893279393826,0.393827996146895
2018-01-08,-0.0023952661669645785,0.0036470110007411098,0.004861347940854449,0.05789450482006666,0.07717150612834084,-0.0033028135794969395,-0.6794028363492172
2018-01-09,0.00299508449462534,0.0035842552763149255,0.004826727813586786,0.056898288579002344,0.07662192864569499,0.002087537082092979,0.4324952975837498
2018-01-10,-2.1066624037761384e-5,0.003551662230623938,0.00467499751349852,0.056380890018791235,0.07421328480337447,-9.286140365701223e-4,-0.198634124165597
2018-01-11,-0.0013840950588889787,0.0034434681576243843,0.004480718132655656,0.05466336235586331,0.07112919524390753,-0.0022916424714213394,-0.5114453539756844
2018-01-12,-0.0010712609007371514,0.0033557365396200485,0.004409212833259283,0.05327066609572258,0.0699940838061514,-0.001978808313269512,-0.4487894751514593
2018-01-15,-1.6017814534006577e-4,0.0032640719439049684,0.004323614074878792,0.0518155357499743,0.0686352456428873,-0.0010677255578724267,-0.24695209595050624
2018-01-16,-6.363611060588951e-4,0.0031648783764914217,0.004195090819294017,0.05024088668377291,0.06659500221109303,-0.001543908518591256,-0.36802743613809946
2018-01-17,0.004284208903550264,0.003072420081489878,0.004116589790308175,0.04877315675245813,0.06534883700893777,0.003376661491017904,0.8202569755596466
2018-01-18,0.0018621420586562572,0.0031582662971113276,0.004247387320240596,0.05013592317764043,0.06742518342675406,9.54594646123896e-4,0.22474866880513794
2018-01-19,0.005936153669619415,0.0030958394057279738,0.0041274076644940505,0.04914492699930126,0.06552056543779905,0.005028606257087054,1.2183449433273936
2018-01-22,0.002819194881863551,0.0033351826864288572,0.00453862209467037,0.05294438379155444,0.0720483921444051,0.00191164746933119,0.4211955587965798
2018-01-23,-0.0032228685680524656,0.003306494900292311,0.004424084911578606,0.052488979304860586,0.07023017073042102,-0.004130415980584826,-0.9336204126134205
2018-01-24,-0.0033140634230216883,0.003301537054545344,0.004599295244955531,0.05241027594355003,0.07301154854588542,-0.004221610835554049,-0.917882112522408
2018-01-25,-7.925304906382472e-4,0.003302289976590851,0.00474909195697533,0.05242222821048421,0.07538949762920269,-0.001700077903170608,-0.35797957137334063
2018-01-26,-0.0018466076842545602,0.003207568895415707,0.004582397456666363,0.050918577662256645,0.07274330447276445,-0.0027541550967869212,-0.601029291507711
2018-01-29,-0.002889346408696517,0.0031425763192134116,0.004538276760207442,0.04988685250007652,0.07204291012975682,-0.0037968938212288783,-0.8366377860691168
2018-01-30,7.344094383033848e-4,0.0031279606977906403,0.004636596572075688,0.049654836702828595,0.07360368875668102,-1.7313797422897627e-4,-0.03734160855652506
2018-01-31,-3.089295937962476e-4,0.0030380011969536286,0.004431913979882621,0.04822677389913515,0.0703544533367996,-0.0012164770063286085,-0.2744811861986606
2018-02-01,-0.005081820236689387,0.0029464233310856004,0.004291585428578458,0.046773020347026156,0.06812680664524288,-0.005989367649221748,-1.3956072292858128
2018-02-02,-0.011536641763030726,0.0031160904406466092,0.0048580342698394605,0.04946640221241963,0.07711890323174679,-0.012444189175563088,-2.561568833061015
2018-02-05,-0.025088785615633786,0.004136794005790247,0.007004282245801811,0.06566956898654211,0.11118953360937946,-0.025996333028166146,-3.711491358553932
2018-02-06,0.0014465932103752688,0.0073384678637707194,0.01275701409359909,0.11649456583066048,0.20251132058045554,5.390457978429078e-4,0.04225485633925711
2018-02-07,8.50650018287824e-4,0.0071237266839287204,0.01151538869271991,0.11308565528202133,0.1828011283870924,-5.689739424453693e-5,-0.004940987730662341
2018-02-08,-0.019329394732978806,0.00690985161074359,0.01041440290977901,0.10969049375031976,0.16532352091501623,-0.020236942145511166,-1.9431687366837807
2018-02-09,-0.001222458715968137,0.008203585580107309,0.012748526510435903,0.1302278838239969,0.20237658437476488,-0.002130006128500498,-0.16707861310535627
2018-02-12,0.007510022022232166,0.007959305981470412,0.01154087715216453,0.12635006541383748,0.18320574513704813,0.006602474609699804,0.5720946963257024
2018-02-13,4.1503453405916646e-4,0.007933066522520479,0.01080456441060011,0.12593352691632703,0.17151714272896235,-4.925128784731945e-4,-0.04558377920261195
2018-02-14,0.009493780265144542,0.007692065197562925,0.009788722829635261,0.12210774948747852,0.1553911575609323,0.008586232852612181,0.877155580155712
2018-02-15,0.0025973282682704157,0.007811895212220663,0.009605167028734327,0.12400999199779211,0.15247729955560935,0.0016897808557380547,0.1759241511035667
2018-02-16,-0.002842696938588777,0.007600587559281358,0.008758845599577455,0.12065558699897923,0.13904236337096623,-0.003750244351121138,-0.4281665098996673
2018-02-20,-0.0010708066516456616,0.0074018680699269495,0.008142522429571973,0.11750101290201814,0.1292585363604773,-0.0019783540641780226,-0.24296574940869015
2018-02-21,0.014644334391654652,0.007181169088821149,0.0074936435380030635,0.1139975251903504,0.11895790329193381,0.013736786979122291,1.8331252226580992
2018-02-22,-8.995526932650451e-4,0.007832140824818071,0.009008206202543122,0.1243313811342295,0.14300084022431186,-0.0018071001057974063,-0.20060598804756938
2018-02-23,0.010499188649444286,0.007596738498110397,0.008240626765707864,0.1205944850471426,0.13081589441619323,0.009591641236911926,1.1639455965687107
2018-02-26,0.0028570781787941217,0.007801396503059529,0.008556874096668537,0.12384333015662678,0.1358361651592525,0.001949530766261761,0.2278321200285949
2018-02-27,0.001853591494190491,0.007596041988908235,0.00785277502370278,0.12058342830633387,0.12465893888674143,9.460440816581301e-4,0.12047258183286734
2018-02-28,-0.014454224682231174,0.007378618485127259,0.007204774809911698,0.11713193718522522,0.11437225439549407,-0.015361772094763535,-2.132165473600945
2018-03-01,9.497732961213925e-4,0.007982032746987652,0.009285712280954548,0.12671084163181848,0.1474061126490244,4.222588358903157e-5,0.004547403829821319
2018-03-02,-0.0037092245514587043,0.007742363988239364,0.008448769946688185,0.12290621803574142,0.13412006498000026,-0.004616771963991065,-0.5464430909023371
2018-03-05,0.0040494656445939445,0.007561286195164897,0.00795826653085197,0.1200316971851527,0.1263335646468183,0.0031419182320615835,0.3947993221741502
2018-03-06,0.002385147690581864,0.00739773994609736,0.007406102335381736,0.11743548096781191,0.11756822978228852,0.0014776002780495033,0.1995111883602325
2018-03-07,-0.0013608904757074214,0.007196130814669281,0.0068330677930876745,0.1142350352250213,0.10847158843292967,-0.0022684378882397824,-0.33197942080049786
2018-03-08,0.00655742545583445,0.006984866652480566,0.006379536488363118,0.11088132062047078,0.10127200216842669,0.005649878043302088,0.8856251631459439
2018-03-09,0.004363809558883528,0.006959960498471848,0.006380027914070413,0.11048594768273792,0.10127980330968289,0.0034562621463511667,0.5417315085297324
2018-03-12,-3.285084807838068e-4,0.006832068293265472,0.006093537065612538,0.10845572186513966,0.09673190208219032,-0.0012360558933161678,-0.20284702956704115
2018-03-13,9.736357120148456e-4,0.00662442471489635,0.005692800934062343,0.10515948224691417,0.09037041320955101,6.608829948248462e-5,0.011609100730547498
2018-03-14,0.002123353493408327,0.0064270444704477075,0.005325329054204372,0.1020261680037447,0.08453697796206945,0.0012158060808759661,0.228306282766899
2018-03-15,0.0023483009744390175,0.00625291966932919,0.005038486599900651,0.09926202247865563,0.07998349516481111,0.0014407535619066567,0.28594966630159646
2018-03-16,3.164356152665822e-4,0.006089658050794963,0.004807997802864028,0.09667032463095489,0.07632459894313905,-5.911117972657789e-4,-0.12294344163669654
2018-03-19,-0.0028172936717291894,0.005904651298340296,0.0045818374192781244,0.09373343348377847,0.07273441415483939,-0.003724841084261551,-0.812957934428063
2018-03-20,0.0029178980696359194,0.005766215496810552,0.004660314994237559,0.09153583326340486,0.07398020703586795,0.0020103506571035584,0.4313765613674913
2018-03-21,-2.2602268836583676e-5,0.005636056638732951,0.004531755511434509,0.08946962544697197,0.07193938851481221,-9.301496813689447e-4,-0.2052515143462604
2018-03-22,-0.015174352502188328,0.005464362453265597,0.004361542121963937,0.08674406474915747,0.06923733472469713,-0.01608189991472069,-3.6872049988317555
2018-03-23,-0.017686648132303785,0.006471735472889745,0.007999427518341878,0.10273561567356757,0.12698697506651513,-0.018594195544836146,-2.324440780568552
2018-03-26,0.002162888329969285,0.0076249203116197485,0.010749268816307986,0.12104185746738587,0.17063935238239544,0.001255340917436924,0.11678384259331338
2018-03-27,-0.006046513708833134,0.007411594317602209,0.009752187354923425,0.11765541229724949,0.15481117488021703,-0.006954061121365495,-0.713077063460508
2018-03-28,-7.234868539600277e-4,0.0073368553339190875,0.009335119904078242,0.11646896771284597,0.148190434350961,-0.0016310342664923889,-0.17472022676214768
2018-03-29,0.008273629341895497,0.007115552361769023,0.008520180401465087,0.11295589194059483,0.1352536708060985,0.007366081929363136,0.8645453009535458
2018-04-02,-0.008115891262740982,0.007190298800294503,0.008378826634707187,0.11414245486695201,0.1330097493237567,-0.009023438675273342,-1.0769334500723542
2018-04-03,-0.0052631190369895236,0.007249167847869416,0.008553441795283551,0.11507697202576671,0.13578167906391672,-0.006170666449521884,-0.7214249652022474
2018-04-04,-0.004730371475030137,0.0071455884108476315,0.008231629870478162,0.1134326994379684,0.13067307313209628,-0.005637918887562499,-0.684909182783142
2018-04-05,0.009252921415928076,0.007024133581482652,0.0078939481779807,0.11150466379380328,0.12531254244821025,0.008345374003395715,1.0571863173201743
2018-04-06,-0.010459708295398976,0.007177404732913005,0.008046344255080025,0.11393776789287469,0.1277317551729301,-0.011367255707931337,-1.4127230140264837
2018-04-09,0.006011283995029518,0.007415427178223097,0.008795309848166975,0.11771625707332654,0.1396212153720425,0.005103736582497157,0.5802793387160571
2018-04-10,-7.293646950529697e-4,0.0073387586646197775,0.00830417252134588,0.1164991821510264,0.13182465201394447,-0.0016369121075853308,-0.1971192317329207
2018-04-11,-0.009073411811518956,0.007117433131739513,0.007619642398452441,0.11298574823828623,0.12095807319329333,-0.009980959224051318,-1.3098986411853741
2018-04-12,-0.002397926273058385,0.007249689044074997,0.00816771305889262,0.11508524575903215,0.12965842520378718,-0.003305473685590746,-0.40470002579141806
2018-04-13,-0.0055713148059470434,0.00705333359386153,0.0075986445715115515,0.11196819962001038,0.12062474302434313,-0.006478862218479404,-0.8526339345795463
2018-04-16,0.0028062321862611,0.0069733002817271355,0.007491942990122241,0.1106977101769599,0.11893090793122253,0.0018986847737287392,0.25343022180388475
2018-04-17,-6.374420559530819e-4,0.006795719105067547,0.006925884977208112,0.1078786963911549,0.10994501555238549,-0.0015449894684854428,-0.223074664619718
2018-04-18,0.0037023633554611832,0.006590543999410301,0.006420684093574431,0.10462164256241205,0.10192520015103668,0.0027948159429288222,0.43528320381402424
2018-04-19,-0.0036521290923213576,0.00645380536277823,0.006066836653995377,0.10245098399955713,0.0963080461879379,-0.004559676504853719,-0.7515739692531359
2018-04-20,0.004585469547256323,0.0063208219604262185,0.005966517856771169,0.10033993793282114,0.09471553465225567,0.003677922134723962,0.6164269047732811
2018-04-23,0.006483628191000197,0.0062303462743422905,0.005773475185153425,0.09890368094236501,0.09165107724311132,0.005576080778467836,0.9658101229579731
2018-04-24,9.266138729715488e-4,0.006245832841780682,0.005887961299035699,0.09914952257898911,0.09346848795852762,1.9066460439187832e-5,0.003238210896921222
2018-04-25,0.0029283667384900993,0.006059811796614906,0.005492288367592583,0.09619653003419136,0.08718737489581727,0.0020208193259577383,0.36793758643148544
2018-04-26,0.010534949863517957,0.005918830946654524,0.005224652713341879,0.09395852842248527,0.0829387905970887,0.009627402450985596,1.8426875390972266
2018-04-27,0.005651512919806256,0.0062920359428551426,0.006393528920942349,0.09988297407044713,0.10149412514947559,0.004743965507273895,0.7419948460285805
2018-04-30,-0.0032698943892674097,0.006255454357980271,0.006257857662135595,0.09930225941358606,0.09934041068430507,-0.00417744180179977,-0.6675514253186371
2018-05-01,0.002184555248339955,0.006117548465709581,0.006073149533598472,0.09711307124191379,0.09640826004485678,0.001277007835807594,0.21027110047971095
2018-05-02,0.0019065333363992296,0.005955272636451692,0.005676981548296635,0.09453702231383487,0.09011928824577187,9.989859238668686e-4,0.17597131774483432
2018-05-03,-0.001996329902280565,0.00579270644912809,0.00532854047250629,0.09195636409435771,0.08458795764716551,-0.002903877314812926,-0.5449667371011037
2018-05-04,0.003262780439447647,0.005637485353430936,0.005163289739967733,0.08949230558968396,0.08196468359355587,0.002355233026915286,0.4561496924497606
2018-05-07,0.006501442471003888,0.005523867378504118,0.0049755996040158545,0.08768867615294516,0.07898519505394443,0.005593895058471528,1.1242655164528594
2018-05-08,0.0034734882141372507,0.005587347261322696,0.005277063420985889,0.08869638805210603,0.08377078478786645,0.00256594080160489,0.4862440711628793
2018-05-09,0.007231812545033245,0.005483543532782305,0.005088414447550323,0.08704855494683124,0.08077607517507762,0.0063242651325008835,1.2428753981597407
2018-05-10,0.0029805208892625945,0.0056038416694758186,0.005505859994569598,0.08895822866408419,0.08740281779502357,0.0020729734767302335,0.37650312190553287
2018-05-11,0.003925388212654646,0.005481958523688424,0.0052397111077508215,0.08702339370750213,0.0831778351975886,0.0030178408001222843,0.575955570462302
2018-05-14,0.005511750955316603,0.0054012292542824575,0.005101957497259429,0.0857418562852694,0.08099106442421972,0.004604203542784242,0.9024386316933137
2018-05-15,3.473266801782282e-4,0.005407924252935099,0.005201657367476152,0.0858481360940462,0.0825737507982529,-5.602207323541328e-4,-0.1077004294548436
2018-05-16,0.0020928368153462587,0.005243867293450554,0.004912939416632035,0.08324381260017318,0.07799049541641068,0.0011852894028138976,0.2412587052877702
2018-05-17,-6.645022213749852e-4,0.005109897601320533,0.004690187568271409,0.08111710966859764,0.07445441944735755,-0.0015720496339073462,-0.3351784147273949
2018-05-18,-0.002340478548530977,0.004956902669848904,0.0045253525427923595,0.07868839042543384,0.07183774453873419,-0.0032480259610633377,-0.7177398733799312
2018-05-22,0.004659836016472129,0.004839969155255217,0.0045510063691886335,0.07683212842817203,0.07224498640766477,0.0037522886039397674,0.8244964518932845
2018-05-23,-0.005681668412247561,0.004829350643763324,0.004640064647422505,0.07666356478396465,0.0736587427460553,-0.006589215824779921,-1.4200698320960128
2018-05-24,-0.004165246014242082,0.004884685387903309,0.005238365662526298,0.07754197661509937,0.08315647691678811,-0.005072793426774444,-0.968392386782712
2018-05-25,-2.7017146299129774e-4,0.004844532869123494,0.0053849060964273054,0.07690457513987392,0.0854827341874935,-0.0011777188755236587,-0.21870741187205353
2018-05-28,-2.6107661542251753e-4,0.004697415071502807,0.00508725127751039,0.07456915250425872,0.08075761042312876,-0.0011686240279548785,-0.22971619922159267
2018-05-29,-0.019639960639575384,0.004554761850271653,0.004835739569598968,0.07230460282165924,0.07676498583740034,-0.020547508052107744,-4.249093185514902
2018-05-30,0.0035708345398624735,0.0065302976515142774,0.009837752831624516,0.1036652614388155,0.15616948471319972,0.002663287127330113,0.2707210856902899
2018-05-31,0.004910546278979873,0.0063914905719241275,0.009005095799790933,0.10146176736195138,0.1429514641113546,0.0040029988664475125,0.4445259612385743
2018-06-01,-0.005889744184668884,0.006312439347242514,0.00837548774259956,0.10020686807389555,0.13295674605472915,-0.006797291597201245,-0.8115696429986681
2018-06-04,0.002868960484550709,0.0062878789965702285,0.008173563227785847,0.09981698459394711,0.1297512937559024,0.001961413072018348,0.23997037979110108
2018-06-05,5.356607502524831e-4,0.006136695608769697,0.007519815444882811,0.09741702271504046,0.11937336943357474,-3.718866622798779e-4,-0.04945422730194057
2018-06-06,0.004903635162944138,0.005951193742550594,0.006905166352597964,0.09447227188051574,0.10961611758303097,0.003996087750411778,0.5787098451159414
2018-06-07,0.002566191368457408,0.0058935933701237545,0.006590087509773325,0.09355789431531902,0.10461439601407894,0.0016586439559250468,0.2516876981474406
2018-06-08,0.0017959131257663796,0.005748521247416364,0.006136941525263713,0.09125494576220701,0.09742092651835918,8.883657132340186e-4,0.1447570763998512
2018-06-11,-7.943979145472548e-4,0.005590732060955483,0.005718395243927917,0.08875012008050286,0.09077671028284684,-0.0017019453270796158,-0.2976263889570816
2018-06-12,0.0013989415219029335,0.005423907444043458,0.0053954388230314865,0.08610186138702583,0.08564993603882609,4.913941093705726e-4,0.09107583747830865
2018-06-13,0.00311972205430235,0.005269826172347554,0.005075989949484276,0.08365589702742621,0.08057884238279225,0.002212174641769989,0.43581147003546516
2018-06-14,-0.0011917155073199643,0.0051661168933077525,0.0048913111775397726,0.0820095632614915,0.07764715776480444,-0.0020992629198523256,-0.42918204212642447
2018-06-15,-0.001118240331872485,0.005017235202880544,0.004729285824328247,0.0796461396956437,0.07507508502069386,-0.002025787744404846,-0.42834961126347054
2018-06-18,0.0026506587886995225,0.004872095834705216,0.00458973794703247,0.07734212365382194,0.07285983114482436,0.0017431113761671615,0.37978450976578815
2018-06-19,-0.0015947145811071595,0.0047680853887116376,0.004453672708509058,0.07569100901071041,0.07069986244554256,-0.002502261993639521,-0.5618423618912929
2018-06-20,0.006167429768049255,0.004639304565698874,0.004407819284714593,0.07364667682275443,0.06997196190881654,0.005259882355516894,1.1933071697737427
2018-06-21,0.0033390560083249956,0.004744890877432775,0.004789439903089151,0.07532280755895708,0.07603000141717912,0.0024315085957926346,0.5076811996793885
2018-06-22,0.004402194813373228,0.0046724841116930465,0.004674122687825558,0.07417338578664208,0.07419939737634731,0.0034946474008408666,0.7476584664632769
2018-06-25,-0.013481004164221062,0.004656709187621225,0.004701455500655147,0.07392296663037229,0.07463329232862112,-0.014388551576753424,-3.0604461904932165
2018-06-26,3.1748687872880843e-4,0.005593575996367272,0.00756373181884131,0.0887952661555688,0.12007052025744214,-5.900605338035526e-4,-0.07801182642855047
2018-06-27,-0.0022657646355134413,0.005423730704653196,0.006946112700808486,0.08609905573618482,0.11026612070979874,-0.0031733120480458023,-0.45684718701388877
2018-06-28,-0.0034028444135463056,0.005287708845446634,0.0065441497355039355,0.08393977566220959,0.10388515645507519,-0.004310391826078667,-0.6586633864279609
2018-06-29,0.002140748745593631,0.005193942043412681,0.006325768443225045,0.0824512738257156,0.10041846091292207,0.0012332013330612701,0.19494885785489663
2018-07-03,-5.964158929642009e-4,0.005062941854773344,0.005891725296924344,0.08037171030066219,0.09352823957261999,-0.0015039633054965617,-0.25526704483009
2018-07-04,0.0021927520829600105,0.004910877734821914,0.005532253738874792,0.07795776723229793,0.08782180549661979,0.0012852046704276497,0.23231122994171416
2018-07-05,2.5411166585872136e-4,0.00479147228110807,0.005216660356083176,0.07606226441802792,0.08281191585891443,-6.534357466736395e-4,-0.12525940008949685
2018-07-06,0.004348383033017396,0.00464592171562467,0.004927697055493989,0.07375172082130453,0.07822476567061407,0.0034408356204850355,0.6982644390950897
2018-07-09,0.0048868777375215364,0.004628608794504037,0.0048972727688342006,0.07347688671878491,0.07774179509270403,0.003979330324989175,0.8125604827064713
2018-07-10,0.0022653392658924893,0.004644509947399782,0.004945719802678507,0.07372930969551303,0.07851086791256862,0.0013577918533601283,0.2745387744418465
2018-07-11,-0.003455975128827245,0.004537079458394073,0.004725971396808947,0.07202390355270205,0.07502247011496616,-0.0043635225413596055,-0.923307014576078
2018-07-12,0.004531707066009878,0.004479577039915589,0.004869959688549148,0.07111108095822906,0.0773082133848637,0.003624159653477518,0.7441867870075168
2018-07-13,-0.0015018764279381425,0.004482721937068371,0.00487473853696151,0.07116100465281987,0.077384075251578,-0.0024094238404705035,-0.49426729704611594
2018-07-16,0.002994283700473499,0.004361702210772457,0.004742075639480466,0.06923987605574732,0.0752781170419374,0.002086736287941138,0.4400470272063727
2018-07-17,0.0010991096980370967,0.004291960332722703,0.004605153675697512,0.06813275806402985,0.07310454825078366,1.9156228550473568e-4,0.04159737090113959
2018-07-18,-0.002030891245282644,0.004169910144775834,0.004405764185744066,0.0661952713953732,0.06993933822404269,-0.0029384386578150045,-0.6669532307977457
2018-07-19,4.99645409380578e-4,0.004073368720553553,0.004417543992907055,0.06466272379712434,0.07012633686551609,-4.07902003151783e-4,-0.09233682874618183
2018-07-20,-9.810246158099185e-4,0.003951173433510095,0.004252145680426217,0.06272293375171747,0.0675007200529518,-0.0018885720283422797,-0.44414565498917186
2018-07-23,0.003339322801614493,0.0038383342440940307,0.004188502019932349,0.06093166715169538,0.0664904082637962,0.002431775389082132,0.5805835540987537
2018-07-24,0.0013162052607130954,0.003810236972896141,0.004187424923443545,0.060485636799040454,0.06647330988711182,4.086578481807343e-4,0.09759168358884222
2018-07-25,0.0027052644232157803,0.003708203772656917,0.004061751850505769,0.0588659099592102,0.06447831170216799,0.0017977170106834193,0.4425964649858084
2018-07-26,-1.9167848192599052e-4,0.0036557948578038665,0.004027170621425678,0.058033944228106614,0.06392935170910674,-0.0010992258944583515,-0.27295240201896614
2018-07-27,0.001984304896320843,0.0035447355780411165,0.003953729026929662,0.056270932817877505,0.06276350253955969,0.0010767574837884822,0.27233972699051084
2018-07-30,0.0018154799893346785,0.0034709493304325885,0.0038928959136331114,0.05509961244978471,0.061797806803996755,9.079325768023175e-4,0.23322806387468345
2018-07-31,0.002027522223316184,0.0033944657833987787,0.003835754350288984,0.05388547378074727,0.06089071260719272,0.001119974810783823,0.2919829343866728
2018-08-01,0.001569528606279106,0.003328318623471563,0.003799604127822981,0.05283542017014349,0.060316845616284497,6.619811937467452e-4,0.1742237273876301
2018-08-02,0.0011016315757566377,0.003249745800911586,0.003751016125171801,0.05158811528033086,0.05954553498598628,1.940841632242768e-4,0.05174175656613247
2018-08-03,-0.00113429429075886,0.0031622796258446496,0.0037020363815803503,0.05019963279618795,0.05876800566105015,-0.0020418417032912212,-0.5515455529963177
2018-08-07,-0.006713949039381717,0.003078507608954887,0.00376209850915694,0.04886979325508826,0.05972146237773669,-0.007621496451914078,-2.025863074388768
2018-08-08,0.005464015377611171,0.0034078150264787595,0.004916418808897015,0.054097386445030746,0.07804572905629134,0.00455646796507881,0.9267859680369747
2018-08-09,0.006667273781660358,0.00356479156504543,0.005049049681399325,0.05658931174134564,0.0801511788851551,0.005759726369127996,1.140754544433738
2018-08-10,-0.00539731786525599,0.0038226204296088356,0.0053640782052408655,0.060682218080039194,0.0851521016650141,-0.006304865277788351,-1.175386531767622
2018-08-13,0.0012822611914975837,0.0039349134349115945,0.005707371347351287,0.06246481427605814,0.09060171134992288,3.747137789652227e-4,0.06565435402045852
2018-08-14,0.0068628749253265555,0.0038279475886728313,0.005340064858089584,0.06076678410850609,0.08477090159676279,0.005955327512794194,1.115216326216068
2018-08-15,-0.0040381260527761476,0.004074301769821319,0.00562146521077565,0.06467753549506523,0.08923799370908198,-0.004945673465308509,-0.879783700489379
2018-08-16,0.0060179970527306495,0.004072140289572739,0.00566524901493517,0.0646432230598561,0.08993304005263264,0.005110449640198288,0.9020697283960023
2018-08-17,0.007635443900063395,0.0042143047181337455,0.005725990056052395,0.06690001339936828,0.0908972741876606,0.0067278964875310335,1.1749752307759633
2018-08-20,8.295579145274159e-4,0.0044936335648234835,0.0060638634678096305,0.0713342213734535,0.09626084832044403,-7.798949800494504e-5,-0.012861354550437487
2018-08-21,-0.0012457624972131618,0.004361475442786193,0.005643311134551339,0.06923627622556552,0.089584786997907645,-0.002153309909745523,-0.38156852571211597
2018-08-22,0.004774763869905997,0.004239603213475662,0.0053610179226803835,0.06730161456268131,0.08510352118543436,0.0038672164573736356,0.7213586138208838
2018-08-23,-0.0011880046627771312,0.004273603103243439,0.00530147793059885,0.06784134608025619,0.08415835311277141,-0.0020955520753094922,-0.3952769591314286
2018-08-24,-7.602313397008785e-4,0.0041536181552636305,0.005070069990739653,0.06593664407970262,0.08048486595113204,-0.0016677787522332394,-0.32894590316886996
2018-08-27,0.0022803491913918985,0.004031385401365555,0.004847525402660816,0.0639962592664174,0.07695208013705257,0.0013728017788595375,0.2831964074094391
2018-08-28,-0.002381366462654818,0.003948283640414353,0.004644714540367454,0.0626770597084869,0.07373255750818776,-0.003288913875187179,-0.7080981719335081
2018-08-29,0.001610153446907532,0.003872190782570149,0.004651298267360148,0.06146912303806317,0.07383707093412342,7.026060343751712e-4,0.15105589751266077
2018-08-30,-7.089246316299147e-4,0.0037748887952599665,0.004453548137391893,0.05992450187509254,0.07069788494036319,-0.0016164720441622757,-0.36296274213147306
2018-08-31,-0.003985075260232914,0.0036640077428390324,0.004332942109206746,0.05816431973620309,0.06878332359720433,-0.004892622672765274,-1.1291687148021905
2018-09-04,-0.0013053932744842383,0.0036840609475132934,0.0046634254491006635,0.05848265449155093,0.07402958397606035,-0.0022129406870165995,-0.4745311598030076
2018-09-05,0.0026534035118855326,0.003586113475220369,0.0045511836069555564,0.05692778657214412,0.07224779996999002,0.0017458560993531716,0.3836048487881233
2018-09-06,0.0019829595364144743,0.0035370934787676833,0.004422123439830502,0.05614961825284567,0.07019903333172604,0.0010754121238821133,0.24318907839518233
2018-09-07,-0.0013524477407996414,0.0034635669723959207,0.004276737715333934,0.05498242114905914,0.06789110650454483,-0.0022599951533320024,-0.5284390354893528
2018-09-10,-0.0013966343919053308,0.003374354056027787,0.004241140453308572,0.05356621000638982,0.06732601748850137,-0.002304181804437692,-0.5432929726814796
2018-09-11,0.0011554475860811226,0.0032893957857309405,0.004216752500662457,0.05221753927624785,0.06693887074237552,2.479001735487617e-4,0.05878935828218902
2018-09-12,-0.006411386900898393,0.003201721522013469,0.004083621041251666,0.05082575348718512,0.06482547434269527,-0.007318934313430754,-1.7922657953558383
2018-09-13,-7.637388488129411e-4,0.003478837791825523,0.005037657582597052,0.05522483789222054,0.07997033492310376,-0.0016712862613453023,-0.33175860684117947
2018-09-14,0.002917177532771505,0.003378042548677361,0.00482065259816176,0.0536247630119706,0.0765254875906404,0.002009630120239144,0.4168792667211631
2018-09-17,0.0042285892422107745,0.0033521778977996636,0.004663857046374787,0.053214174408151224,0.07403643537038354,0.003321041829678414,0.712080536915225
2018-09-18,0.0044148621530921695,0.003411118420364092,0.004670660794477307,0.05414982619724923,0.07414444152315791,0.003507314740559808,0.7509247395372696
2018-09-19,5.014987334985843e-4,0.0034795180147443876,0.004700394801764925,0.055235636096296954,0.07461645425574442,-4.060486790337767e-4,-0.08638607950151586
2018-09-20,0.0049377724509356655,0.003375753684263252,0.004488010904134537,0.05358842841582373,0.07124496440211678,0.004030225038403304,0.8979980495792687
2018-09-21,0.0017965537750320357,0.003489250057998288,0.004632762993961977,0.05539012749348702,0.07354283259075851,8.890063624996747e-4,0.19189549814189588
2018-09-24,-4.312294503421668e-4,0.003411455750438734,0.004444060166351118,0.05415518114617271,0.07054726806944037,-0.0013387768628745278,-0.301250841069003
2018-09-25,-0.005815010270331156,0.003309215321990994,0.004308117683922602,0.052532164660516224,0.06838924806275264,-0.006722557682863517,-1.5604396574288877
2018-09-26,0.0039084384789220454,0.003510372110062603,0.005038241084622483,0.05572542967513623,0.07997959773059653,0.003000891066389685,0.5956227611951488
2018-09-27,7.436916532833995e-4,0.003535520200854488,0.00493520962911619,0.05612464324023664,0.07834402407967651,-1.6385575924896144e-4,-0.03320137776565028
2018-09-28,-0.009907634521581924,0.0034326510952499894,0.004682554217090727,0.05449164681410978,0.0743332437539929,-0.010815181934114284,-2.30967575231489
2018-10-01,9.133931142523327e-4,0.004118953900933126,0.006397940988206899,0.06538636610165056,0.10156416454597371,5.8457017199717295e-6,9.136848449754238e-4
2018-10-02,-0.006185345081271275,0.0039997364391421205,0.005930776783903059,0.06349384756663849,0.09414816270985774,-0.007092892493803637,-1.1959466276078234
2018-10-03,0.001307686208596226,0.00416335534324295,0.006291466390051969,0.06609121714687682,0.09987393269999283,4.0013879606386497e-4,0.06360024376774263
2018-10-04,-0.002627574196594114,0.004049212101689934,0.005841461092516914,0.0642792493609485,0.09273032006435654,-0.003535121609126475,-0.6051776350363903
2018-10-05,-0.0036615522964749308,0.003978265991021756,0.005654023324541569,0.06315301476905691,0.0897548377421738,-0.004569099709007291,-0.8081147612488415
2018-10-09,-0.0038678331021478876,0.003959977549278574,0.005634415073811443,0.06286269475674079,0.08944356641171232,-0.004775380514680249,-0.8475379346608745
2018-10-10,-0.011694528724469022,0.003954509430221046,0.005649336760924674,0.06277589105774771,0.08968044085117108,-0.012602076137001383,-2.2307178117203788
2018-10-11,-0.021697648646396797,0.0047859770443380335,0.007511016194463102,0.07597503023869433,0.11923368566356875,-0.022605196058929158,-3.009605554517781
2018-10-12,-0.0013621913112071282,0.007055389365566147,0.01179386315453915,0.11200083398410683,0.18722177342182997,-0.0022697387237394892,-0.19245082751921927
2018-10-15,-0.0039496390539267194,0.006848586851596389,0.01070379957046323,0.10871794584930518,0.16991755048155416,-0.00485718646645908,-0.4537815225784235
2018-10-16,0.010955723844002375,0.006710062016956743,0.009913100436239471,0.10651893227212808,0.15736559085537327,0.010048176431470015,1.013626008946378
2018-10-17,0.0037215620684568256,0.007037407863118621,0.009954833099650874,0.1117153864820541,0.1580280763489829,0.002814014655924465,0.2826782355620965
2018-10-18,-0.008597159033398711,0.006883647602814467,0.009115492974671142,0.10927451802031803,0.14470396493241744,-0.009504706445931073,-1.0426980166998563
2018-10-19,-9.724674513039709e-4,0.006998299555412178,0.009222884968373353,0.11109456134372708,0.14640875998123024,-0.0018800148638363318,-0.20384238449066458
2018-10-22,-0.0061182261463300636,0.006789283205455204,0.00843118996890339,0.10777652965213148,0.13384099148436462,-0.007025773558862425,-0.8333074672466712
2018-10-23,5.142761927432826e-5,0.006750901119695188,0.00825356640148473,0.10716723292980575,0.13102130476612128,-8.561197932580327e-4,-0.1037272557841209
2018-10-24,-0.022780004307335656,0.006545253597854638,0.007552506846951461,0.10390267972664483,0.11989232935287675,-0.023687551719868017,-3.1363826872172123
2018-10-25,0.0046494871095382004,0.008450185782286046,0.012188977442406887,0.134142540673336,0.19349401829270846,0.0037419396970058394,0.306993733862136
2018-10-26,-0.005278127131631837,0.008271539469333745,0.011123503658336885,0.13130661837307359,0.1765801463260595,-0.0061856745441641985,-0.556090484991043
2018-10-29,-0.005545324820555142,0.008123101676222039,0.01040295219614451,0.1289502414586526,0.1651417464713496,-0.006452872233087503,-0.6202924046386596
2018-10-30,0.011278083363602993,0.007991916643311212,0.009819691866113034,0.12686774362175737,0.15588277577411314,0.010370535951070632,1.056095862524823
2018-10-31,0.0035579543442200157,0.008226189737478668,0.009940037986060031,0.13058671369800162,0.15779321120190096,0.0026504069316876542,0.26663951741478265
2018-11-01,-5.811814906951189e-4,0.008023062263756443,0.00909377457847038,0.1273621650185187,0.1443591960810831,-0.0014887289032274797,-0.16370857781674764
2018-11-02,0.002148305023613202,0.007779950046005018,0.008304110254556402,0.1235028782054088,0.13182366355930508,0.0012407576110808414,0.14941487685571697
2018-11-05,0.0033004085931497285,0.007561274907295883,0.007606174661169311,0.12003151799578725,0.12074427949184985,0.0023928611806173674,0.31459456128890795
2018-11-06,9.825686916947922e-4,0.007375368963189871,0.007051709026613355,0.11708035262366816,0.11194241041444976,7.502127916243121e-5,0.010638737202470877
2018-11-07,6.591009257072564e-4,0.007154734780313474,0.006496503195485801,0.1135778935520028,0.10312879108075117,-2.4844648682510463e-4,-0.038243110077701745
2018-11-08,0.00507858269205615,0.006938651225695505,0.006016741447148738,0.11014767346442288,0.09551280943278262,0.0041710352795237896,0.693238244681495
2018-11-09,-0.005746863171340229,0.006841323564306699,0.0058743115792530345,0.10860264473808917,0.09325180537446373,-0.0066544105838725895,-1.1327983703443172
2018-11-12,-0.007121882218623532,0.006780639483371184,0.0061619606464627654,0.10763931481791383,0.09781809275464365,-0.008029429631155893,-1.3030640881754312
2018-11-13,0.005988015565632739,0.006801596862164198,0.006659934243857206,0.1079720028924224,0.105723178543735,0.005080468153100377,0.7628405877710204
2018-11-14,-1.97093050830488e-5,0.006755545611402039,0.006521740847639413,0.10724096194994152,0.10352942638839284,-9.272567176154098e-4,-0.14217932593120997
2018-11-15,0.0020885094275333582,0.006549746256510381,0.0060503561073553345,0.10397399847181642,0.09604642562065818,0.0011809620150009972,0.19518884410213772
2018-11-16,-0.003262369085770914,0.0063707878446017325,0.005653752033020154,0.10113312175421635,0.089750531122783,-0.0041699164983032755,-0.7375485295338935
2018-11-19,-0.007331308721245007,0.006228186302478218,0.005578460714898934,0.09886939245201762,0.08855531850099702,-0.008238856133777369,-1.4769049303821498
2018-11-20,-0.013595310262247806,0.006299823139997412,0.006283987185831253,0.10000659199273919,0.09975520401375675,-0.014502857674780167,-2.3079069460040147
2018-11-21,0.012176959718227446,0.006956755922636561,0.008467572815741337,0.11043507661843223,0.13441855127269517,0.011269412305695083,1.3308905102941764
2018-11-22,-0.004044338427563243,0.007374914688853734,0.009084145480491256,0.11707314124214566,0.1442063388894673,-0.004951885840095605,-0.5451130049304114
2018-11-23,0.002908408318726296,0.007218545910832611,0.008533124654573114,0.11459086384539192,0.1354591544538864,0.002000860906193935,0.23448162158531502
2018-11-26,2.8950335216289628e-5,0.0070348056902587225,0.007834406634177716,0.11167407826851995,0.12436734974273292,-8.785970773160714e-4,-0.112145963101172
2018-11-27,0.004068310104101043,0.006820500855584526,0.007187236984638776,0.10827209448467953,0.11409385005023975,0.0031607626915686826,0.43977438038068806
2018-11-28,0.019219269395232254,0.006687387145362181,0.006748041389697023,0.10615897984463088,0.10712183612345412,0.018311721982699893,2.713635101684233
2018-11-29,-0.005256535927187889,0.008012533743281754,0.009946138312712696,0.12719502993742185,0.15789005088533623,-0.00616408333972025,-0.6197463926116533
2018-11-30,-0.003067387766269099,0.0078744222242158185,0.00939905313301079,0.1250025775415709,0.1492053428965743,-0.0039749351788014595,-0.42290804430511525
2018-12-03,-0.0022566887473382904,0.007671418767466028,0.008712346730085545,0.1217799975704925,0.13830421670143878,-0.0031642361598706514,-0.36318987959281807
2018-12-04,-0.01530526150614982,0.007458229320530577,0.00805762440243601,0.11839572001808488,0.12791082196086667,-0.01621280891868218,-2.012107801125685
2018-12-05,0.001469263494904079,0.008145104990610162,0.010071957874222317,0.12929953324599347,0.15988737450426616,5.617160823717179e-4,0.05577029703523155
2018-12-06,-0.013128068792802186,0.007905168897792525,0.009143593700432894,0.1254906658531296,0.14515005012457358,-0.014035616205334547,-1.5350218595856948
2018-12-07,-0.007540111605753259,0.00831161626870379,0.010226421559058856,0.131942817839933,0.16233940948427497,-0.008447659018285621,-0.8260620755265504
2018-12-10,-0.0035163707736118317,0.00826735653518847,0.009941827714797194,0.13124021635207983,0.15782162226481775,-0.004423918186144193,-0.4449803711202651
2018-12-11,-0.0064023074376561295,0.008061645293622065,0.00921807252502126,0.1279746516296296,0.14633236481138087,-0.007309854850188491,-0.7929916834942273
2018-12-12,0.0056465952969675754,0.00797183101811272,0.008941671178482992,0.1265488942065426,0.14194462946147904,0.004739047884435215,0.5299957681109028
2018-12-13,-0.0017101260330694332,0.00785175946532544,0.008389968325315572,0.12464281739729155,0.13318661817896438,-0.0026176734456017942,-0.31200039667650775
2018-12-14,-0.001222955948245119,0.0076240796796850745,0.007742836726021465,0.12102851284912615,0.12291372251538212,-0.00213050336077748,-0.27515798617029674
2018-12-17,-0.010725033211409699,0.007397887048308898,0.007154783310652304,0.11743781614302613,0.11357866394724832,-0.01163258062394206,-1.6258466705236267
2018-12-18,2.1139987264643723e-5,0.00763849389971052,0.008222902388163223,0.12125733149830792,0.130534528645434,-8.864074252677173e-4,-0.10779739116734391
2018-12-19,-0.01096695721231535,0.007405796414059977,0.007526347704502276,0.11756337343185978,0.11947706584028922,-0.011874504624847713,-1.5777246934451832
2018-12-20,-0.008434850861878024,0.007666258561039978,0.008543761910007107,0.12169808183298998,0.13562801564895008,-0.009342398274410387,-1.0934759620897039
2018-12-21,-0.01904019198150388,0.0077145337933645156,0.008743120669115461,0.12246442738827755,0.13879273783864893,-0.01994773939403624,-2.281535409261868
2018-12-24,-0.007114205811195448,0.008814472439776348,0.011612353865549308,0.13992541208328585,0.1843404027859383,-0.008021753223727808,-0.6907947619066421
2018-12-27,0.022112840986263614,0.00872180855026783,0.01103539834163423,0.13845441844035283,0.17518151778299265,0.021205293573731254,1.9215702883808146
2018-12-28,0.006140936603228822,0.010042131841063447,0.013429930484765453,0.15941390090626253,0.21319353712544706,0.005233389190696461,0.38968103346723015
2018-12-31,0.002951913371943412,0.009851721338953658,0.012310408695080466,0.15639122789267787,0.19542167966850046,0.0020443659594110513,0.16606808190113367
2019-01-02,0.00495256639850868,0.009578927711038363,0.011151275008057453,0.15206076330043614,0.17702100283565886,0.00404501898597632,0.3627404922803496
2019-01-03,-0.008174788991202608,0.009366011934841796,0.010236821189466552,0.14868083013632571,0.16250449849898949,-0.009082336403734969,-0.8872223354922405
2019-01-04,0.01148559959041684,0.009298842900749765,0.010050037981239733,0.1476145547762541,0.15953940699068372,0.010578052177884479,1.0525385274792376
2019-01-07,0.002105102303609755,0.009444337478740255,0.010160812853189524,0.14992420959908087,0.16129790356684878,0.0011975548910773941,0.11786014646470694
2019-01-08,0.0035175355830487733,0.009171132270887677,0.009232709458541677,0.1455872113778871,0.14656471892769055,0.002609988170516412,0.28268929962934886
2019-01-09,0.016890809231716448,0.008933390761462927,0.00847449661851683,0.14181318191635706,0.13452846323432005,0.015983261819184087,1.88604262160664
2019-01-10,0.008485195280649727,0.009598703477934192,0.010277640624890928,0.1523746938675878,0.16315248694773524,0.007577647868117365,0.7372944963424213
2019-01-11,0.0032437693680938033,0.009535560512466651,0.009858081677693026,0.1513723303655663,0.15649219514002885,0.0023362219555614423,0.23698545335122054
2019-01-14,-0.001426474401125144,0.009279149843196922,0.00900660326063133,0.1473019371792183,0.14297539431032374,-0.002334021813657505,-0.25914562306299466
2019-01-15,0.005276385398293116,0.009003252426583145,0.008262914533342299,0.1429222014688669,0.13116970175883028,0.004368837985760755,0.5287284490395893
2019-01-16,0.011258409404254856,0.0088241405005614,0.0077750796592050645,0.1400788877902709,0.12342556321184059,0.010350861991722495,1.3312869379374028
2019-01-17,0.007963419204971232,0.008988806104152987,0.00836491921553348,0.14269287320980897,0.13278897588868255,0.007055871792438871,0.843507463806257
2019-01-18,0.00832007273096443,0.008930603551463965,0.008204111054526075,0.14176893632930326,0.13023622547179117,0.007412525318432069,0.9035135274458163
2019-01-21,0.004805488762468076,0.008895153490565962,0.008130303126049659,0.141206184058714,0.12906456093059054,0.003897941349935715,0.47943370493120124
2019-01-22,-0.0024203463572733583,0.008704130836462452,0.007616859349719511,0.1381737934334896,0.1209138936642899,-0.0033278937698057193,-0.4369115428038287
2019-01-23,-0.002664285829186911,0.008459767407589356,0.007128458331472437,0.1342946442595862,0.11316076785817503,-0.003571833241719272,-0.5010667209695933
2019-01-24,0.0038080036930609644,0.008227971186985091,0.006734922162006721,0.1306149933322049,0.1069135748402835,0.002900456280528604,0.4306592133893929
2019-01-25,0.002559908570944939,0.008031661894664602,0.00634185869518516,0.1274986799270183,0.10067388574423507,0.0016523611584125777,0.26054840352514896
2019-01-28,0.0019486006287841213,0.007812190802604016,0.005923854856782604,0.12401468434965789,0.0940382805233335,0.0010410532162517603,0.1757391498307544
2019-01-29,0.004978007930247422,0.007589224485594244,0.005540601420165626,0.12047520379634678,0.08795432082893724,0.004070460517715061,0.7346604112145974
2019-01-30,0.0032485849048001407,0.007458376657986307,0.005473553874529789,0.11839805892768487,0.08688997403831915,0.0023410374922677797,0.42769972597901745
2019-01-31,0.0010899239690330687,0.0072748153009594,0.005232875450192154,0.11548411272159646,0.08306932249790161,1.8237655650070767e-4,0.034852072868275644
2019-02-01,-0.0031469149774321545,0.007058246061082384,0.004934280233588524,0.1120461826195512,0.07832927038306159,-0.004054462389964516,-0.8216927693658477
2019-02-04,0.005011115779753957,0.006886500682042302,0.004985894811905031,0.10931980924896371,0.07914862641256727,0.004103568367221595,0.8230354875163695
2019-02-05,0.005015601249389046,0.006788603319286589,0.005033909972587331,0.10776573679379955,0.07991084345852428,0.004108053836856684,0.8160761434406872
2019-02-06,0.0014495169126385596,0.006695476254800964,0.005072618742060968,0.10628739047604892,0.08052532612403174,5.419695001061986e-4,0.10684215149313593
2019-02-07,-0.003960154188649312,0.006501207895359818,0.004803487206563051,0.10320347587591024,0.07625299544667709,-0.004867701601181673,-1.0133682868002407
2019-02-08,-0.002069203497849799,0.006377360827539877,0.0050140638029237935,0.10123746462357357,0.0795957952820828,-0.00297675091038216,-0.5936803015243566
2019-02-11,-0.0018442128841142382,0.006203820068642589,0.004912855458401031,0.09848259048131969,0.07798916262081215,-0.0027517602966465994,-0.5601142390503392
2019-02-12,0.006340739503866785,0.0060317665494582055,0.004806460541169706,0.09575132553758754,0.07630019567027982,0.005433192091334423,1.1303935702366539
2019-02-13,4.792609730171111e-4,0.006050749861966447,0.005119300135382105,0.09605267628132971,0.08126637026952205,-4.282864395152498e-4,-0.08366113105093075
2019-02-14,-0.0031659676660280942,0.005867594134172642,0.0048408760459901275,0.09314516923969302,0.0768465248722773,-0.004073515078560456,-0.8414830373388088
2019-02-15,0.008142147067529434,0.0057414582070859565,0.004914973941741511,0.09114282347292134,0.07802279250126541,0.007234599654997073,1.4719507653042925
2019-02-19,0.002325458625788035,0.005913049579975505,0.005580208785806895,0.09386675207166072,0.08858306826637644,0.001417911213255674,0.2540964447176406
2019-02-20,0.008019562987450211,0.005761143244560814,0.005263442838849976,0.0914553137551661,0.08355456474960513,0.00711201557491785,1.3512098055712474
2019-02-21,-0.002087420039232568,0.005920990510536955,0.005801652330904284,0.09399281043632489,0.0920983755649857,-0.0029949674517649296,-0.5162266335421919
2019-02-22,-6.201805082025428e-4,0.0057633393318047765,0.00556466850285859,0.09149017555939566,0.08833637392246768,-0.0015277279207349037,-0.274540688263839
2019-02-25,0.0031072112444112117,0.005589829413325734,0.00525578948788033,0.08873579099360383,0.08343307156943326,0.0021996638318788507,0.41852205780905033
2019-02-26,-0.001692989055487186,0.005472723910533068,0.0050398527863418285,0.0868767987683244,0.08000518270221854,-0.002600536468019547,-0.5159945296551297
2019-02-27,0.004130330665777227,0.005322183508428199,0.004895664065716907,0.08448704397090151,0.07771625772241386,0.0032227832532448664,0.6582933816503465
2019-02-28,-0.008859378374506401,0.005258296011452909,0.004844730358815213,0.08347286139760345,0.07690771019153865,-0.009766925787038763,-2.015989552291055
2019-03-01,7.066769836895357e-4,0.00554075910308129,0.006188994911223893,0.08795682396762233,0.09824724840325617,-2.0087042884282537e-4,-0.03245606624729032
2019-03-04,0.001734857599902791,0.0053747534170073405,0.005751418547766408,0.08532156539817635,0.09130093897940507,8.2731018737043e-4,0.14384454556723575
2019-03-05,4.041827945781377e-4,0.005228315186513776,0.00538676666794887,0.08299693055626639,0.08551226984474856,-5.033646179542232e-4,-0.0934446670855878
2019-03-06,-3.8967046164406494e-5,0.005070006383826822,0.0050688317803904296,0.08048385622269395,0.08046520997120306,-9.465144586967675e-4,-0.18673226883529792
2019-03-07,-0.0039088200447330475,0.004915562831859974,0.0048115135816378055,0.07803214084208339,0.07638041020093986,-0.004816367457265408,-1.001008804307677
2019-03-08,-0.00285739328589533,0.004861041547369439,0.005011334370155699,0.07716664228255284,0.07955246688013491,-0.003764940698427691,-0.7512850710679513
2019-03-11,0.0029766117979327378,0.004764643031031132,0.005006618101106079,0.0756363632766323,0.07947759843000672,0.0020690643854003768,0.4132658700177814
2019-03-12,-0.001000501516263482,0.004676679044803039,0.004822446933548093,0.07423997828529563,0.0765539717818457,-0.001908048928795843,-0.3956599118846093
2019-03-13,-8.6204191141744e-4,0.004540826738806117,0.004657692616135795,0.07208338978508061,0.07393857807406286,-0.0017695893239498012,-0.3799283185454007
2019-03-14,0.0012571197720994132,0.004407555785122592,0.004511566930735324,0.0699677789824705,0.0716189047316918,3.4957235956705216e-4,0.07748358052400138
2019-03-15,0.007060386825367137,0.004284364144924397,0.004329433042978242,0.06801217232107108,0.06872761889775626,0.006152839412834775,1.421165162217684
2019-03-18,0.006720234230227716,0.004499485891317363,0.004921070741039585,0.07142712417641725,0.07811957618968247,0.005812686817695354,1.181183348822865
2019-03-19,-0.0038549551443950256,0.004662654155686612,0.005278548480407417,0.07401734007269169,0.08379435937533557,-0.004762502556927387,-0.9022371537562919
2019-03-20,-0.007386741957481383,0.004618177551689301,0.005365475567689816,0.07331129587266619,0.08517428410620216,-0.008294289370013745,-1.545862853231661
2019-03-21,-0.00350703121485805,0.004829259515679016,0.006147297862356619,0.07666211817047344,0.09758532827300748,-0.004414578627390411,-0.7181331905882375
2019-03-22,-0.012555763495424735,0.0047602939718161385,0.006012629863446294,0.0755673241019125,0.09544754006495486,-0.013463310907957096,-2.2391717457625524
2019-03-25,-0.0027169669394258023,0.005546134382919779,0.007988991247549766,0.08804215388970245,0.12682130440373002,-0.0036245143519581637,-0.45368861219741685
2019-03-26,1.6978395193171603e-4,0.0054182049387963005,0.0074717508935560695,0.08601133692262171,0.11861036833544399,-7.37763460600645e-4,-0.09874037171620927
2019-03-27,-0.0032238338629270724,0.005253309211219994,0.006868624986943479,0.08339369839807793,0.10903604138650029,-0.004131381275459434,-0.6014859281606941
2019-03-28,-4.4504483732799027e-4,0.0051541253860488126,0.006574486761205276,0.08181920398517961,0.10436674180821393,-0.0013525922498603513,-0.20573351182965735
2019-03-29,-0.007429313074658309,0.004998298898609405,0.006110054135814363,0.07934553518453119,0.09699410244303885,-0.008336860487190671,-1.3644495289041352
2019-04-01,0.0163441587707193,0.005176455730780176,0.006689310363325306,0.08217368721827678,0.10618950998331529,0.015436611358186938,2.3076536324012458
2019-04-02,0.003198779192929583,0.006419956686155456,0.008995102166058306,0.1019136529162421,0.1427928200940522,0.002291231780397222,0.2547199284787279
2019-04-03,0.0030472232378987805,0.0062735017749652846,0.00825074449640261,0.09958875327648263,0.13097650841169697,0.00213967582536642,0.2593312429319966
2019-04-04,0.002872730797495726,0.006128013480481129,0.0075955253089222,0.09727919820122659,0.12057522626583114,0.001965183384963365,0.25872909443866016
2019-04-05,0.0018464832415984547,0.005982854769926624,0.007018780144626666,0.09497487510865443,0.11141968061832072,9.389358290660938e-4,0.1337747884559271
2019-04-08,-0.0013017076953920994,0.005818199734268494,0.006480052672281928,0.09236105744985912,0.1028676471207451,-0.0022092551079244604,-0.3409316589932098
2019-04-09,-0.0029576124041911416,0.005649958215281422,0.006074031254544766,0.08969030613324587,0.09642225693095469,-0.0038651598167235026,-0.6363417728269801
2019-04-10,0.0018869839630004655,0.005525536574158748,0.005883955190033073,0.08771517381249512,0.09340489294965183,9.794365504681045e-4,0.16645887312792385
2019-04-11,0.0010501220846690733,0.00537710923034127,0.005504482024657344,0.08535896277547757,0.08738094320081184,1.425746721367123e-4,0.025901560128282486
2019-04-12,0.008214248132349129,0.0052196427883603866,0.005164904759060704,0.08285926050355998,0.08199032122685161,0.007306700719816768,1.4146825664110745
2019-04-15,0.0038864900198474954,0.005445954730860853,0.00577412897827853,0.08645185121504108,0.0916614558872188,0.002978942607315135,0.5159120308052526
2019-04-16,0.004666705185923899,0.005365184604019978,0.005540187751862763,0.08516966520113649,0.08794775404820936,0.0037591577733915383,0.6785253391688046
2019-04-17,0.004948393444587528,0.005325859716763104,0.005433182516319409,0.08454540196903243,0.08624909859483174,0.0040408460320551665,0.7437346380170106
2019-04-18,0.003527473101272364,0.005303969332511999,0.005382785954791121,0.08419790289204003,0.08544907798241204,0.0026199256887400025,0.4867229926555139
2019-04-22,-0.0021510147422898287,0.005214474971483334,0.005181030210746456,0.08277722395389316,0.08224630483648614,-0.0030585621548221897,-0.5903386064953147
2019-04-23,0.003568107355499783,0.005083002669665386,0.005058205461247155,0.08069016586447206,0.08029652238437239,0.002660559942967422,0.5259889032485905
2019-04-24,-0.005877915059077457,0.0050050559015317915,0.004916529002882669,0.07945279928057583,0.07804747833158344,-0.006785462471609819,-1.3801327049288945
2019-04-25,0.002576882523175024,0.00506167389598683,0.005479312123449946,0.08035158207893142,0.0869813834060988,0.0016693351106426633,0.30466143797473577
2019-04-26,0.004544866057054656,0.004947901523257139,0.005191417657601404,0.07854550165305636,0.0824112004432967,0.003637318644522295,0.7006407275277576
2019-04-29,0.004864616527251638,0.004924649648798719,0.005134766929081059,0.07817638958905793,0.08151189800776389,0.003957069114719277,0.770642400983807
2019-04-30,0.0026914646247280603,0.004921068313998612,0.00513158846503011,0.07811953766160146,0.08146144145518407,0.0017839172121956995,0.34763450427727005
2019-05-01,-6.652140360142538e-4,0.004816486007407104,0.004906326525486822,0.0764593450129296,0.07788551902390643,-0.0015727614485466146,-0.32055784309841867
2019-05-02,-0.0022913458412368395,0.004672598398621278,0.004705039838630613,0.07417520003538333,0.07469019193000845,-0.0031988932537692005,-0.6798865394304989
2019-05-03,0.003541216268757104,0.004564887862035545,0.004688374072234645,0.07246534827506028,0.07442563109025628,0.0026336688562247435,0.5617446081834173
2019-05-06,-3.287845709292562e-4,0.00451002459872543,0.004611409498286039,0.07159442097006817,0.07320385635567596,-0.0012363319834616173,-0.2681028401232064
2019-05-07,-0.007240646427238188,0.004373372671735949,0.004441183424812652,0.06942513888011664,0.07050160121325841,-0.00814819383977055,-1.8346897798111717
2019-05-08,-0.0027821019676439645,0.00459613129222722,0.005487497019405133,0.07296132235341095,0.08711131460132499,-0.0036896493801763255,-0.6723738285649763
2019-05-09,-0.004594563505866289,0.004507922244845062,0.005381653717128979,0.07156104713685633,0.08543110426673774,-0.005502110918398651,-1.0223829342431072
2019-05-10,-0.0025553049397495364,0.004513167625537645,0.005570195304044979,0.07164431497392294,0.08842410917137698,-0.003462852352281898,-0.6216752130337754
2019-05-13,-0.011102214712841488,0.0044202190098835085,0.005422419804747709,0.07016880144355152,0.08607824584532311,-0.012009762125373849,-2.2148344388345698
2019-05-14,0.0030626190960675683,0.005075587278475019,0.0071968915285927325,0.08057245017868825,0.11424711118418321,0.0021550716835352073,0.2994447915427462
2019-05-15,0.001214146254941706,0.0049778177137967065,0.006685008204497427,0.07902040645510908,0.10612121532915968,3.065988424093449e-4,0.04586364489471779
2019-05-16,0.004995625670765835,0.004835328128264338,0.006180080397866822,0.0767584544086972,0.09810573489084433,0.004088078258233474,0.6614927306843057
2019-05-17,-0.0025614416171040135,0.004845095537969311,0.00599812050819588,0.07691350723089302,0.09521721119089596,-0.0034689890296363745,-0.5783460043685885
2019-05-21,0.005046478867913761,0.004739210136214374,0.005776485519213824,0.07523262858779867,0.0916988648148336,0.0041389314553813995,0.716513776692494
2019-05-22,-0.01123255045705899,0.004758205847811047,0.005674029862239103,0.07553417616096768,0.09007243168223247,-0.012140097869591351,-2.1395900558056966
2019-05-23,-0.012224422577591116,0.005371433970827271,0.0073885828090627945,0.0852688708236788,0.1172901159239231,-0.013131969990123478,-1.777332721237945
2019-05-24,0.007157163145195192,0.006007275186813982,0.008774196578776296,0.09536253720863326,0.13928605261101498,0.006249615732662831,0.7122721352949721
2019-05-27,0.0030508195158776927,0.006082401903616756,0.008425757233672948,0.09655513686549477,0.13375474948621296,0.002143272103345332,0.25437145219184515
2019-05-28,-0.005494458787482855,0.005944268342294205,0.007747774538640716,0.0943623345596678,0.12299210786064918,-0.006402006200015215,-0.8263025941302617
2019-05-29,-0.011429294498847923,0.0059182439287114455,0.007601412000630398,0.09394920980153017,0.12066867459965994,-0.012336841911380283,-1.62296714220426
2019-05-30,-0.006094644555834472,0.006384496917708538,0.008712579347435067,0.10135074654309122,0.13830790938738363,-0.007002191968366833,-0.8036875980278146
2019-05-31,-0.009650705404543566,0.0063674778660325,0.008480486682093615,0.10108057747338149,0.1346235525456899,-0.010558252817075927,-1.2450055300917426
2019-06-03,0.0030984242048420203,0.006610616824492716,0.008939560511311558,0.10494028878208347,0.1419111236588628,0.0021908767923096593,0.24507656607251121
2019-06-04,0.014296208306648385,0.006454010649622391,0.008197430330517654,0.10245424282717963,0.13013017226596635,0.013388660894116024,1.6332753502365607
2019-06-05,5.99538766793972e-4,0.007170627069813199,0.009395978508823129,0.1138301758266811,0.14915653475072108,-3.08008645738389e-4,-0.03278090147281189
2019-06-06,-0.0018220116470131034,0.006953731791193193,0.008546648720933475,0.11038707002004548,0.13567384235170948,-0.0027295590595454644,-0.31937185541040214
2019-06-07,4.962879214286396e-4,0.006756649040828664,0.007885437514965751,0.10725847834905448,0.12517743986123125,-4.1125949110372136e-4,-0.05215430219606624
2019-06-10,0.002706536142361937,0.006551942153845103,0.007224243449385524,0.10400885726133025,0.11468130946596918,0.0017989887298295762,0.24902105562106905
2019-06-11,-1.1074822165944376e-4,0.006386845035029984,0.006689725923839339,0.10138802174998171,0.10619610680196427,-0.0010182956341918048,-0.1522178405789439
2019-06-12,-0.007888715917196086,0.006192335427083546,0.006197802921203841,0.09830027744854802,0.09838707122697007,-0.008796263329728446,-1.4192550879013572
2019-06-13,0.0023684672856361297,0.006306998278765938,0.006857138877417301,0.10012049378956259,0.1088537050504728,0.0014609198731037687,0.21305093847742154
2019-06-14,0.006043068011363857,0.006142321376160875,0.006357862797819183,0.09750632900374617,0.10092794299739334,0.005135520598831496,0.8077432247504674
2019-06-17,8.678010237079258e-4,0.0061364114459640335,0.006284124255138765,0.09741251177034661,0.09975737992155709,-3.9746388824435236e-5,-0.006324889071366328
2019-06-18,0.00985349708130856,0.005953267793835064,0.005832705484289924,0.09450519642394634,0.09259132909268217,0.0089459496687762,1.533756451936692
2019-06-19,2.7479501137052853e-4,0.006256228725317542,0.006632099611657854,0.09931455211397304,0.10528131745592839,-6.327524011618324e-4,-0.09540755389885655
2019-06-20,0.001687653156035862,0.006066012259266833,0.006138811213362259,0.09629495932733462,0.09745060689678725,7.801057435035011e-4,0.1270776566325181
2019-06-21,-0.0014988153827822,0.005895727676572727,0.005717170040568427,0.0935917753798325,0.09075726078247869,-0.0024063627953145607,-0.42090103639375215
2019-06-24,5.198762246040692e-4,0.00572789799134265,0.00544224319177794,0.09092756172143432,0.08639293235867297,-3.876711879282917e-4,-0.07123371269295345
2019-06-25,-0.006151280613007959,0.005554862982343314,0.005114181848540286,0.08818071610991392,0.08118511998478917,-0.00705882802554032,-1.3802458016926173
2019-06-26,-0.003535642345574537,0.005592442022788401,0.005682062146873592,0.08877726488307074,0.09019994024784773,-0.004443189758106898,-0.7819678214099873
2019-06-27,-0.0019176388541680502,0.005490804068558979,0.00563892261845759,0.08716381237913225,0.08951512146465566,-0.0028251862667004113,-0.5010152573211196
2019-06-28,0.006919483881155115,0.005344214992554707,0.0054129634918541536,0.08483678293897594,0.08592813153190736,0.006011936468622754,1.1106552774039546
2019-07-02,0.0077992681673321185,0.005451582456896496,0.005687609569578391,0.08654118859626377,0.09028800285321324,0.006891720754799757,1.2117077781959327
2019-07-03,0.005393393484117714,0.005620167367973907,0.006067945292008005,0.08921739109331638,0.09632564527079035,0.004485846071585352,0.7392693664350581
2019-07-04,4.803177303461803e-4,0.005606819594553389,0.005957386012045997,0.0890055017591536,0.09457057111133131,-4.272296821861807e-4,-0.07171428564848921
2019-07-05,0.0014632577297444826,0.005437286337433486,0.0055547541017104286,0.0863142447353894,0.08817898768345067,5.557103172121216e-4,0.10004228936812999
2019-07-08,-0.003620770021688942,0.005283815396410611,0.005212714137523381,0.08387796907485986,0.08274927158134447,-0.004528317434221303,-0.8687062660168734
2019-07-09,0.003089198112824154,0.005199055815024758,0.005276966776452556,0.08253245243339842,0.08376925060346183,0.002181650700291793,0.4134289247427116
2019-07-10,-0.002792306132846219,0.00509715206605559,0.005056114785737538,0.08091478056877298,0.08026333393954892,-0.00369985354537858,-0.7317582179532897
2019-07-11,-7.928710735952876e-4,0.0049889798602316396,0.005033844472269111,0.07919760003649619,0.07990980367320746,-0.0017004184861276485,-0.33779718374198187
2019-07-12,-0.005157830757147929,0.004840892842793543,0.004819293201702061,0.07684679151326526,0.07650390784084739,-0.00606537816968029,-1.258561767426423
2019-07-15,-0.00202460314658992,0.004860491949550789,0.005254356551456618,0.07715791768765734,0.08341032440890302,-0.0029321505591222807,-0.5580417945389388
2019-07-16,-8.120922266236692e-4,0.004738444908007273,0.005105046139172228,0.07522048096660547,0.0810400950945609,-0.0017196396391560304,-0.3368509494871806
2019-07-17,-0.0029304523954376176,0.004598397347393916,0.004880008643407171,0.07299729486398034,0.07746773559780634,-0.0038379998079699786,-0.7864739774908118
2019-07-18,0.0026420052570000716,0.00451572759908786,0.004911952037164834,0.07168495329418358,0.07797482125329148,0.0017344578444677108,0.3531096866061492
2019-07-19,7.020930036431006e-4,0.004425731522685819,0.00471988962883052,0.07025630987139535,0.07492592504135108,-2.054544088892604e-4,-0.04352949434119867
2019-07-22,-4.9055153565606246e-5,0.004294350895698571,0.004501897526280622,0.06817070707479536,0.07146540769461236,-9.566025660979673e-4,-0.2124887473590038
2019-07-23,0.004991030194185712,0.004163545006715955,0.004337782923929049,0.06609422796117101,0.06886016914859325,0.004083482781653352,0.9413755490453729
2019-07-24,0.0062705110522902245,0.00421777471488566,0.004525477203093828,0.06695509789010289,0.07183972345967048,0.005362963639757863,1.1850603591796882
2019-07-25,-8.423605583442646e-4,0.004368226718499249,0.004896445251536986,0.06934344940498058,0.07772865866285981,-0.0017499079708766258,-0.3573833426049914
2019-07-26,6.642939133280807e-4,0.004240176253762727,0.004708015526102783,0.067310711295226075,0.07473742950419332,-2.432534992042802e-4,-0.051667947536621954
2019-07-29,9.149124043605905e-4,0.004114222425609972,0.004492284962754055,0.06531125625941353,0.07131281297929373,7.3649918282295275e-6,0.0016394756542145808
2019-07-30,-0.00415873224364773,0.003995177152493697,0.004310836995474484,0.06342147113487298,0.06843241579537415,-0.00506627965618009,-1.1752426875566553
2019-07-31,0.0013925278178758365,0.004005178807928618,0.004680236455526521,0.06358024249275153,0.07429645042980952,4.8498040534347556e-4,0.10362305621776878
2019-08-01,-0.01015525813962929,0.0038981172211575623,0.004472546141434081,0.061880692491366476,0.07099946890497658,-0.01106280555216165,-2.473491653819912
2019-08-02,-0.007469117719335005,0.004524528137899296,0.006353514929201213,0.07182465751677417,0.10085892272281535,-0.008376665131867366,-1.3184300698448994
2019-08-06,-0.013530855340670165,0.004752929280845758,0.006876908492947639,0.07545041325716967,0.1091675379677246,-0.014438402753202526,-2.099548477053214
2019-08-07,0.0032738579966586166,0.005676262795079722,0.008809309547442778,0.090107878392176,0.13984345370832327,0.002366310584126256,0.2686147616203546
2019-08-08,0.005718873899081396,0.005561461186650053,0.008092770816134562,0.08828545935608528,0.12846875398159965,0.004811326486549035,0.5945215298766017
2019-08-09,-0.004246979147643937,0.005571031378406855,0.007678209008919671,0.08843738144041147,0.12188778931186302,-0.005154526560176298,-0.6713188654005582
2019-08-12,-0.008556209439721258,0.005500583341326036,0.0073716252166255835,0.08731905352160044,0.11702092248938362,-0.00946375685225362,-1.2838087360857073
2019-08-13,0.0046277666593310856,0.005730057178402638,0.007870035959905885,0.0909618377534031,0.12493294775427882,0.003720219246798725,0.4727067659857571
2019-08-14,-0.020297529364242006,0.005669966085162306,0.007378674295461326,0.09000792122105962,0.11713282314681239,-0.021205076776774367,-2.8738328767022225
2019-08-15,-0.006505380612234619,0.007412083808215699,0.011248597123635875,0.11766318271984386,0.178565943524982,-0.00741292802476698,-0.6590091140512734
2019-08-16,0.008305150275260537,0.0073608318695521655,0.010651222543741502,0.11684958341636198,0.16908291605726883,0.007397602862728177,0.694530870268493
2019-08-19,0.0077951722604131515,0.007420880428142307,0.010146392814521947,0.11780282473206642,0.1610689925495867,0.00688762484788079,0.6788249749233963
2019-08-20,-0.010618061533840262,0.00744386868390552,0.009656636646515006,0.11816775197901408,0.1532943544079487,-0.011525608946372622,-1.1935427797764466
2019-08-21,0.005343268328766896,0.007671447319014883,0.010039748056520905,0.1217804508122794,0.15937605949979017,0.004435720916234534,0.44181595905222887
2019-08-22,0.0037619191560221052,0.007552024146962693,0.009303535948063189,0.11988466672810795,0.1476890545927484,0.0028543717434897442,0.30680504266595193
2019-08-23,-0.01416348235966358,0.0073797158981573205,0.008550197639922326,0.11714935807700361,0.1357301796941152,-0.01507102977219594,-1.762652795512789
2019-08-26,0.003952601473973175,0.007951656952259387,0.010078945046795375,0.12622864083945684,0.15999829243024097,0.003045054061440814,0.3021203158964535
2019-08-27,-0.005202945557494583,0.007769974317457776,0.009237016576697532,0.12334451842411266,0.1466330923087371,-0.006110492970026944,-0.6615223561947531
2019-08-28,0.006581541789287696,0.007640313435244092,0.008794851763831437,0.12128621572944878,0.1396139435086545,0.005673994376755334,0.6451495180498057
2019-08-29,0.013371234404171168,0.007580958222078098,0.008369821182515176,0.12034398093113409,0.13286679220209427,0.012463686991638807,1.4891222548070497
2019-08-30,0.003356623529625661,0.008046742600610345,0.009288901682208243,0.1277380787121847,0.14745674282431526,0.0024490761170933,0.26365615665673436
2019-09-03,-0.005176608200289423,0.007844812157268451,0.008514886233876872,0.12453253230089067,0.13516962850107342,-0.006084155612821785,-0.7145316385573877
2019-09-04,-3.7831814991334806e-4,0.007710800831522982,0.008188022101757477,0.12240516845615919,0.12998082126450414,-0.0012858655624457091,-0.157042268140643
2019-09-05,0.01373419453791121,0.00747647309718719,0.007506247376220791,0.11868533099413289,0.11915798302086782,0.01282664712537885,1.7087962176696536
2019-09-06,0.003295963106826838,0.007991337619628981,0.008773125148876628,0.12685855190575898,0.13926904418864441,0.002388415694294477,0.27224229151687257
2019-09-09,0.005867085022954409,0.007789838939409297,0.008062453539050066,0.12365985952154489,0.12798748212803437,0.004959537610422048,0.6151399926090477
2019-09-10,0.009855059749726483,0.007688046335696454,0.007669600843919424,0.12204395203316529,0.12175113892885145,0.008947512337194123,1.1666203390868568
2019-09-11,0.008724933914536215,0.007834987251582957,0.007988599885458436,0.12437656675829978,0.12681509172313257,0.007817386502003854,0.9785677858561621
2019-09-12,0.006247220282121842,0.00789121486384073,0.008025998343603496,0.125269152431394,0.1274087738411471,0.0053396728695894805,0.6652970310970792
2019-09-13,0.007197787466364143,0.007802349734590477,0.007684743695148394,0.1238584622380633,0.12199152423980526,0.006290240053831782,0.8185360896034823
2019-09-16,2.3540834979912667e-4,0.007767403064259584,0.007533239314106241,0.12330370104499148,0.11958646675115943,-6.721390627332344e-4,-0.08922311302053443
2019-09-17,0.002648741923707583,0.007530997435026672,0.006920912048486451,0.11955087802407532,0.10986607275627451,0.0017411945111752223,0.25158454535714087
2019-09-18,0.003402133138165323,0.007330342219235061,0.006425390637985733,0.1163655752225597,0.1019999142273174,0.0024945857256329623,0.3882387649531264
2019-09-19,0.003845812552778438,0.007155721670203652,0.00604734203102337,0.1135935599433277,0.09599857864221652,0.0029382651402460767,0.48587712174580683
2019-09-20,0.004113851593369022,0.007001393283883095,0.0057647702103806,0.1111436727606751,0.09151289005260341,0.003206304180836661,0.5561894167200423
2019-09-23,-0.0022430392632488507,0.006862489631074353,0.005555113351182846,0.10893864563149278,0.08818469059202656,-0.0031505866757812117,-0.5671507450177159
2019-09-24,-0.0030195853356779767,0.006676077561607218,0.005375735030140914,0.10597944576834716,0.08533714802358701,-0.003927132748210338,-0.7305294487528706
2019-09-25,0.005699526937067323,0.006514820384941256,0.00532124564413005,0.1034195674488519,0.08447215583672293,0.0047919795245349615,0.9005371758811904
2019-09-26,0.0022067170856181293,0.006468801125984995,0.005403757462933858,0.1026890343605454,0.08578199035339393,0.0012991696730857683,0.24041968611604025
2019-09-27,0.003235680856099487,0.006294985364943241,0.005108483949176128,0.09992979469458595,0.08109466863651095,0.002328133443567126,0.4557386235778614
2019-09-30,6.506054753338171e-4,0.0061544624571371245,0.004927860316197225,0.0976990626892101,0.07822735735393185,-2.569419371985439e-4,-0.05214066972515632
2019-10-01,-0.00870682658497901,0.005969100509892907,0.00467711262507325,0.09475653299955286,0.0742468611587058,-0.009614373997511371,-2.0556216555424083
2019-10-02,-0.013728409730958659,0.006167728998117976,0.006041361229631686,0.09790966249837038,0.09590363636347693,-0.014635957143491021,-2.4226257274113214
2019-10-03,-0.0025576125947316393,0.006860508884844963,0.008366833916785707,0.108907202259893,0.13281937082877282,-0.003465160007264,-0.41415427170271996
2019-10-04,0.006647227118051175,0.006680948298002184,0.0077823612671951104,0.10605676631156413,0.12354115515515852,0.0057396797055188145,0.7375241920101054
2019-10-07,-3.941671968926328e-4,0.00667892982838425,0.0075345999850897185,0.10602472409973619,0.11960806673339021,-0.0013017146094249938,-0.17276492607450528
2019-10-08,-0.004562242561039616,0.0064761824789051755,0.006938158335879049,0.1028062097055414,0.11013984908115428,-0.005469789973571977,-0.7883633824391479
2019-10-09,0.007672323106060548,0.006377564312589828,0.006803931610045252,0.1012406948485997,0.10800906586602622,0.006764775693528187,0.9942451043365492
2019-10-10,0.0015523203307746998,0.006462569108193245,0.006903422462883962,0.1025901041450868,0.10958843419204793,6.447729182423387e-4,0.09339902370294449
2019-10-11,0.007421104132735742,0.006277220197989186,0.006373672045407402,0.09964778141202611,0.10117890702259419,0.006513556720203381,1.0219472658460318
2019-10-15,0.004733054598959526,0.006351665214897212,0.0065212715852733605,0.10082955941854593,0.10352197707927153,0.003825507186427165,0.5866198235120438
2019-10-16,0.003339566256689445,0.0062663498380006715,0.006250571525898978,0.09947521979687797,0.09922474685730132,0.002432018844157084,0.38908743529773504
2019-10-17,-0.0032212186973124,0.006130275201134734,0.00589436718390759,0.09731510190353382,0.09357017822831763,-0.004128766109844762,-0.7004596050814148
2019-10-18,0.0019326563897162177,0.0059956678187591044,0.005768831065382136,0.09517827595313805,0.09157735412726956,0.0010251089771838567,0.1776978673089211
2019-10-21,0.002356204519820511,0.005832260306311096,0.0054077039038428094,0.09258426211135533,0.08584463816064732,0.0014486571072881503,0.267887653068192
2019-10-22,6.785872437658862e-4,0.005683963990745458,0.005119014181236781,0.09023013108335232,0.08126183088819267,-2.289601687664748e-4,-0.044727394896795704
2019-10-23,5.002152190515806e-4,0.005513313766515531,0.00483820944673328,0.08752114275641354,0.07680419392139798,-4.073321934807804e-4,-0.08419069037116775
2019-10-24,-0.001100855506889172,0.005346760129526005,0.0046036225344911015,0.08487718573584785,0.07308024213765796,-0.002008402919421533,-0.4362657677457798
2019-10-25,0.002959672301558543,0.005190884916904871,0.004485035499567438,0.08240274344691884,0.07119773131891068,0.002052124889026182,0.4575493079651433
2019-10-28,8.546596489783879e-4,0.005084697498895508,0.004391550338387491,0.08071707044441782,0.06971370039236911,-5.288776355397318e-5,-0.01204307351134514
2019-10-29,0.0023833592723193626,0.004934240197121872,0.004227100678692997,0.07832863482385678,0.06710314297592411,0.0014758118597870016,0.34913099354977195
2019-10-30,0.003374512417189557,0.004819413535771415,0.004138235869452404,0.07650581808497793,0.06569245786258929,0.002466965004657196,0.5961392928005429
2019-10-31,-0.0027967369746576543,0.004745142997031398,0.004151000119048644,0.0753268098335087,0.06589508404321334,-0.0037042843871900157,-0.8923835897260801
2019-11-01,0.0037532792355426206,0.0046513120085481885,0.004322422599883892,0.07383728906872107,0.06861633156370814,0.002845731823010259,0.6583650157406407
2019-11-04,0.005282789117584322,0.004602374115389799,0.004340172784369531,0.07306042409881378,0.06889810700695526,0.004375241705051961,1.0080800747861296
2019-11-05,0.004043479000738518,0.004646009933241799,0.004575876717574524,0.07375312123256161,0.07263979094875639,0.0031359315882061567,0.6853181984038197
2019-11-06,0.002642504951512377,0.004612078397811488,0.0045772335449203285,0.07321447480645453,0.0726613299151307,0.0017349575389800163,0.3790406414602589
2019-11-07,0.003555193070894376,0.004518181167663805,0.004442801162018033,0.07172390248784313,0.07052728199525099,0.0026476456583620156,0.5959406153480403
2019-11-08,0.0018338587786869511,0.004466260993972708,0.004414258894766358,0.0708996952821596,0.07007418754923973,9.263113661545902e-4,0.2098452737452362
2019-11-11,-8.313106632544069e-4,0.004353437757854726,0.004263972379061806,0.0691086819328934,0.06768846307347585,-0.0017388580757867677,-0.4078023779716335
2019-11-12,-5.4108944584592894e-5,0.004225723575667805,0.004186499130209317,0.06708128214311787,0.06645861337513241,-9.616563571169538e-4,-0.2297041817536154
2019-11-13,-0.0024790203798604376,0.004097012450597442,0.0040776692496579696,0.0650380563756968,0.06473099258022204,-0.0033865677923927986,-0.8305155678521154
2019-11-14,0.002160574876649446,0.004018347033514556,0.004218689412141551,0.06378928159340187,0.0669696182588869,0.001253027464117085,0.2970181830667182
2019-11-15,0.0033822989672365553,0.00393171351152477,0.004118166035455571,0.06241401706708216,0.06537385912492948,0.0024747515547041948,0.6009353516584054
2019-11-18,0.0010401456452127829,0.003900931381956138,0.0041358462904952115,0.06192536590910075,0.06565452447263598,1.325982326804219e-4,0.03206072551224941
2019-11-19,8.896710831246918e-4,0.0037906653618753686,0.00401595041963146,0.060174947105933324,0.06375123652746197,-1.78763294076692e-5,-0.00445133219779882
2019-11-20,-0.001209228476034737,0.003681641771105292,0.003917067644219163,0.05844425125663193,0.06218152113132923,-0.002116775888567098,-0.5403980938881797
2019-11-21,0.0015765848442771582,0.0035817525002905587,0.003939412570932208,0.05685855824131573,0.06253623584620932,6.690374317447973e-4,0.16983177560061416
2019-11-22,3.114132955118013e-4,0.0034940450914677204,0.0038648134103924908,0.05546624629001711,0.061352010885395665,-5.961341170205597e-4,-0.1542465453616865
2019-11-25,0.0026197439021334126,0.0033884611152519345,0.003801951313862801,0.053790152629015146,0.06035410603953749,0.0017121964896010514,0.4503467688704965
2019-11-26,-0.003916483677991152,0.0033473201359544074,0.0038119648929016586,0.053137059829525664,0.06051306667876053,-0.004824031090523513,-1.2654972503829833
2019-11-27,0.0012533237199045346,0.003384170449461751,0.004270347078634388,0.053722040421176835,0.06778965829198666,3.4577630737217367e-4,0.0809714763238283
2019-11-28,4.154880988083698e-4,0.003295406238077797,0.004129165285971164,0.05231295224930857,0.06554846681376361,-4.920593137239912e-4,-0.11916677576355743
2019-11-29,-5.798785500890266e-4,0.0031966354122951557,0.00401546261708443,0.05074501399845244,0.0637434929020919,-0.0014874259626213877,-0.3704245573829763
2019-12-02,-0.005847589325106742,0.0031025062174897013,0.003966936616821541,0.04925075935505653,0.06297316652919434,-0.006755136737639104,-1.7028597606007565
2019-12-03,-0.009063636850500415,0.0033316167538741098,0.00481720698452502,0.05288777636716309,0.07647079016985944,-0.009971184263032777,-2.069909865833997
2019-12-04,0.0021138591342976243,0.003919523027165158,0.006230034970399753,0.06222049912722043,0.09889873914548038,0.0012063117217652633,0.19362840296992098
2019-12-05,-0.010745028605837129,0.0038352320844022548,0.005808591879693288,0.06088242189326549,0.0922085374868259,-0.01165257601836949,-2.006093087570267
2019-12-06,0.001757786010652314,0.004555634227763491,0.007331327109498813,0.07231845138501587,0.11638120987079917,8.502385981199531e-4,0.11597335454018194
2019-12-09,-0.003699385759698267,0.004437788156694136,0.00674894121925228,0.07044770300280254,0.10713612047480746,-0.004606933172230629,-0.6826156907529021
2019-12-10,-0.0010658034039226123,0.004396982283363961,0.006531876171871624,0.06979992984562786,0.10369031967264546,-0.0019733508164549735,-0.30211087358833616
2019-12-11,-8.418473335250846e-4,0.004271018873986901,0.006103783368927457,0.06780032271259473,0.09689455710476438,-0.0017493947460574455,-0.286608262502089
2019-12-12,0.003109075109127594,0.004146037687312187,0.0057255959853449,0.06581630788157654,0.09089101850911456,0.002201527696595233,0.3845062945814219
2019-12-13,0.0035565853395555696,0.004091238403758453,0.00543378306423463,0.06494639622373038,0.08625863199743605,0.002649037927023209,0.4875126400351312
2019-12-16,0.0016980966126874755,0.004061144633284714,0.00522604402805037,0.06446867242761575,0.08296087703337325,7.905492001551146e-4,0.15127105625438772
2019-12-17,0.0025723895087902586,0.003959335034430787,0.004939231304131237,0.06285249514973533,0.07840786619133894,0.0016648420962578978,0.3370650195842017
2019-12-18,-0.006656659284437575,0.0038900880641798883,0.0047381219218708736,0.061753233575763934,0.07521535372064245,-0.007564206696969936,-1.5964567441909912
2019-12-19,3.348242097076146e-4,0.00410895178944651,0.005536045812211518,0.0652275875041758,0.08788200279463357,-5.727232028247464e-4,-0.10345347965896927
2019-12-20,0.005362960293216368,0.003984620703981788,0.005197109987146905,0.06325389270992957,0.08250156337344482,0.004455412880684006,0.8572866250094365
2019-12-23,-0.005523654824994635,0.004080471861405397,0.005253492686115153,0.064775482662453,0.08339661097174442,-0.006431202237526996,-1.2241764901518755
2019-12-24,-3.511199053509717e-4,0.004181133976872679,0.0056501046991946835,0.06637344420628558,0.08969263149327923,-0.0012586673178833327,-0.22276884852465337
2019-12-27,-0.001096211776888826,0.004054672066133291,0.005315542763800208,0.06436592360945477,0.08438162541806579,-0.002003759189421187,-0.37696229312030816
2019-12-30,-0.002082935091412737,0.003940310196626162,0.005075192186974511,0.06255048521234906,0.08056617829555547,-0.002990482503945098,-0.5892353222839868
2019-12-31,-0.0018649433045405304,0.0038541923790335443,0.0049642597471150915,0.061183407239538926,0.07880518040636957,-0.0027724907170728914,-0.5584902600400966
2020-01-02,0.0028985738680023148,0.003764597159414705,0.004850616016648448,0.05976112722090894,0.0770011421131112,0.0019910264554699538,0.4104687834774564
2020-01-03,-0.0017340618163665573,0.003718328131621633,0.004687205372522553,0.05902662917523772,0.07440707855748323,-0.002641609228898918,-0.563578725264445
2020-01-06,-0.0014854564295522232,0.00362998959664117,0.0046112733658624895,0.05762429840678521,0.07320169532044746,-0.0023930038420845842,-0.5189464280734521
2020-01-07,-0.0018237260209125199,0.0035381647575636753,0.004524949346044339,0.05616662427651974,0.07183134398878604,-0.002731273433444881,-0.6036030957633879
2020-01-08,0.006723508847133242,0.0034593426913977297,0.0044894546340068005,0.05491536276712352,0.07126788290333097,0.00581596143460088,1.2954717017399022
2020-01-09,7.004808114018194e-4,0.0037364907357283804,0.00496213486708064,0.05931495157700436,0.07877144898154753,-2.0706660113054164e-4,-0.04172933760914979
2020-01-10,-6.239591200902227e-4,0.0036267232647558736,0.004705552769856425,0.057572446995577835,0.07469833446078752,-0.0015315065326225836,-0.32546793278642006
2020-01-13,0.004154216287783933,0.003519558756404961,0.004535602143353303,0.05587126316476372,0.07200045190346621,0.0032466688752515716,0.7158187099830619
2020-01-14,0.0015571155841197317,0.003560829536405946,0.004558982881622484,0.0565264164865413,0.07237160961704227,6.495681715873708e-4,0.14248094113400087
2020-01-15,0.0034395954705817946,0.0034733576125471214,0.004375102118270694,0.05513784274315634,0.06945259299273694,0.002532048058049433,0.5787403332771242
2020-01-16,0.004273411455421891,0.0034713411440588067,0.004347548437344662,0.055105832298276265,0.06901519186812871,0.0033658640428895293,0.7741981697034955
2020-01-17,0.002298696543524529,0.003524616221118157,0.004426065398470801,0.05595154792813733,0.07026160998517046,0.001391149130992168,0.31430830901703527
2020-01-20,0.0013190749495901968,0.00346331989336125,0.004296264432282561,0.05497849889097963,0.06820108352635053,4.1152753705783583e-4,0.0957872923197131
2020-01-21,-0.0010889364200623401,0.003373322861228206,0.0041516769239312605,0.053549840296432095,0.06590582798764644,-0.001996483832594701,-0.48088612605824166
2020-01-22,0.0027498065642115135,0.003281416713880767,0.004116269154375432,0.0520908754373958,0.06534374707130121,0.0018422591516791523,0.44755556125888973
2020-01-23,0.0020100095654118633,0.0032519717218270415,0.004074748389149065,0.051623450679413214,0.0646846253570968,0.0011024621528795023,0.2705595653010936
2020-01-24,-0.0011529635195379193,0.003191114097297651,0.003992669642086377,0.05065736584009175,0.06338166564118693,-0.00206051093207028,-0.5160734838541654
2020-01-27,-0.002237711787282992,0.003106762965482981,0.003994361505138111,0.04931833313456108,0.06340852313451054,-0.0031452591998153536,-0.7874247725874278
2020-01-28,0.0019430475185925147,0.0030615843608908645,0.004120360908548491,0.04860114502057111,0.06540870165510874,0.0010355001060601537,0.2513129623940969
2020-01-29,-0.0010996102465283448,0.0030062313434749068,0.004026734884430523,0.0477224431101732,0.06392243459874948,-0.002007157659060706,-0.4984578614354359
2020-01-30,-0.001410254448352318,0.0029270684718191503,0.004016769554732302,0.04646577148134807,0.06376423989406392,-0.002317801860884679,-0.5770313256218528
2020-01-31,-0.00954408294278721,0.0028588450648715613,0.004038693966515097,0.04538275847108681,0.06411227914137581,-0.01045163035531957,-2.5878738131619468
2020-02-03,-0.0010513397045494401,0.0036260152442829253,0.005921103996151233,0.05756120751901045,0.09399461196460147,-0.001958887117081801,-0.33083139873156997
2020-02-04,0.009048633242956499,0.003524971811111056,0.005582606333106115,0.05595719274427681,0.08862112814983794,0.008141085830424137,1.458294807954783
2020-02-05,0.005929090637964206,0.004073397415783556,0.006264070724086536,0.06466317931977876,0.09943903998511963,0.005021543225431845,0.8016421663508783
2020-02-06,0.007598413634058294,0.004207880638051549,0.006191640636693416,0.06679803428956915,0.09828924799303441,0.006690866221525933,1.0806289663960735
2020-02-07,-3.653192216122591e-4,0.004484198621994609,0.006412322143174388,0.0711844462992976,0.10179245830363286,-0.0012728666341446202,-0.19850322640130083
2020-02-10,-9.488848977180497e-4,0.004348512680518387,0.005967548992183833,0.06903049875397511,0.09473190341947532,-0.0018564323102504107,-0.31108790437781503
2020-02-11,0.0014982451751727375,0.004222441442295973,0.005615771541724677,0.06702917989108818,0.08914760951494369,5.906977626403765e-4,0.10518550447637431
2020-02-12,8.511397676056279e-4,0.004110225704982281,0.005265403142487275,0.06524781028636951,0.08358568360511594,-5.6407644926733115e-5,-0.010712882451786442
2020-02-13,-8.793663084163221e-4,0.003990461672461376,0.004961323347960643,0.06334661521000612,0.07875856651489342,-0.001786913720948683,-0.36016876861758984
2020-02-14,1.152088079489263e-4,0.003874887663414633,0.004764466634150321,0.061511934694243646,0.07563356306296026,-7.923386045834346e-4,-0.16630163781695528
2020-02-18,-0.0030762081925333473,0.003756948964785612,0.00455082189008987,0.05963971589510574,0.07224205789276027,-0.003983755605065709,-0.8753925557361326
2020-02-19,0.001622882114052963,0.0037196194702135885,0.004674360852322025,0.05904712853987388,0.07420317812051998,7.153347015206021e-4,0.15303369254542126
2020-02-20,0.0022482286485725478,0.0036281482390287303,0.004473171472728238,0.0575950677608817,0.07100939573152477,0.0013406812360401868,0.29971603910423983
2020-02-21,1.0890814391785923e-4,0.0035604668217919092,0.0043322419830548655,0.05652065857054752,0.06877220943909884,-7.986392686145018e-4,-0.1843477976849631
2020-02-24,-0.01222052849371861,0.0034521037366749014,0.004191481785359707,0.054800447923431556,0.06653771057351278,-0.013128075906250971,-3.1320846847302564
2020-02-25,-0.015397862411281235,0.004490264802457227,0.006882646576609827,0.07128074392877037,0.10925862722195799,-0.016305409823813597,-2.3690610352166486
2020-02-26,-0.006146443842231563,0.005760067649482941,0.00937816778416155,0.09143823921264137,0.14887379826197478,-0.007053991254763924,-0.7521715773391425
2020-02-27,-0.022189328872467214,0.0057839781190254435,0.009037430255347655,0.09181780614948283,0.14346475768044514,-0.02309687628499958,-2.5556906811350077
2020-02-28,-0.022492636138809065,0.007809552974217772,0.012779457010103133,0.12397281012219027,0.20286759083504363,-0.023400183551341425,-1.831078075761889
2020-03-02,0.010186274692495738,0.009364021114139932,0.015202198562817843,0.1486492268374334,0.24132742067183727,0.009278727279963378,0.6103543011638899
2020-03-03,-0.019243752074436144,0.009415381535931175,0.014234817033805202,0.14946454825717947,0.2259707149797281,-0.020151299486968505,-1.4156345978394165
2020-03-04,0.011925457952013977,0.010273741506056418,0.015400932438933455,0.16309059035512483,0.24448222315155224,0.011017910539481614,0.7154054199749886
2020-03-05,-0.02556800802057853,0.010380258739703246,0.014622448810895283,0.16478149901855724,0.23212417867440635,-0.026475555433110892,-1.8106102319458133
2020-03-06,-0.033444623174640545,0.011853614101252689,0.01729042620612166,0.18817029029545812,0.2744770068222716,-0.03435217058717291,-1.986774078189614
2020-03-09,-0.11843846161163316,0.014113477473087695,0.021280480597463364,0.22404450916861401,0.33781715664493966,-0.1193460090241655,-5.6082384266449115
2020-03-10,0.030331459942615248,0.03207645527386359,0.054001776399593374,0.5091979415707758,0.8572516242542463,0.029423912530082887,0.5448693448962995
2020-03-11,-0.03732629589180003,0.03197444122568883,0.049888600769655886,0.5075785187605435,0.79195698536097,-0.038233843304332396,-0.7663843586406546
2020-03-12,-0.13435474785949877,0.03232055290513237,0.047476731209546354,0.5130728713385185,0.7536697430563106,-0.13526229527203112,-2.849022917669474
2020-03-13,0.17068427814188905,0.04544241353659841,0.07128896485212251,0.7213759511543674,1.1316772333316438,0.1697767307293567,2.381528909579922
2020-03-16,-0.10902342217104742,0.06073795797883244,0.09606832673121442,0.9641851917232916,1.5250374084053522,-0.10993096958357977,-1.1442998262179696
2020-03-17,0.01787025944159674,0.06466003373015898,0.09770142829462007,1.0264462140902928,1.550962092020245,0.01696271202906438,0.1736178510913175
2020-03-18,-0.0638513139433538,0.06284286383207545,0.08766475122995068,0.997599536248603,1.3916347830047593,-0.06475886135588617,-0.7387103761467276
2020-03-19,0.015907381639148805,0.06290382675225199,0.08305139916238106,0.9985672926045035,1.3184000893177101,0.014999834226616444,0.18060904906958827
2020-03-20,-0.011106237421863153,0.061111869733379176,0.07454477967368034,0.9701208568121786,1.1833616913279648,-0.012013784834395516,-0.16116198729120723
2020-03-23,-0.08175804783262533,0.059312577886576325,0.06686355681098642,0.9415579842361798,1.0614260585706543,-0.08266559524515768,-1.2363326031075692
2020-03-24,0.13840870710411815,0.060893067626308854,0.06928759191239468,0.9666474810423086,1.0999064228563593,0.1375011596915858,1.9844990408302612
2020-03-25,0.08130716968774135,0.06808014362484634,0.08501457539406512,1.080738775517417,1.3495645458506837,0.08039962227520898,0.9457157423010748
2020-03-26,0.01901424181206105,0.06894536205705785,0.08329721095955174,1.0944736923257021,1.322302230625547,0.01810669439952869,0.21737455781468018
2020-03-27,-0.05306103580262786,0.06700707168448206,0.07488685112869631,1.0637042865589044,1.1887919073314825,-0.05396858321516022,-0.7206683470027717
2020-03-30,0.022104352794166223,0.06625314488846869,0.07076393594919678,1.0517360697049098,1.1233426578820687,0.021196805381633863,0.29954248724734
2020-03-31,0.03852921653210816,0.06446259845757552,0.06392313331770191,1.0233120263025641,1.0147482826959988,0.0376216691195758,0.5885454477425845
2020-04-01,-0.04932815067935129,0.06320736535802726,0.0593520196478385,1.0033858185896354,0.9421841027856003,-0.050235698091883656,-0.8464025047496957
2020-04-02,0.00636311667328232,0.06246164231221944,0.057190152620180026,0.9915478322328126,0.907865527648952,0.0054555692607499585,0.09539350763727311
2020-04-03,-0.018320982709007377,0.06057886355773878,0.05121056450226894,0.961659646084142,0.812942509033415,-0.019228530121539737,-0.37547975321943183
2020-04-06,0.050946035627164515,0.05890458633922938,0.04653211207718686,0.9350813192084011,0.7386743792089296,0.05003848821463215,1.0753539003694688
2020-04-07,0.008378596956459705,0.058457635831903464,0.04671178643251122,0.9279861998639699,0.7415266211759143,0.007471049543927344,0.15993928116453973
2020-04-08,0.02792146390155807,0.05671392711715214,0.04191444645533645,0.9003056821549615,0.665371209970518,0.027013916489025708,0.6445013300560088
2020-04-09,0.010546403179691133,0.055409907472319664,0.03921297926852005,0.8796050120451445,0.6224867478626132,0.009638855767158772,0.24580778984311424
2020-04-13,-0.0248082884399437,0.053783975053237565,0.03533213510724979,0.8537941350682111,0.5608802566963044,-0.025715835852476065,-0.7278313573299859
2020-04-14,-0.002298573549404215,0.05249838173405739,0.03345013070023304,0.8333859738099102,0.5310043629325408,-0.003206120961936576,-0.0958477857880011
2020-04-15,-0.036579363156455005,0.050902183509500286,0.029979896516782935,0.8080471125378647,0.4759161030891552,-0.03748691056898737,-1.2504015998855085
2020-04-16,-0.03125023831232504,0.05015828283951377,0.03118870290626847,0.7962380555003528,0.4951053096279829,-0.0321577857248574,-1.0310715973505318
2020-04-17,0.04809875340567611,0.0492290237648358,0.031070181154873807,0.7814865250094654,0.4932238351531303,0.047191205993143755,1.5188584114753747
2020-04-20,-0.003734379033319579,0.049161940347582346,0.03425145153632051,0.7804216087745711,0.5437249368485116,-0.004641926445851941,-0.13552495551698313
2020-04-21,-0.040563656391668125,0.04767304617098387,0.030727562169982098,0.75678614645594,0.4877849273822931,-0.04147120380420048,-1.3496418484091102
2020-04-22,0.009877446544784061,0.047276641003133814,0.03264015751246248,0.7504934095006277,0.5181464371917142,0.008969899132251699,0.27481175998696894
2020-04-23,-0.006247612969001818,0.04590021540779025,0.029471541428790923,0.7286433305598491,0.46784621624590794,-0.007155160381534179,-0.24278202071046953
2020-04-24,0.010024244322067239,0.04452821519083467,0.026570529313179773,0.7068635023231024,0.42179407659615314,0.009116696909534878,0.3431131085903029
2020-04-27,0.03288258294638609,0.04324147730651801,0.024119268780033513,0.6864371716565387,0.3828815219801575,0.03197503553385373,1.3257050130940704
2020-04-28,0.017755714756153375,0.04269088537082199,0.025508401035694725,0.6776967956421626,0.4049333129001041,0.016848167343621014,0.6604948432496742
2020-04-29,0.04010536706321344,0.04161822817600596,0.023947486452734847,0.6606688905651183,0.3801545620741485,0.03919781965068107,1.636823961798488
2020-04-30,-0.03766356237583766,0.04152901069801682,0.027132492411526373,0.6592526070089605,0.43071496422147576,-0.038571109788370014,-1.4215837308033048
2020-05-01,-0.02153222153550982,0.04130728557570629,0.02928312846669677,0.6557328298106662,0.46485525319701493,-0.022439768948042182,-0.766303674607806
2020-05-04,0.003418772312709391,0.04039470912124794,0.027895891489078024,0.6412461277056871,0.44283354888326243,0.0025112249001770304,0.09002131733844179
2020-05-05,-0.0039214574806907074,0.03917307562265678,0.02501377246708561,0.6218532971224592,0.3970813277967787,-0.004829004893223069,-0.19305384262119274
2020-05-06,-0.0010142150505576355,0.0379918508662115,0.022512851894260808,0.6031019354342969,0.3573804444902609,-0.0019217624630899965,-0.08536290613540218
2020-05-07,-0.010266742060588288,0.036835303802685744,0.020206206668194046,0.5847423199765098,0.3207635867040988,-0.011174289473120649,-0.5530127280500277
2020-05-08,0.015015086294806263,0.0358015864091845,0.018740960253389363,0.5683325650817528,0.29750352096608573,0.014107538882273903,0.7527649966453831
2020-05-11,0.010058779254614698,0.034905236613377584,0.017857410866800042,0.554103453197181,0.2834776092783317,0.009151231842082337,0.5124612918604023
2020-05-12,-0.01776088916222133,0.03393145668637446,0.016504064477852493,0.5386451760858396,0.2619939013810366,-0.01866843657475369,-1.1311417620674993
2020-05-13,-0.03980220951699303,0.03318418416531753,0.016811911146531786,0.5267825925719861,0.26688081574462724,-0.04070975692952539,-2.421482993497953
2020-05-14,-5.349226071947692e-4,0.033618025327801816,0.022919544963548102,0.5336696075186056,0.3638364968178674,-0.00144247001972713,-0.06293624162352593
2020-05-15,-0.008355981411813242,0.03259414821491769,0.020561449530238845,0.5174160622359124,0.326402892312107,-0.009263528824345602,-0.4505289770899725
2020-05-19,0.02952690169285184,0.031667414379862695,0.018862802496888625,0.5027046186812844,0.2994377066189731,0.02861935428031948,1.5172376578210038
2020-05-20,0.015824196344831416,0.03154308007963615,0.0208237977371545,0.5007308728542763,0.33056754098652225,0.014916648932299055,0.716327017798693
2020-05-21,-0.013718337619440097,0.030826810705184945,0.019722415086144383,0.4893604490350982,0.3130836334291594,-0.01462588503197246,-0.7415869186450499
2020-05-22,-0.011681099653520988,0.030076008544694947,0.018754579872966515,0.4774418342322989,0.29771972572420047,-0.012588647066053348,-0.6712305554868253
2020-05-25,0.01689112788272014,0.029299815663731726,0.01766440258896672,0.46512015423761427,0.28041369785358866,0.01598358047018778,0.9048469309780796
2020-05-26,0.06398225213543392,0.028706951390246295,0.01725307101418692,0.4557087256644697,0.2738840115340532,0.06307470472290155,3.6558537706728416
2020-05-27,0.043040461378250905,0.03194162534897028,0.030873115192564495,0.5070575828674324,0.4900955099842539,0.04213291396571854,1.3647121031656004
2020-05-28,-0.014756491373103362,0.032713915434828406,0.0329007391937297,0.5193173079105204,0.5222830431408271,-0.015664038785635725,-0.4760999044246706
2020-05-29,-0.025130991447754325,0.03192261721023428,0.030195487499420963,0.5067558380195425,0.4793385038389648,-0.026038538860286686,-0.8623321236587423
2020-06-01,0.02077547719251863,0.031556366775135944,0.02920304546812672,0.5009417926065061,0.4635839750062507,0.01986792977998627,0.6803375970383246
2020-06-02,0.023362748181097254,0.031015371256180393,0.02747623332153497,0.49235375498516576,0.4361716820014065,0.02245520076856489,0.8172590655271966
2020-06-03,0.02706432946169468,0.030610212986249878,0.02638779496791083,0.4859220668420218,0.4188932587947221,0.02615678204916232,0.9912454633276696
2020-06-04,6.968769009655744e-4,0.030409122093089686,0.026109055023205183,0.4827298478766915,0.4144683993498159,-2.1067051156678659e-4,-0.008068867731120373
2020-06-05,0.02540792716414645,0.02948323188405564,0.023397064373636187,0.4680317964699693,0.3714168824496634,0.02450037975161409,1.0471561457607954
2020-06-08,0.007463905739337268,0.029254727316383747,0.023401270323312087,0.4644043989129564,0.3714836498308791,0.006556358326804908,0.28017104354687683
2020-06-09,-0.010502269928582126,0.028422373572025154,0.021164592312985345,0.45119119285051873,0.3359774871613712,-0.011409817341114488,-0.5390993208082774
2020-06-10,-0.018129088182562793,0.027676331055955676,0.019592694209775368,0.4393481350605143,0.31102437835680474,-0.019036635595095153,-0.9716190836887161
2020-06-11,-0.04191612370110864,0.027198168559217247,0.01934571482453228,0.4317575407446286,0.3071037021629278,-0.042823671113641,-2.2135998334544014
2020-06-12,0.020114876809052436,0.028297944027166646,0.025103425034923105,0.44921593506185137,0.39850451819015686,0.019207329396520076,0.7651278409141157
2020-06-15,-0.0028333064718866576,0.027874786351421214,0.023923521922911573,0.4424985152095082,0.37977413695695467,-0.0037408538844190186,-0.15636718943277328
2020-06-16,0.015790668455414252,0.027034517728691847,0.021505920569296396,0.42915966434811226,0.34139590525120134,0.01488312104288189,0.6920476152102154
2020-06-17,-0.006423279815258254,0.026494791044839462,0.02029477157693768,0.4205917688595983,0.3221695110446356,-0.007330827227790615,-0.36121752836681975
2020-06-18,-6.823175903764023e-4,0.02573579271703573,0.01847564311572744,0.40854304393430296,0.29329174197718416,-0.0015898650029087633,-0.08605194379162835
2020-06-19,-0.005187141930643401,0.02495233653599245,0.016606966692170065,0.39610606262536147,0.26362742339168965,-0.0060946893431757625,-0.3669959394841995
2020-06-22,-0.002902326560447698,0.024225530730483832,0.015152007219717852,0.3845683781484788,0.2405306578009719,-0.003809873972980059,-0.25144351621098315
2020-06-23,0.006394608594494625,0.023498280124107134,0.01373275679077676,0.3730236326767168,0.21800075570237265,0.0054870611819622635,0.39956006398129046
2020-06-24,-0.01809181010524456,0.0228362098389412,0.012594014882540572,0.3625135927267487,0.19992378832229213,-0.01899935751777692,-1.508602117353081
2020-06-25,0.00608049125050943,0.022579675520093715,0.013925416106637542,0.35844123666420596,0.22105912752753748,0.005172943837977069,0.3714749920838191
2020-06-26,-0.02495257603748452,0.021942415186756617,0.012738494070648103,0.3483250424897094,0.2022173243304344,-0.02586012345001688,-2.0300769703699504
2020-06-29,0.011891628704775815,0.02213457187814379,0.01587387930340249,0.3513754353987141,0.2519900218719493,0.010984081292243455,0.6919594815042515
2020-06-30,0.0066581073877036885,0.0216570442556256,0.01501690530324141,0.34379491939863177,0.23838598136510258,0.005750559975171328,0.3829390849211831
2020-07-02,0.002621946338643562,0.021060525529432782,0.013735140686131141,0.3343254781872364,0.21803859886792842,0.0017143989261112012,0.12481844673366109
2020-07-03,0.0013013380890276405,0.020429034915959692,0.012401383319060624,0.3243008754761079,0.19686585705251514,3.937906764952795e-4,0.03175377023384422
2020-07-06,0.01004416663893585,0.019809249061763227,0.011199429934368375,0.31446208005819043,0.1777854385921869,0.009136619226403488,0.8158110975242934
2020-07-07,-0.017022443839708558,0.01936272409801245,0.010847887528741303,0.3073737160085903,0.17220487590869116,-0.01792999125224092,-1.6528555633284083
2020-07-08,-9.571183472577756e-4,0.01923034048275196,0.012414479674821281,0.3052721912667568,0.1970737552550587,-0.0018646657597901368,-0.1502008790245154
2020-07-09,-0.011871448858127428,0.01864598079773371,0.011237533728350024,0.29599576885013484,0.1783903175694878,-0.01277899627065979,-1.1371708935049483
2020-07-10,0.021444673183828627,0.01831032828199306,0.011517843382327402,0.29066745034863717,0.18284009537657606,0.020537125771296266,1.7830704142763178
2020-07-13,0.006678810266845728,0.01851335936464171,0.013567050433220646,0.29389046886726433,0.2153702488258377,0.005771262854313367,0.4253881772401831
2020-07-14,0.0068353082369676885,0.018023767554574605,0.012472608170709266,0.28611843982703516,0.1979965165202938,0.005927760824435327,0.4752623303244714
2020-07-15,0.014741228437790315,0.017554717638609788,0.011537364822837763,0.27867250324632326,0.183149988637521,0.013833681025257954,1.1990329887007405
2020-07-16,7.331715397101795e-4,0.01739874287528687,0.011964453700116062,0.27619648063899566,0.189929814379522,-1.7437587282218155e-4,-0.014574495183218437
2020-07-17,-0.0037681831449799157,0.016869663033158764,0.010811749759394506,0.26779759852318596,0.17163120660492173,-0.004675730557512276,-0.43246751557947016
2020-07-20,-0.0031400910567862907,0.01638176886828863,0.009990818424129444,0.2600525187649904,0.15859932566549245,-0.004047638469318652,-0.40513582546380283
2020-07-21,0.005354750628550544,0.01590132763292057,0.009229434224367419,0.2524257505948032,0.14651272619702702,0.004447203216018183,0.48185003629764667
2020-07-22,-0.0036150176987613616,0.01547260445166721,0.008607643537270194,0.24561998108149405,0.1366421050434556,-0.004522565111293723,-0.5254126860285849
2020-07-23,-0.0045937539567330226,0.01502735839675185,0.008083693126037189,0.23855191908026216,0.12832465011874028,-0.005501301369265383,-0.6805430739999215
2020-07-24,-0.0065035772465892126,0.014612951956612415,0.007753207643450887,0.23197342078638705,0.12307835572569714,-0.007411124659121574,-0.9558785215022237
2020-07-27,3.009650452254764e-4,0.014257063302560874,0.007768266855032612,0.22632386354808778,0.12331741329841282,-6.065823673068846e-4,-0.07808464598688636
2020-07-28,-0.005763038644637285,0.013822932307218361,0.007124535960295691,0.2194322476474804,0.11309850214607488,-0.006670586057169647,-0.9362835831476098
2020-07-29,0.009262032740651108,0.013475971467056452,0.007141460290855386,0.21392441506100174,0.11336716756467811,0.008354485328118747,1.1698567222752236
2020-07-30,0.003243069164013031,0.013260950704659078,0.007464990202867573,0.21051106627688798,0.11850304569792723,0.00233552175148067,0.3128633377956091
2020-07-31,-0.011278335077132402,0.012881486507079395,0.00692654088136399,0.20448725888739686,0.10995542770806757,-0.012185882489664764,-1.759302759975206
2020-08-04,0.0019254150524545821,0.012790964915942383,0.008210221178712116,0.20305027317681446,0.13033322068624711,0.001017867639922221,0.12397566615640034
2020-08-05,0.011620659269244568,0.01241026550318203,0.007518255152156056,0.1970068573542211,0.11934860055440999,0.010713111856712207,1.4249465653795939
2020-08-06,0.0029734006337720866,0.012364311213286993,0.0082582622171172,0.19627735561778809,0.13109584852831804,0.0020658532212397256,0.2501559246880968
2020-08-07,0.0123169763499991,0.012009749662337204,0.00759839483426484,0.1906488654881171,0.12062077856845568,0.011409428937466739,1.5015577877074908
2020-08-10,0.013005955204074623,0.012028404554190648,0.008480981201053322,0.1909450027155912,0.13463140279080585,0.012098407791542263,1.4265339710975498
2020-08-11,0.010529996750621124,0.012089286885434624,0.009282985636970185,0.19191147976184772,0.1473628285176458,0.009622449338088764,1.036568375132095
2020-08-12,0.008597770315037907,0.012001443906819155,0.009377026707546561,0.19051701570680954,0.148855684232274,0.007690222902505546,0.8201131491197003
2020-08-13,-0.006294623971348093,0.011824883752537435,0.00912899716809564,0.18771421014877376,0.14491833735716383,-0.007202171383880455,-0.7889334667613735
2020-08-14,2.598341114135225e-4,0.011567866729514244,0.008852515086821187,0.18363419139499662,0.14052932038305735,-6.477133011188385e-4,-0.07316715021283553
2020-08-17,-0.0034682568346312372,0.011215643497250688,0.008073104034354,0.17804282092370435,0.1281565534995176,-0.004375804247163598,-0.5420225267187139
2020-08-18,-0.004220553471854127,0.010907105383291862,0.007614716981231285,0.17314493020658459,0.12087988461887085,-0.0051281008843864885,-0.6734460252464017
2020-08-19,0.001856214958967613,0.010625245186264036,0.007315458933474934,0.16867053829164483,0.11612931038568287,9.48667546435252e-4,0.12967984033021193
2020-08-20,-0.003997275627040313,0.010311586550602539,0.006737516193159594,0.163691361812476,0.10695475380822543,-0.004904823039572673,-0.7279868276312863
2020-08-21,-0.0015374267792967469,0.010045286501909488,0.006561237521635991,0.15946397959467878,0.10415641665044764,-0.002444974191829108,-0.37263918335019725
2020-08-24,0.015713083546298263,0.00974654476813297,0.0061592864969363,0.1547216015918252,0.09777564194694988,0.014805536133765902,2.4037745510182624
2020-08-25,0.013159950999190317,0.010203405632148705,0.008488141582263903,0.1619740429714876,0.13474507031865954,0.012252403586657957,1.4434730462389476
2020-08-26,0.025445959760055665,0.010404517092233521,0.009324309881499168,0.16516658842662468,0.14801883056249365,0.0245384123475233,2.6316598932657955
2020-08-27,0.0076791132893212115,0.01185784758941719,0.013409977033649411,0.18823749483662777,0.2128767859087439,0.00677156587678885,0.504964763160823
2020-08-28,-0.006349707065378149,0.011649470517634269,0.012426831796306931,0.184929611371435,0.19726983910474924,-0.00725725447791051,-0.5839987695067425
2020-08-31,-0.0064315862500497105,0.011401170129847331,0.011633570374664868,0.18098796491228417,0.18467720442679053,-0.007339133662582071,-0.6308582340779016
2020-09-01,-0.0036193476496644097,0.011165545110358442,0.010967944316793387,0.17724753368689006,0.1741107183350372,-0.004526895062196771,-0.41273869846927375
2020-09-02,0.002882005538228316,0.010861639581541556,0.01011388487236263,0.17242318297904774,0.16055294496605857,0.001974458125695955,0.19522252335414575
2020-09-03,-0.006796539547555157,0.010554385765675535,0.009215410043820317,0.167545679862105,0.1462900992326124,-0.007704086960087519,-0.8360004517925642
2020-09-04,-0.0038102573197810368,0.010367397568654419,0.008998590383090012,0.16457733425757168,0.1428481938227617,-0.004717804732313397,-0.5242826411099911
2020-09-08,-0.00844912066878345,0.0100948026259222,0.008436345372124995,0.1602500236948316,0.13392283097336038,-0.00935666808131581,-1.1090902124789375
2020-09-09,0.008864622096696435,0.010003699118700344,0.008662091403453037,0.15880380035278277,0.13750643812348315,0.007957074684164074,0.9186089494497925
2020-09-10,-0.00932376937791679,0.009939036562417465,0.008589319375017442,0.15777731409440945,0.13635121798562932,-0.010231316790449151,-1.1911673490925905
2020-09-11,0.005739851991308146,0.009903198546251693,0.008954510126576382,0.1572084032248702,0.1421484414439837,0.004832304578775784,0.539650356129905
2020-09-14,0.0031573375652677775,0.009703901020343323,0.008410419833092866,0.1540446530820862,0.1335112758000545,0.0022497901527354165,0.2675003385542139
2020-09-15,-0.0016717999679340956,0.009440014838014082,0.007739858366293995,0.14985558980486968,0.12286644252045947,-0.002579347380466457,-0.3332551137756158
2020-09-16,-0.008791769569876356,0.009161590595599518,0.007178633520493522,0.1454357419784667,0.11395727429098772,-0.009699316982408716,-1.3511369475428943
2020-09-17,-8.682562501144039e-4,0.009139823326360479,0.007778255909060976,0.14509019729170178,0.12347598461516386,-0.001775803662646765,-0.2283035790296012
2020-09-18,-0.007861600674048619,0.008863939324352909,0.007168137050106158,0.14071067453162214,0.1137906479892542,-0.00876914808658098,-1.2233510639212892
2020-09-21,-0.012563734475886969,0.008807016579668361,0.007569894831592126,0.13980705397335091,0.12016835505183561,-0.013471281888419331,-1.779586399562437
2020-09-22,-0.004227858804775645,0.009076374497083935,0.008987317392178012,0.1440829783522382,0.14266924063985145,-0.005135406217308006,-0.5714059038103557
2020-09-23,-0.010278845373157042,0.008860599696128013,0.008470358984816123,0.14065765957709522,0.13446278033558998,-0.011186392785689402,-1.3206515574773174
2020-09-24,0.005133533764668481,0.00895203290257798,0.009067824627712294,0.14210911673213425,0.1439472533836415,0.00422598635213612,0.4660419147521919
2020-09-25,0.0025996949267399665,0.008769934414708464,0.008448896183741963,0.13921839285399235,0.1341220689311035,0.0016921475142076057,0.20028030613795092
2020-09-28,0.019030705349001455,0.008526579002314918,0.007747915048268753,0.13535524544562302,0.12299433838184474,0.018123157936469094,2.339101270930772
2020-09-29,-0.013336790901747348,0.009490545889388313,0.010453805127878822,0.15065774537740673,0.1659490117361948,-0.01424433831427971,-1.3625984165604994
2020-09-30,-0.003245568179151207,0.0097641401615957,0.011232282392364963,0.1550009198037615,0.1783069551950839,-0.004153115591683568,-0.36974814615652907
2020-10-01,-0.0011971830359376323,0.009500007888307254,0.01031507828992003,0.15080794995367722,0.1637467914557389,-0.0021047304484699933,-0.20404405951302873
2020-10-02,0.008193673238405363,0.009215266448590527,0.00939706445987399,0.14628781972900753,0.14917377368922047,0.007286125825873002,0.7753619076452207
2020-10-05,0.01451987170296524,0.009157185399655987,0.00908598577506296,0.14536581166080814,0.14423555266012228,0.013612324290432878,1.4981670263883453
2020-10-06,0.0023454118849215444,0.009564120567688733,0.010081842079544212,0.1518257071868537,0.16004428139940155,0.0014378644723891834,0.14261922186884596
2020-10-07,0.011069292807351472,0.009290539032471977,0.009169428261540654,0.14748273495395692,0.14556016106810338,0.010161745394819111,1.108220175236065
2020-10-08,0.0031293842076497063,0.009406754125539011,0.009389617539192428,0.14932759236304252,0.14905555748828064,0.0022218367951173453,0.2366269750438034
2020-10-09,-0.007468100119435679,0.009152343116316701,0.008591685575417158,0.14528894279584736,0.13638878025248807,-0.00837564753196804,-0.97485498723705
2020-10-13,-0.009463723602600818,0.00906012210796837,0.008604069785802488,0.1438249796733756,0.136585373497669,-0.010371271015133179,-1.2053913175189184
2020-10-14,-0.004135514248260493,0.009084843846770557,0.008994585032570966,0.14421742511046168,0.14278461085443947,-0.005043061660792853,-0.5606775234800767
2020-10-15,0.003572709243483111,0.008866141953682362,0.008466585488196378,0.1407456401882393,0.13440287793381603,0.0026651618309507497,0.31478591158931346
2020-10-16,7.110107777518377e-4,0.008640475671777791,0.007812102301905333,0.13716329902096674,0.12401327944462044,-1.965366347805232e-4,-0.025157969927325313
2020-10-19,-0.01042755865127461,0.00837906216852898,0.007158631963448086,0.13301348830726356,0.11363975941632995,-0.011335106063806973,-1.5834179102493224
2020-10-20,8.646617977086101e-4,0.008515879321607104,0.00815083801020678,0.135185393280059,0.12939054211067813,-4.2885614823750945e-5,-0.005261497623931183
2020-10-21,0.005501268269064922,0.008259167451046743,0.007454003504129109,0.13111021867145348,0.11832863726237786,0.004593720856532562,0.6162756502579979
2020-10-22,0.007645576970857641,0.008120151065063839,0.007116824490549165,0.1289034019586111,0.11297608635892226,0.0067380295583252805,0.9467747261820342
2020-10-23,0.009832816432580455,0.008092461489147072,0.007146654333030686,0.12846384356790347,0.11344962042804825,0.008925269020048095,1.2488737532465979
2020-10-26,-0.01271448833022426,0.008207296370665447,0.007586327037011596,0.1302867907979026,0.1204292082260291,-0.013622035742756621,-1.7956035478431747
2020-10-27,-0.016828164080704033,0.008545035032283158,0.009038954370212389,0.13564822583853614,0.14348895225385463,-0.017735711493236394,-1.9621419432853777
2020-10-28,-0.022665793873276698,0.009253528659943487,0.011140867260200298,0.1468952135041155,0.17685578496042909,-0.023573341285809058,-2.1159341310907283
2020-10-29,0.014610545410173481,0.010550564810242333,0.014185537572970948,0.16748502407502353,0.22518842779106338,0.01370299799764112,0.9659836948125775
2020-10-30,0.001877232526175813,0.01083714145783753,0.014034253990395075,0.17203428732159645,0.2227868753694074,9.69685113643452e-4,0.06909416876074041
2020-11-02,0.007471672921399163,0.010517055528806055,0.01265213489162089,0.16695308072326634,0.20084641486363214,0.006564125508866802,0.518815643770445
2020-11-03,0.016378068178367438,0.010359609227711864,0.011753333183713788,0.16445369817801297,0.1865783800811383,0.015470520765835076,1.3162666729530033
2020-11-04,0.008838187255403973,0.010815575813850798,0.012480485048970409,0.17169194333648535,0.1981215580862129,0.007930639842871613,0.6354432389249053
2020-11-05,-0.004213547634199768,0.010707235526116916,0.011757572598709567,0.16997209458660717,0.18664567870783766,-0.0051210950467321294,-0.43555716996331256
2020-11-06,-9.358399936389612e-4,0.01043223073340386,0.010847277231117256,0.16560652884138946,0.17219518773425738,-0.0018433874061713224,-0.1699401026538948
2020-11-09,0.030612179523599292,0.010117020291572963,0.009855137394665986,0.16060271820297742,0.15644545609595523,0.02970463211106693,3.014126634819351
2020-11-10,0.024505263632468702,0.012346626491329423,0.015432752590173007,0.19599661935995777,0.24498735239271416,0.02359771621993634,1.52906722777131
2020-11-11,0.006075242474902431,0.01339116542035163,0.017105915729923905,0.21257816080546882,0.27154799381643946,0.00516769506237007,0.3020998784256877
2020-11-12,-0.0055150127404147145,0.013068222025357524,0.015529338845688231,0.20745159334123697,0.2465206116656755,-0.006422560152947076,-0.41357589120610366
2020-11-13,0.003669116080051752,0.01274192462783442,0.014234927636307593,0.20227178273747468,0.22597247074002233,0.0027615686675193907,0.19399948760369784
2020-11-16,0.016650377770115576,0.012386403408441942,0.012876701156667258,0.19662805834356112,0.204411293804636,0.015742830357583216,1.222582567230889
2020-11-17,0.009697847750166595,0.012682732939950914,0.01339420042444224,0.20133214382254322,0.21262634000177974,0.008790300337634234,0.6562766017442417
2020-11-18,0.010293113460327352,0.012523717778506256,0.01263788383555275,0.1988078563913151,0.2006201863619741,0.009385566047794992,0.7426532930609493
2020-11-19,7.513228785278232e-4,0.012401201057089736,0.012079512967431821,0.19686296373342455,0.1917563236236268,-1.5622453400453775e-4,-0.012933015960638691
2020-11-20,0.006053708539856909,0.0120248188993818,0.010913500536451117,0.190888082210122,0.17324645011571796,0.005146161127324547,0.47154083239711747
2020-11-23,0.010939129709674623,0.011752418330466547,0.010119853104056211,0.18656385723606836,0.16064768770702673,0.010031582297142263,0.9912774616383939
2020-11-24,0.017544579179788244,0.011705214647572,0.01011682671745607,0.18581452200063642,0.16059964530913604,0.016637031767255884,1.6444911267037452
2020-11-25,0.0010772986909511524,0.012135075709065092,0.01156978148897452,0.1926383548027622,0.183664587259111,1.6975127841879143e-4,0.014671951979435112
2020-11-26,0.0010588514711792156,0.011768351331644914,0.010462705236584633,0.18681678578860952,0.16609029658185692,1.5130405864685463e-4,0.014461275093347194
2020-11-27,-0.0014150363196394622,0.011412787453878566,0.00948511893167793,0.18117238421400436,0.1505715950945427,-0.002322583732171823,-0.2448660632409124
2020-11-30,-0.023291803539919827,0.011070535401981127,0.008679868884800289,0.1757393013238712,0.13778864689097467,-0.02419935095245219,-2.78798577186215
2020-12-01,0.020184684758115818,0.01215540355438106,0.01294571030706522,0.19296104934313726,0.20550678010548115,0.019277137345583454,1.4890752912231329
2020-12-02,0.0011708605195991004,0.012780214996733777,0.014247903106702773,0.2028796234997744,0.2261784499468807,2.6331310706673936e-4,0.018480832238595625
2020-12-03,-5.318118824216473e-4,0.012394196888155197,0.01283553932158328,0.19675177599857568,0.20375786992980044,-0.0014393592949540086,-0.11213859105504743
2020-12-04,0.0028665185567736673,0.012017325781758256,0.011598701590920918,0.19076913265546327,0.18412367964495582,0.0019589711442413063,0.16889572758512253
2020-12-07,4.0213219749637074e-4,0.011672367691535282,0.01052075040786263,0.18529309273864464,0.1670117351099153,-5.054152150359903e-4,-0.04803984463487231
2020-12-08,0.004859345808702749,0.01131720902400714,0.009538493138447313,0.17965512367715344,0.1514188843597655,0.0039517983961703885,0.41430007222437093
2020-12-09,0.006099372488085156,0.011036813914749036,0.008830808151038904,0.1752039893095391,0.14018473346022634,0.005191825075552795,0.5879218511775731
2020-12-10,-0.002095509854644776,0.010804384591006314,0.008343977648536963,0.1715142881814061,0.13245653881866185,-0.003003057267177137,-0.359907156235455
2020-12-11,-0.001548913692383728,0.010487807802396408,0.0077281517413393145,0.16648878746030243,0.12268060561052754,-0.002456461104916089,-0.3178588085655751
2020-12-14,-0.006687076852907462,0.010175382733224034,0.007160806850129403,0.1615291932420689,0.11367428467206102,-0.007594624265439823,-1.0605821975637537
2020-12-15,0.0025940334153650157,0.010000456427170692,0.0073332225853076525,0.15875232422058702,0.11641129961643713,0.0016864860028326547,0.22997883716383896
2020-12-16,0.0018757815814479475,0.009716600310203001,0.006778677143056325,0.1542462480588612,0.10760816363114907,9.682341689155866e-4,0.1428352683690487
2020-12-17,-0.0016211923750855302,0.009431791753713649,0.006273172952037498,0.1497250523884565,0.09958353337432883,-0.002528739787617891,-0.4031037892549364
2020-12-18,-0.003811003274861372,0.009153079800117425,0.005920794467867282,0.14530063728863699,0.09398969835542302,-0.004718550687393733,-0.7969455303678855
2020-12-21,-0.0013152339225429945,0.00892320359486092,0.005870590632525763,0.14165146565999728,0.09319273717637125,-0.0022227813350753555,-0.378629932525039
2020-12-22,-0.0016587577302723533,0.008657363286121184,0.0055576083841192055,0.13743138158770546,0.0882242980120017,-0.0025663051428047147,-0.4617642995749572
2020-12-23,0.009173700865614013,0.00840345353746128,0.005321868557636538,0.13340068928525134,0.08448204428208175,0.008266153453081652,1.5532426935310635
2020-12-24,5.297216339970423e-5,0.008451648166434777,0.0061100919796118714,0.13416575530200872,0.09699470319470009,-8.545752491326568e-4,-0.13986291073591034
2020-12-29,-3.9662757513053714e-4,0.008194187189005022,0.005694437238994225,0.13007868899051225,0.09039638874506399,-0.0013041749876628983,-0.22902614128964344
2020-12-30,-0.0023896040603001065,0.007945153256743888,0.005355180034254692,0.12612539787383548,0.08501084757969762,-0.0032971514728324675,-0.6156938612226039
2020-12-31,-5.590815478611623e-4,0.007725318447200691,0.005227234601700832,0.12263562846043617,0.08297977680415303,-0.0014666289603935234,-0.2805745431659626
2021-01-04,-0.0028019822639776906,0.007491225983418819,0.004967830807638525,0.11891952580266882,0.07886186923474015,-0.0037095296765100516,-0.7467101477784402
2021-01-05,0.004045809982279343,0.0072953701076113354,0.0049643697018447955,0.11581041016148469,0.0788069258835912,0.0031382625697469824,0.6321573045981611
2021-01-06,0.017544465185673097,0.0071422121371022,0.004890466957424772,0.11337910275383746,0.0776337561859479,0.016636917773140737,3.4019078173879382
2021-01-07,0.007162740436658137,0.008149786382339447,0.008435417137996963,0.12937384803582563,0.1339080957133931,0.006255193024125776,0.7415392649581649
2021-01-08,0.001087729401524018,0.008093958736420381,0.008145239884117549,0.12848761163152153,0.1293016746140376,1.80181988991657e-4,0.02212113965397077
2021-01-11,4.598388814074002e-4,0.007851905963542844,0.007449478103088316,0.12464514298439615,0.11825679874795723,-4.477085311249608e-4,-0.06009931500293358
2021-01-12,0.005857491957127389,0.007613538515861841,0.006844758906371503,0.12086117706109334,0.10865717910272063,0.0049499445445950275,0.7231729579236645
2021-01-13,1.9085531547896606e-4,0.007519748887444962,0.006655371008641654,0.11937231286700403,0.10565073943040953,-7.166920970533949e-4,-0.10768627265449325
2021-01-14,0.003341396876696175,0.007290816927855393,0.00616055979586795,0.1157381306736319,0.09779585494085662,0.002433849464163814,0.395069530174232
2021-01-15,0.0022434451539107836,0.007115936113557251,0.005818252984438524,0.11296198381137579,0.09236190277010216,0.0013358977413784226,0.2296046158445515
2021-01-18,0.0016117340908085958,0.006921006916295556,0.005461915492492546,0.1098675787360564,0.08670522045111692,7.041866782762349e-4,0.12892668867618806
2021-01-19,-0.0023490207268458967,0.006721768944113949,0.005136950068384632,0.10670477397937637,0.08154655426981187,-0.0032565681393782577,-0.6339497359378305
2021-01-20,-0.0028836502084215354,0.006542348276901847,0.005044388668101275,0.10385655918632536,0.08007718759288988,-0.003791197620953897,-0.7515673098165364
2021-01-21,-0.0056887331635981355,0.006382249448993317,0.005036614936135878,0.10131506908329198,0.079953783423654,-0.006596280576130497,-1.3096654518503261
2021-01-22,-0.006479335061942593,0.006342777203072976,0.005524929569850635,0.10068846660492554,0.08770553791783106,-0.007386882474474954,-1.3370093466503061
2021-01-25,0.0018502817486445629,0.006351053476365006,0.006052136927747388,0.10081984837040425,0.09607469526798046,9.427343361122017e-4,0.15576883791079205
2021-01-26,-0.0015375816469411587,0.006174231935798264,0.005647256507566211,0.09801289343373074,0.08964741785286807,-0.0024451290594735197,-0.43297644727090556
2021-01-27,-0.010946940542237306,0.0059979764117967255,0.005386699116744414,0.09521492373147405,0.08551119750262202,-0.011854487954769668,-2.2006961402244096
2021-01-28,0.009476826196464986,0.006403694887203672,0.007129006826982611,0.10165550486086039,0.11316947495446597,0.008569278783932625,1.2020298187257614
2021-01-29,-0.017879868461810257,0.006628384705293956,0.007499015472219277,0.1052223451456318,0.11904318010390681,-0.018787415874342617,-2.5053176572234257
2021-02-01,0.0059262638210925145,0.007776936192742653,0.010518584099265814,0.12345503476808725,0.1669773460270541,0.005018716408560153,0.4771285147504268
2021-02-02,0.010064752091574128,0.0076784847805971826,0.00976795672203427,0.12189216705152701,0.1550615058224661,0.009157204679041766,0.9374739200456542
2021-02-03,0.002105861597813433,0.007842163916560375,0.009682434125348664,0.12449049278293824,0.15370387668862656,0.001198314185281072,0.1237616667222015
2021-02-04,0.008363730660880142,0.007620737627336227,0.008812178756888844,0.12097545941282449,0.13988900099624516,0.007456183248347781,0.8461225599309335
2021-02-05,9.605077859194213e-4,0.007667347840008374,0.008630757419131819,0.12171537360054248,0.1370090265428907,5.296037338706039e-5,0.006136237043305495
2021-02-08,0.004743268554668685,0.007437491784070012,0.007874063945598054,0.11806652183241213,0.12499689004483484,0.0038357211421363247,0.48713360326222144
2021-02-09,-5.856506525979688e-4,0.007303918317637796,0.007392691028720387,0.11594610878879327,0.1173553318891944,-0.0014931980651303298,-0.20198302070643817
2021-02-10,-0.0037517387310797568,0.007082864436405284,0.00682205621891309,0.11243698721227226,0.10829678511207391,-0.004659286143612118,-0.682973870941575
2021-02-11,-0.0010078184356343,0.006928310264227641,0.006598905475276915,0.10998351579025525,0.10475437687683122,-0.001915365848166661,-0.2902550817469143
2021-02-12,0.0038690558372604933,0.00672178071721402,0.006157873051485272,0.10670496087154607,0.09775320419601882,0.002961508424728132,0.48093041216785387
2021-02-16,0.005033550122733025,0.006585557792169315,0.0058596613372040515,0.10454248897634158,0.09301923999181268,0.004126002710200663,0.7041367193021761
2021-02-17,0.0038681323747627445,0.006502891261450233,0.005740139964804305,0.10323019848415455,0.09112189702545147,0.0029605849622303835,0.515768775741223
2021-02-18,0.0042624110006420635,0.006375585146233428,0.005510106971044867,0.10120927655670613,0.08747023645648858,0.003354863588109702,0.6088563444846387
2021-02-19,0.009349661004737367,0.006268914551320958,0.0053608278696379245,0.0995159333586559,0.08510050418691681,0.008442113592205007,1.5747779629371303
2021-02-22,0.006799146188660694,0.006495098300015808,0.006180019456354433,0.1031064890565613,0.09810476747432652,0.005891598776128333,0.9533301339481157
2021-02-23,0.016704793564410826,0.006513741409124475,0.006261092251815835,0.10340243923876076,0.09939175820362857,0.015797246151878466,2.5230815194101264
2021-02-24,0.021792763314905483,0.00752503190677762,0.008859821164434555,0.11945617819895858,0.1406453007696032,0.020885215902373123,2.3572954255793994
2021-02-25,-0.006850317200563191,0.009040133343049171,0.011972754699833763,0.14350766786742639,0.1900615886648395,-0.007757864613095552,-0.6479598728606096
2021-02-26,-0.012667812462557252,0.008923910631186461,0.011306163947459213,0.14166268951370892,0.1794797885226085,-0.013575359875089612,-1.2007043182971309
2021-03-01,0.01176301128383624,0.009191649386883173,0.011732754013379525,0.1459129104971532,0.1862516958797833,0.010855463871303879,0.9252272619816948
2021-03-02,0.009545029039211339,0.009365860313507028,0.011558988070520611,0.14867842322225422,0.18349324705295922,0.008637481626678978,0.7472524042746893
2021-03-03,0.005161976132021554,0.00937670698107612,0.011073802372504136,0.14885060873190387,0.17579116287313795,0.004254428719489192,0.3841886080658971
2021-03-04,-0.0019409134097163232,0.009178563920117217,0.010184663109710388,0.14570518515204167,0.1616765146516046,-0.002848460822248684,-0.2796813985464938
2021-03-05,0.014354453638847834,0.008911638580495615,0.00931812709218411,0.14146787674848035,0.14792068182487556,0.013446906226315471,1.4430910947323858
2021-03-08,0.01272833542174582,0.009328198347709227,0.010210638770231751,0.14808055804993342,0.16208886547888557,0.011820788009213459,1.1576932917924745
2021-03-09,0.0011494161947827226,0.009566347197643465,0.01052759104632655,0.15186105384158563,0.1671203268790219,2.4186878225036166e-4,0.02297475093646977
2021-03-10,0.009521582096798762,0.009279190063730727,0.009542676544116942,0.14730257566039856,0.1514852938659763,0.0086140346842664,0.9026853885744405
2021-03-11,-2.588041217205979e-4,0.009293911861109585,0.009409698737486958,0.14753627694869662,0.14937433662857366,-0.0011663515342529589,-0.12395205912452577
2021-03-12,0.003959229357306378,0.00901100486047778,0.008571941969430237,0.14304526754171093,0.13607536022393785,0.0030516819447740174,0.35600823659995656
2021-03-15,-0.0017910960822832462,0.008790156193495446,0.007928423213696873,0.13953940364041864,0.12585981667388063,-0.002698643494815607,-0.3403758127030256
2021-03-16,0.0013138801284289605,0.00853365787117352,0.007348980550598552,0.13546761900500404,0.11666144956040578,4.0633271589659957e-4,0.05529103160621442
2021-03-17,0.0037668695863061577,0.008279945321197484,0.006756882377008675,0.1314400571346082,0.10726218244607957,0.002859322173773796,0.42317181419393607
2021-03-18,0.008490868703869947,0.008080557111951698,0.006357168199730859,0.12827486743847105,0.10091691659457627,0.007583321291337586,1.1928772455098227
2021-03-19,-0.002874173595667569,0.0081057615389255,0.006712722808551806,0.12867497531273445,0.10656117102923474,-0.00378172100819993,-0.5633661803198743
2021-03-22,-0.006000663342024462,0.007890299129301144,0.00640589450093865,0.12525461559624182,0.10169042264639931,-0.006908210754556824,-1.0784146934584344
2021-03-23,-0.006503687347937381,0.007789858070691554,0.006618544378231327,0.12366016322123558,0.10506613479626827,-0.007411234760469743,-1.1197680844817794
2021-03-24,0.00234218460451302,0.007718733858801616,0.006878205616767759,0.12253110136009814,0.10918812917001079,0.0014346371919806591,0.20857724701967123
2021-03-25,0.006849454827144421,0.00750554934454014,0.006374959662194071,0.11914690211146232,0.10119934730540306,0.00594190741461206,0.9320698058451765
2021-03-26,0.005327664265052656,0.007467809356918053,0.006423747713907153,0.11854779838107814,0.1019738336161081,0.004420116852520295,0.688090044842658
2021-03-29,-0.004008523903786568,0.007356978074390572,0.006240092044331725,0.11678840631475382,0.0990583902447263,-0.0049160713163189295,-0.7878203208211506
2021-03-30,0.0014948386245710228,0.007200119071034415,0.006157023756903524,0.1142983468320628,0.09773972206249999,5.872912120386617e-4,0.09538556861668189
2021-03-31,-0.009048317807373992,0.006990370827764407,0.0057286844218644994,0.11096869669431209,0.09094004591893978,-0.009955865219906353,-1.7378973053408386
2021-04-01,0.004451685068932934,0.0071306164221387296,0.006814920412757573,0.11319502648543348,0.10818350770112514,0.0035441376564005734,0.5200556193973924
2021-04-05,0.0048992017937958075,0.00699885698691377,0.006467526170384945,0.11110341029448406,0.10266879506784313,0.003991654381263446,0.617184109674173
2021-04-06,-0.0016145347489064745,0.006890942596543329,0.006224487418873503,0.10939032245565208,0.09881067449513772,-0.0025220821614388355,-0.4051871249336187
2021-04-07,0.0021192251967605356,0.006692711544960651,0.005879061098767791,0.10624350206794059,0.0933272016593623,0.0012116777842281746,0.20610055991459816
2021-04-08,0.0019179597403876831,0.006509555398080708,0.005508580794809607,0.1033359883735177,0.08744600915983645,0.0010104123278553221,0.18342516257678762
2021-04-09,0.0013698118163384398,0.0063287097394165315,0.00518570976129753,0.1004651525424512,0.08232059039852033,4.6226440380607884e-4,0.08914197382508629
2021-04-12,0.005986991898105993,0.006145079007837844,0.004897611677247614,0.09755010504949482,0.07774717509697875,0.005079444485573632,1.0371268324866876
2021-04-13,-0.007154118380823988,0.006135708644573534,0.0051232942812674855,0.09740135514414462,0.08132977536979902,-0.00806166579335635,-1.5735316674727342
2021-04-14,0.0016580783550865783,0.0062015312564913634,0.005922577322565855,0.09844625671482038,0.09401800029636015,7.505309425542173e-4,0.12672370518398948
2021-04-15,-6.590176446774622e-5,0.006026309314963959,0.005531086587537672,0.0956646946256799,0.08780327754353742,-9.734491770001072e-4,-0.17599601119849165
2021-04-16,0.004824967717761382,0.005842745955849672,0.005203563665752778,0.09275071663743963,0.08260401234524088,0.003917420305229021,0.7528341261607883
2021-04-19,-0.0049733305176450915,0.005786729499032092,0.005181299427609106,0.09186148295304179,0.08225057852169004,-0.005880877930177453,-1.1350198945925742
2021-04-20,-0.006395465054249093,0.005741176271769967,0.005487038970114561,0.09113834788852986,0.08710404329425861,-0.007303012466781455,-1.3309569162088488
2021-04-21,0.007160198250540594,0.0057825216886864955,0.0060061697842367055,0.09179468603461036,0.09534498948672476,0.0062526508380082325,1.0410379763852864
2021-04-22,5.848232890120485e-4,0.0058743008089937486,0.006188144107557108,0.09325163440189797,0.09823374231375503,-3.227241235203125e-4,-0.05215200517489472
2021-04-23,0.010348106934798188,0.005697147223973959,0.005751680351732267,0.09043940842294257,0.09130509498852055,0.009440559522265825,1.6413567766196462
2021-04-26,0.0025800621747550934,0.0060774202035219875,0.006698028092758054,0.09647605482815239,0.10632789964777249,0.0016725147622227324,0.24970256007601177
2021-04-27,0.002768549233694369,0.00592607267926261,0.006230328048052407,0.0940734873637386,0.09890339160898289,0.0018610018211620081,0.29870045474471524
2021-04-28,0.00269581187661753,0.00578542384337327,0.005839727389246961,0.09184075631201503,0.09270279837815969,0.0017882644640851689,0.30622396301889143
2021-04-29,0.00298497894275455,0.005647911596782509,0.005503257680055054,0.08965781707178537,0.08736150733279162,0.002077431530222189,0.3774912335563045
2021-04-30,-0.003134118505418263,0.005524452646017288,0.005237841533861757,0.08769796698668693,0.08314815663217986,-0.004041665917950624,-0.7716281395345659
2021-05-03,0.0016017254690780525,0.005410893118900287,0.005225815548473927,0.08589526538016484,0.08295725003253969,6.941780565456915e-4,0.13283631044888475
2021-05-04,-3.490400110311802e-4,0.00526070622181189,0.0049364423651941415,0.08351112230090674,0.07836359315824314,-0.001256587423563541,-0.2545532451515053
2021-05-05,0.007297824902282848,0.0051011604455099965,0.004713184858865006,0.08097841161995344,0.0748194901177912,0.0063902774897504865,1.3558300132724577
2021-05-06,0.005904227439680221,0.005258899363521647,0.005246392696170733,0.08348243931476483,0.08328390212552046,0.004996680027147859,0.9524029779156381
2021-05-07,0.00451934762212521,0.005299835399734396,0.005378400486018861,0.08413227874364285,0.085379460823889,0.0036118002095928492,0.6715379821531914
2021-05-10,-6.007071685355895e-4,0.005256275309018517,0.0052832456306852425,0.08344078374091307,0.0838689243243705,-0.0015082545810679504,-0.2854787921099039
2021-05-11,-0.005536685993634734,0.005098271791782549,0.005017186453495869,0.08093255566363379,0.0796453658231532,-0.0064442334061670945,-1.2844317160421435
2021-05-12,-0.0013372421335439328,0.005125634229501669,0.0054784559419350145,0.08136692089644951,0.08696779194590497,-0.0022447895460762936,-0.409748580597953
2021-05-13,0.014328259394807972,0.004980270240738381,0.005229419959880514,0.07905933911333722,0.08301446828976726,0.01342071198227561,2.566386345949973
2021-05-14,0.0068247071472814875,0.005969325523677817,0.007521956889382793,0.09476010498265146,0.11940736381113513,0.005917159734749127,0.7866516415563576
2021-05-17,0.006735278459387853,0.006024074537548723,0.007345394009800641,0.09562921863402211,0.11660451499029623,0.005827731046855492,0.793385765158384
2021-05-18,0.001993814572404588,0.006069097473878298,0.007188052516809328,0.0963439355909538,0.11410679622209646,0.0010862671598722271,0.15112120526832284
2021-05-19,-0.0038018240740885774,0.0059044411498073,0.006630765382077206,0.0937300974792383,0.10526013721795482,-0.004709371486620938,-0.7102304508240107
2021-05-20,0.0038623521771545084,0.005799819975780684,0.006447661254996038,0.09206928782916209,0.10235344931223679,0.0029548047646221474,0.4582754347295442
2021-05-21,0.004436273697798291,0.005702166509915243,0.0061031818573059615,0.09051908711710113,0.09688500840379723,0.0035287262852659296,0.5781781319594438
2021-05-25,0.0021837423742839626,0.005634239273557493,0.005870184432940848,0.08944077566919806,0.0931862889578652,0.0012761949617516016,0.21740287316871454
2021-05-26,0.009549384628457261,0.005488724524480201,0.00550362070053482,0.08713080064029519,0.08736727010425333,0.0086418372159249,1.5702094468619758
2021-05-27,0.008766370456367393,0.005812914578610762,0.006328043463239962,0.09227715820479539,0.10045457573604506,0.007858823043835032,1.241904087651653
2021-05-28,-0.0010342170900332626,0.0060310473719768,0.00674740345534295,0.09573990894900164,0.10711170922953216,-0.0019417645025656236,-0.28777951628608067
2021-05-31,-0.00401941275048362,0.00585280247045854,0.006286656696911273,0.09291035885770654,0.09979758118839595,-0.004926960163015981,-0.7837170694300308
2021-06-01,0.005227262971531995,0.005759281177737224,0.00619632625340707,0.09142575436072728,0.09836362985241419,0.004319715558999634,0.6971413999746099
2021-06-02,0.0020025762126984667,0.005728753546243454,0.0060404547148637,0.09094114323443725,0.09588924588766154,0.0010950288001661057,0.18128251131021259
2021-06-03,0.003063526526687066,0.005575851401466961,0.005642177574342305,0.08851389693439529,0.0895667922874523,0.002155979114154705,0.3821182665286855
2021-06-04,-0.0014543136520532482,0.005457822221999314,0.005360256220284283,0.08664024179647285,0.08509142953475561,-0.0023618610645856093,-0.440624658136276
2021-06-07,1.1739844511042075e-4,0.00530353237893816,0.005139966998165182,0.08419096646909487,0.08159444654534555,-7.901489674219403e-4,-0.15372646705786253
2021-06-08,-0.0021713986892369177,0.0051420458279242895,0.004866474259862617,0.08162744694470939,0.07725288391976161,-0.0030789461017692787,-0.6326851715139246
2021-06-09,-0.005199558636040287,0.005013690807652817,0.0048042921224843195,0.07958987416571957,0.07626577309080104,-0.006107106048572648,-1.2711770835064538
2021-06-10,-0.0022856800692130363,0.00502503675453574,0.005252032742761747,0.07976998548876414,0.08337343508949631,-0.003193227481745398,-0.6079983956966459
2021-06-11,0.0024935213007464263,0.004904018222243556,0.005131127807709484,0.07784887584591318,0.08145412874692408,0.0015859738882140653,0.30908875156669274
2021-06-14,-0.001474760853398168,0.004793692725789545,0.004893746973107372,0.07609751288459088,0.0776858248207032,-0.002382308265930529,-0.48680658788082787
2021-06-15,0.007133823206104302,0.00466167520606201,0.004755254708976585,0.07400179972917516,0.07548732828432522,0.006226275793571941,1.309346433497764
2021-06-16,0.008544158547949321,0.004845702095193392,0.005241411795776499,0.0769231360283181,0.0832048327830305,0.0076366111354169595,1.4569759890971548
2021-06-17,-0.007893642179685837,0.0051431641802677916,0.0059042563394712325,0.0816452002377837,0.09372716370610461,-0.008801189592218199,-1.4906516733327346
2021-06-18,-0.009307095444584152,0.005348231925574396,0.006647996566175785,0.08490054977379576,0.10553367378547487,-0.010214642857116514,-1.5364994183491913
2021-06-21,0.007860572512806807,0.005664335016824585,0.007514938347522296,0.08991853078243629,0.1192959479131601,0.006953025100274446,0.9252271647134517
2021-06-22,-9.591125235974458e-4,0.005819529682508828,0.00750058810442164,0.09238216972366219,0.11906814486617416,-0.001866659936129807,-0.24886847673043136
2021-06-23,-1.0427462527103548e-4,0.005647132368914377,0.006931803317158455,0.08964544721286301,0.11003896628648317,-0.0010118220378033966,-0.14596808240343603
2021-06-24,0.0012534558402182612,0.005475157545164029,0.006406756745818241,0.08691543152041749,0.10170411035952313,3.4590842768590006e-4,0.05399119108302001
2021-06-25,0.00469692730593287,0.005317234076877492,0.005940184014140882,0.08440847418081565,0.09429749786026898,0.0037893798934005097,0.6379229809008805
2021-06-28,-0.008713093112751442,0.005282070342360263,0.005764673092243749,0.08385026720061035,0.091511348349976,-0.009620640525283804,-1.6688961145477932
2021-06-29,-0.0011011719432934366,0.005548092516444904,0.006752639529204424,0.0880732382957505,0.10719482932523511,-0.0020087193558257976,-0.29747172896440083
2021-06-30,-7.484486241804422e-5,0.005385833780919333,0.006294914483699589,0.08549746072225972,0.09992866948972601,-9.823922749504052e-4,-0.15606125825764083
2021-07-02,0.0028380069983841016,0.005221791770068598,0.0058567546371918475,0.0828933745305917,0.09297309755960372,0.0019304595858517406,0.3296125081957237
2021-07-05,0.003424103232835855,0.005110219149501458,0.005526281941136455,0.08112221408772516,0.08772700614644609,0.002516555820303494,0.455379556654682
2021-07-06,-0.0045514979138977325,0.005025032173779839,0.0052914462062136815,0.07976991277151856,0.08399910442510562,-0.005459045326430093,-1.0316735942660822
2021-07-07,-0.001302988493372792,0.0049978854971161665,0.0054929784735309375,0.07933897263927481,0.08719832998796431,-0.002210535905905153,-0.40242937716888594
2021-07-08,-0.01345857319948653,0.004856129592234826,0.005238976058061968,0.07708866741212908,0.08316616664552072,-0.014366120612018892,-2.7421619134738493
2021-07-09,0.010840898964643759,0.005747613982648825,0.007833648337738275,0.0912405433805178,0.12435531215993996,0.009933351552111398,1.2680364402187791
2021-07-12,0.006974103413695309,0.006172881654918124,0.00831778306526945,0.09799145838927711,0.13204071270052498,0.006066556001162947,0.7293477064211489
2021-07-13,-6.28779360497822e-4,0.00622386431050535,0.008022034325851819,0.09880078295644586,0.1273458470101656,-0.001536326773030183,-0.1915133631477011
2021-07-14,8.324738001265763e-4,0.006036225604406993,0.007370166261497917,0.09582211084044873,0.11699776229473276,-7.507361240578464e-5,-0.010186149096523453
2021-07-15,0.0020852716155572715,0.005855889269114853,0.006773196022707536,0.09295936026725815,0.10752115354305561,0.0011777242030249105,0.1738801297166834
2021-07-16,-0.007872062561237587,0.0057004257952231385,0.006274858941260536,0.09049145412802818,0.0996102976235126,-0.008779609973769949,-1.3991724843469135
2021-07-19,-0.02104688982237631,0.00585348828734772,0.006909142779135845,0.09292124586330873,0.10967924139738668,-0.02195443723490867,-3.1775920597858307
2021-07-20,0.0066737757135614615,0.0076671911345697384,0.0112677363532749,0.12171288597882415,0.1788697693764433,0.0057662283010291,0.5117468247606966
2021-07-21,0.006099053173789781,0.0076112435013523695,0.010483565111346174,0.12082474483520926,0.16642143682785085,0.00519150576125742,0.49520422739004566
2021-07-22,-0.0037057423277740975,0.007529081813585828,0.009754028372820137,0.11952046847644363,0.15484040013330055,-0.004613289740306459,-0.47296250984480576
2021-07-23,0.0051023864252688345,0.007355936388409033,0.009073170957830019,0.11677187006244558,0.14403212374315164,0.004194839012736473,0.4623343957953736
2021-07-26,0.002711700907423435,0.007240529882216285,0.008450703769996681,0.1149398485720565,0.1341507634733232,0.001804153494891074,0.2134915083991617
2021-07-27,0.0021818850407637944,0.007051308807975313,0.007754016027083272,0.11193605714053188,0.12309118841802849,0.0012743376282314334,0.16434549835600282
2021-07-28,0.00203763426361947,0.006857356333965075,0.007127915734479426,0.10885715706615104,0.1131521543979412,0.001130086851087109,0.1585438006261227
2021-07-29,0.005973153169975154,0.006667162285489176,0.006579984612007862,0.10583792014748028,0.10445401748402779,0.0050656057574427924,0.7698506996807457
2021-07-30,-0.006267640227413014,0.00662757144752928,0.006454444992981661,0.10520943507884903,0.10246113781425308,-0.007175187639945375,-1.1116660917782126
2021-08-03,0.0016846895735383631,0.0066065285843471665,0.006706554396373998,0.10487538998173326,0.106463250521595,7.771421610060022e-4,0.11587800755424814
2021-08-04,5.41748694202741e-4,0.006418546367924729,0.006206079165842546,0.1018912648083943,0.09851845253759135,-3.6579871832962004e-4,-0.05894200002199919
2021-08-05,0.006330131414579979,0.0062244262970516375,0.005767568681506845,0.09880970421629572,0.09155731440451084,0.0054225840020476175,0.9401854232676262
2021-08-06,0.010741348723556919,0.006230819174661822,0.00585757134487743,0.09891118800220744,0.09298606239218303,0.009833801311024556,1.6788188708319232
2021-08-09,9.913421304318566e-4,0.006589105817647559,0.006870531553042973,0.1045988121347061,0.10906630718504451,8.379471789949563e-5,0.012196249628223129
2021-08-10,0.008419362965721692,0.0063929885109205095,0.00633942414134056,0.10148554640633282,0.10063523840007782,0.00751181555318933,1.1849365787348711
2021-08-11,0.006506827922566294,0.006532321512267281,0.00668484633808111,0.10369738923225953,0.10611864577946055,0.0055992805100339325,0.8376079608796527
2021-08-12,-8.594891954071631e-4,0.006530794703256672,0.006617514849055714,0.10367315189061015,0.10504979152727131,-0.0017670366079395238,-0.26702419990665693
2021-08-13,-0.0014336078880605359,0.006335339453363298,0.006165887565863455,0.10057039598865104,0.09788043066756057,-0.0023411553005928966,-0.37969477639429633
2021-08-16,-9.946577260321887e-4,0.006152369326087604,0.005815950034886648,0.09766583526389912,0.092325344579325,-0.0019022051385645497,-0.32706696707404287
2021-08-17,-0.004362824349855853,0.005969917090263981,0.005489956160123554,0.094769495811077,0.087150352250004115,-0.0052703717623882144,-0.9600025225464828
2021-08-18,0.0019186536807172525,0.005885878833208351,0.0056143676925142685,0.09343542983836992,0.08912532409960984,0.0010111062681848915,0.18009263439104933
2021-08-19,-0.005216947746914724,0.005725891142664982,0.0052756523826327836,0.09089570398631401,0.08374838524843031,-0.0061244951594470855,-1.1608981629662816
2021-08-20,0.00834475312943772,0.005696636923890503,0.005605383182247221,0.09043130766025353,0.08898269942069996,0.007437205716905359,1.3267970226299057
2021-08-23,0.004166245920646294,0.005889199113253884,0.006121918317098113,0.09348813765007133,0.09718244048215599,0.003258698508113933,0.5323002267136763
2021-08-24,0.0024436473026378893,0.005800272625325074,0.005857801415689481,0.09207647341791522,0.09298971465309876,0.0015360998901055283,0.2622314723731079
2021-08-25,0.0042098175490067336,0.00565533884968806,0.005504969149644774,0.08977572105646019,0.08738867607025672,0.003302270136474372,0.5998707797822014
2021-08-26,-0.013452296059776752,0.005579179140542013,0.005350748384701189,0.08856672315451948,0.08494049732399947,-0.014359843472309113,-2.683707481623813
2021-08-27,-0.004955210230778846,0.00633383467151746,0.007891767259863845,0.10054650831740208,0.12527792144640829,-0.005862757643311207,-0.7428954060934073
2021-08-30,-0.00601174614748758,0.006259685331805633,0.007641788909750245,0.09936942404085926,0.12130963816110335,-0.006919293560019941,-0.9054546836790449
2021-08-31,-0.004705374340347235,0.006245086575103595,0.0075968432155327755,0.09913767596275327,0.1205961473846879,-0.005612921752879596,-0.7388492290328194
2021-09-01,0.0016297115872431212,0.006163560076098447,0.007364203723424536,0.09784348291297701,0.11690310993718324,7.221641747107601e-4,0.09806412231829677
2021-09-02,8.962153540599625e-4,0.00598911195707927,0.006774833622908883,0.09507420487533057,0.10754714964033389,-1.1332058472398599e-5,-0.0016726696334031887
2021-09-03,-0.0015993893407852213,0.00581080772612683,0.0062564469186548975,0.09224371295846588,0.09931801582582328,-0.0025069367533175823,-0.40069655923118747
2021-09-07,0.002676447428429725,0.005647392320356306,0.005904963881150478,0.08964957381407279,0.09373839558205758,0.0017689000158973643,0.2995615301803887
2021-09-08,-0.002761961886051804,0.0055144591637845235,0.005557519397625494,0.0875393253743703,0.08822288539520727,-0.003669509298584165,-0.6602782709408086
2021-09-09,0.0014794248887809076,0.005389101064602931,0.005436352633001677,0.08554932724279672,0.08629942263704177,5.718774762485465e-4,0.10519506640848367
2021-09-10,-0.0017484815062788945,0.005237479121440662,0.0051122688282127324,0.08314240351335031,0.08115475172855086,-0.0026560289188112553,-0.5195401509704669
2021-09-13,0.0033616108047646773,0.005095954037208655,0.004960596137259705,0.08089576245041816,0.07874702240290085,0.0024540633922323168,0.49471138635929585
2021-09-14,-0.0065320327526514985,0.005008856988230472,0.0048167679225387915,0.07951313966127485,0.07646382027690524,-0.00743958016518386,-1.5445170464560505
2021-09-15,0.007050670316276411,0.005113059411129039,0.005559996373766113,0.0811673018432748,0.08826220617243638,0.006143122903744049,1.1048789407002708
2021-09-16,0.003314069585588367,0.005249522936778199,0.005824463567830091,0.08333359315466736,0.09246049272500645,0.0024065221730560065,0.4131749035821608
2021-09-17,-0.00853924822959647,0.00515393296745525,0.005532461401621617,0.08181614943470247,0.08782510204052782,-0.009446795642128832,-1.7075212923057874
2021-09-20,-0.016977044168322127,0.005417044318688998,0.00655035174227181,0.08599291264959846,0.1039836102602992,-0.017884591580854488,-2.730325375573145
2021-09-21,-0.0016369829739046882,0.006699022967805972,0.009698155951205174,0.10634369279954674,0.15395345293685972,-0.0025445303864370496,-0.26237259941369007
2021-09-22,0.006283322924427423,0.0065073095051036,0.008876979120002307,0.10330033592778554,0.1409176748702346,0.005375775511895061,0.6055861390708852
2021-09-23,0.012733274410457943,0.006494088172627245,0.008403798240833147,0.10309045378138552,0.1334061612816396,0.01182572699792558,1.4071883521031778
2021-09-24,-8.566621797582525e-6,0.007026447676809886,0.009163147394966792,0.11154139891827902,0.14546045540226887,-9.161140343299436e-4,-0.09997809648169079
2021-09-27,0.010424493722224537,0.00681239409758939,0.008350093888600483,0.10814340369111484,0.13255363111966292,0.009516946309692177,1.139741233650639
2021-09-28,-0.008831967539709717,0.007081270698278695,0.008626487457545623,0.11241168740384476,0.1369412430041015,-0.009739514952242078,-1.1290244146501234
2021-09-29,7.417887636402091e-4,0.007198329671355125,0.008884551008337132,0.1142699409927778,0.1410378748711692,-1.6575864889215196e-4,-0.018656952809050956
2021-09-30,-0.008057813506919826,0.006981404449554019,0.008096853250425903,0.11082635985287828,0.12853356061687157,-0.008965360919452188,-1.107264840076063
2021-10-01,0.008775231723993228,0.007050624732156397,0.008322273652181926,0.1119251977735633,0.1321119985577918,0.007867684311460866,0.9453767852728712
2021-10-04,-2.566294602420194e-4,0.007165815520613155,0.008301141263048777,0.11375379485105548,0.13177653228026204,-0.0011641768727743804,-0.1402429901966047
2021-10-05,0.010288402145693671,0.006947800290143967,0.007601413399221445,0.11029291035998007,0.12066869680160451,0.00938085473316131,1.234093482420272
2021-10-06,-0.0023771684325098645,0.007192126685627275,0.00802546971361131,0.11417147164704596,0.12740038210017773,-0.0032847158450422255,-0.409286429611877
2021-10-07,0.006200353548263722,0.006997295254008976,0.007474856759746411,0.11107861855320172,0.11865967243271451,0.005292806135731361,0.7080812791268688
2021-10-08,0.006531845594680673,0.0069520554850258445,0.007220544579628018,0.11036045948460545,0.11462259172890692,0.005624298182148312,0.7789299158981247
2021-10-12,-0.003105015832071252,0.00692756171760528,0.0070566925786593486,0.10997163298101023,0.11202152185060643,-0.004012563244603613,-0.5686181167560416
2021-10-13,-0.0015677231662172644,0.006759446136274864,0.0067189416831351075,0.10730288086271823,0.10665989260272743,-0.0024752705787496254,-0.368401854857988
2021-10-14,0.007098060967516009,0.006564767375970209,0.0062958569134193365,0.1042124513508434,0.09994363009772567,0.0061905135549836475,0.9832678283696134
2021-10-15,0.011256446341650203,0.006597980647780127,0.006403405961581943,0.1047396956954584,0.10165091830880545,0.010348898929117842,1.616155369690348
2021-10-18,0.0035924932210205833,0.006965902867921661,0.0073767795927781495,0.11058027987331397,0.11710274567416384,0.0026849458084882228,0.36397262175445483
2021-10-19,0.005376926654134047,0.006810780796060375,0.006873471973556778,0.10811779332330165,0.10911298491362138,0.004469379241601686,0.6502360464690948
2021-10-20,0.0058077092752388815,0.00673336553021607,0.006617999645220437,0.10688886407667773,0.10505748742780181,0.00490016186270652,0.7404294538222663
2021-10-21,3.990543709013006e-5,0.006681443549356199,0.0064626294729899884,0.1060646281830793,0.10259106240652756,-8.676419754422309e-4,-0.1342552561721923
2021-10-22,0.0057676542546397265,0.006477907237347113,0.005997837120602938,0.10283358939699555,0.09521271255232255,0.004860106842107366,0.8103099074519048
2021-10-25,0.005338624382308624,0.0064375022626168826,0.005953219842595119,0.10219218030779932,0.09450443522161063,0.004431076969776263,0.7443160318172753
2021-10-26,0.005467768951695798,0.006376911782050026,0.0058566562000052355,0.10123033624741255,0.0929715349177105,0.004560221539163437,0.7786391045387572
2021-10-27,-0.007314668649047783,0.006326048804904468,0.0057962712785911315,0.1004229115166075,0.0920129540077111,-0.008222216061580145,-1.418535411196053
2021-10-28,0.002326497333955587,0.006389680940378244,0.0064358422861206565,0.101433040351741,0.10216582899785195,0.001418949921423226,0.22047617985967286
2021-10-29,-0.01150020733730528,0.006221181283272267,0.005993635884303485,0.09875819121952856,0.09514601999363834,-0.01240775474983764,-2.070154909198248
2021-11-01,0.006025544376869234,0.0066570411515805995,0.007664815478661209,0.10567725212763182,0.12167517361041637,0.005117996964336873,0.6677260501032725
2021-11-02,0.00553519742007282,0.0066208501102550665,0.007355905761980578,0.1051027371574169,0.11677138388296615,0.004627650007540458,0.6291067554805736
2021-11-03,0.007188575186594845,0.006560779026934797,0.007038735703099269,0.10414913827270686,0.1117364652882722,0.006281027774062483,0.8923517005045161
2021-11-04,-0.0010708062690985194,0.0066001309795072315,0.007008928873504395,0.10477383115337567,0.1112632965373963,-0.0019783536816308806,-0.2822619143860313
2021-11-05,-0.0016161892491133867,0.006404437740645814,0.006513358491994152,0.10166729729367124,0.10339636061776328,-0.002523736661645748,-0.38747086694948246
2021-11-08,4.735680094770099e-4,0.006221940008447279,0.006124252702386014,0.09877023560828771,0.09721949769977195,-4.3397940305535106e-4,-0.07086242585748827
2021-11-09,0.002142099942610646,0.006033509859125939,0.005698071981030115,0.09577899972062152,0.09045408848610502,0.001234552530078285,0.21666144867743473
2021-11-10,0.001881692614148611,0.00587319012775916,0.005355314369690088,0.09323400288390246,0.08501298008862355,9.7414520161625e-4,0.18190252417854297
2021-11-11,0.0041670200831245285,0.005712893011937795,0.005054460157360471,0.09068936505783695,0.08023706752836123,0.003259472670592167,0.6448705834283046
2021-11-12,0.0038721532497724507,0.005632118709179221,0.004977666869266929,0.08940711275329401,0.07901801187243453,0.0029646058372400897,0.5955814069326607
2021-11-15,-0.003239701667059928,0.005542303648521327,0.004881853190224585,0.0879813428663602,0.07749701687076929,-0.004147249079592289,-0.8495235145327054
2021-11-16,-0.0024289796101482444,0.0054317439153517815,0.00495823203205007,0.08622626151245454,0.07870949339615353,-0.0033365270226806054,-0.672926761215138
2021-11-17,-0.002865385192684459,0.00529977433114226,0.004908967053611549,0.08413130930979659,0.07792743610839382,-0.00377293260521682,-0.7685797366354407
2021-11-18,-1.5062270332188987e-4,0.005186036774023073,0.004925969340618289,0.08232578156460435,0.07819733904722889,-0.0010581701158542509,-0.21481459641432385
2021-11-19,-0.00450557667508535,0.005028184563851433,0.004695663614660445,0.079819955412508,0.074541348988837,-0.005413124087617711,-1.1527921358585536
2021-11-22,0.0047325233923507515,0.004998369221873168,0.0050325524357421525,0.079346651531735,0.07988929322919659,0.00382497597981839,0.7600469202571397
2021-11-23,0.007383262468324511,0.004982818463984782,0.005031722037792647,0.07909979090330753,0.07987611107041494,0.0064757150557921495,1.28697789884931
2021-11-24,1.8659669040680792e-4,0.005158442103474281,0.00549573639932693,0.08188772974990718,0.08724211070270771,-7.209507221255531e-4,-0.13118364305352215
2021-11-25,0.003925009293498038,0.005001504027619556,0.005166121056934367,0.07939641503021563,0.08200962935701495,0.003017461880965676,0.5840865608279553
2021-11-26,-0.019295545866491754,0.0049435292922404865,0.005041564910389456,0.07847609463738885,0.08003236182888084,-0.020203093279024115,-4.007305992905176
2021-11-29,-0.006091648437952864,0.006731363782221147,0.009792459433240901,0.10685708731238582,0.1554504743042636,-0.0069991958504852245,-0.7147536222336719
2021-11-30,-0.02658741803894691,0.006694704900739052,0.009374781589010754,0.10627514560992532,0.14882004408041632,-0.02749496545147927,-2.9328646422770253
2021-12-01,7.830817713921721e-4,0.009194747259395656,0.014427134517811184,0.14596208769872165,0.22902366039242492,-1.24465641140189e-4,-0.00862719072775876
2021-12-02,0.014887669444936191,0.008916701607542741,0.012994234127220868,0.1415482498111677,0.20627707187024916,0.01398012203240383,1.075871182212862
2021-12-03,0.004207440103440836,0.009382732842545352,0.013131995294928638,0.14894626631719896,0.20846396261070888,0.003299892690908476,0.25128646613076694
2021-12-06,0.004584661362169543,0.009155090834740361,0.011927439340073634,0.14533256147357837,0.18934222962985917,0.003677113949637182,0.3082903081538104
2021-12-07,0.0053427413631250325,0.008946948870377674,0.010890537828020153,0.14202841022297755,0.17288192842009703,0.004435193950592671,0.40725205867991254
2021-12-08,-0.0013509523220774364,0.008772554562965,0.010039461780941433,0.13925998641810183,0.15937151501585187,-0.0022584997346097972,-0.22496223242736532
2021-12-09,-8.31343292462446e-4,0.008511742188129157,0.009161884097389762,0.13511971832211903,0.14544040117494472,-0.0017388907049948072,-0.18979619110115356
2021-12-10,0.002050553535479653,0.008254952311960525,0.008372389644337407,0.1310433054128714,0.1329075652694958,0.001143006122947292,0.13652089445220147
2021-12-13,-0.004169648544830632,0.008019218764972679,0.007663056814811118,0.1273011513668414,0.12164725568729376,-0.005077195957362993,-0.6625549151025234
2021-12-14,0.00123521426510718,0.007841718916392314,0.007349372620803482,0.1244834286242698,0.11666767348195813,3.27666852574819e-4,0.04458432977630086
2021-12-15,0.0051648624836422834,0.007608846659430468,0.0067564578182361815,0.12078669614926556,0.10725544278450588,0.004257315071109922,0.6301105084411409
2021-12-16,0.004221107067139684,0.0074847460147969445,0.006495487604492527,0.11881665948980692,0.1031126690735394,0.003313559654607323,0.510132549912887
2021-12-17,-0.006768815106746483,0.0073300206155230575,0.006176291221236382,0.11636046992190364,0.09804558357661727,-0.007676362519278845,-1.2428757395513768
2021-12-20,-0.010108503946877956,0.007297565454828932,0.006595654468288236,0.11584526021815988,0.10470276874081576,-0.011016051359410316,-1.6701983726369012
2021-12-21,0.01215458580701038,0.007496005936237289,0.007679079053475093,0.11899540520128657,0.12190160084100218,0.011247038394478017,1.4646337557090623
2021-12-22,0.0089788591611177,0.007853835754886723,0.008500196900401628,0.12467577747226503,0.13493644256126866,0.008071311748585337,0.9495440921143807
2021-12-23,0.00853619079052148,0.007925841697319226,0.00847839652252121,0.12581883637183647,0.13459037229111573,0.007628643377989119,0.8997743096498393
2021-12-24,0.0015832162660575075,0.007963781878419153,0.008387027945959613,0.1264211180751594,0.13313994110374805,6.756688535251465e-4,0.08056117827181497
2021-12-29,0.007659540363349351,0.0077309059574749445,0.007665918125543289,0.12272432743623833,0.1216926775870198,0.0067519929508169894,0.880780728445162
2021-12-30,-0.0018444108100220862,0.007726642609994911,0.007589305465810408,0.1226566488931294,0.1204764893174253,-0.002751958222554447,-0.3626100220833034
2021-12-31,-0.003370181670971676,0.007504868868634628,0.007060641032823216,0.1191360998913474,0.11208420161729081,-0.004277729083504037,-0.6058556246689085
2022-01-04,0.023086722534828165,0.007322920237241311,0.006751486047946752,0.11624775491101573,0.10717651837793646,0.022179175122295804,3.2850804940996494
2022-01-05,9.83615407106379e-4,0.009076753637559356,0.011270183138303795,0.14408899702069775,0.17890861088463186,7.606799457401794e-5,0.006749490548692757
2022-01-06,0.010058579629000326,0.008803536741405467,0.0101977278621331,0.13975181325347286,0.16188391116671133,0.009151032216467965,0.8973599158738295
2022-01-07,0.010004986345782951,0.008883840670397903,0.01002940784094712,0.1410265986059651,0.15921191366632398,0.00909743893325059,0.9070763775412966
2022-01-10,-0.002274114002030573,0.008955068545821026,0.009883927101096897,0.14215730607467553,0.15690247851716374,-0.003181661414562934,-0.32190255776065363
2022-01-11,0.010403817250333161,0.008700112250447452,0.009075381384215974,0.13811000035818272,0.14406721317420357,0.009496269837800799,1.0463769439284216
2022-01-12,0.006412661492850264,0.008811628724751315,0.009189644465389786,0.1398802695067512,0.14588108335513492,0.0055051140803179036,0.5990562639339714
2022-01-13,0.007734847635267142,0.00868639432567989,0.008682846785537131,0.13789223505354953,0.137835919599647,0.006827300222734781,0.7862974426897521
2022-01-14,0.006442593092462422,0.008632259940176698,0.008430413595811724,0.13703287832503708,0.13382866694361373,0.005535045679930061,0.6565568363905541
2022-01-17,0.012469783535919246,0.008516770357335892,0.008047133898836833,0.13519953803374488,0.12774429037895918,0.011562236123386884,1.436814183626066
2022-01-18,-0.006909219801381686,0.008804145885114613,0.008841299445938408,0.13976148311007544,0.1403512776036371,-0.007816767213914048,-0.8841197226392984
2022-01-19,-0.015546936114265664,0.008702094275300977,0.008711346556001965,0.13814146402731137,0.13828833943008123,-0.016454483526798024,-1.8888564954933604
2022-01-20,-0.004515624955120219,0.009256634995618868,0.010565148108552504,0.14694452505422995,0.1677165267587662,-0.00542317236765258,-0.5133077465579979
2022-01-21,-0.011748453351478819,0.009042545331913314,0.00984654365438423,0.14354595700362385,0.15630903469825083,-0.01265600076401118,-1.2853241917407254
2022-01-24,-0.010152668955806262,0.009227303933654578,0.01042374655610483,0.14647890888034834,0.1654718467021162,-0.011060216368338625,-1.0610596016324896
2022-01-25,0.007322792087577264,0.009285426798298857,0.010546464713566368,0.14740158075236093,0.16741993705808797,0.006415244675044902,0.6082838988493177
2022-01-26,0.009073980210116109,0.009179509726256932,0.00993695751488468,0.14572019935904665,0.15774431023799568,0.008166432797583749,0.8218242641523984
2022-01-27,-0.0030818989280194664,0.009173212190764673,0.009661102658243057,0.14562022908233593,0.15336525014625702,-0.003989446340551828,-0.4129390279429386
2022-01-28,6.157129207971326e-4,0.008925740229422859,0.008939723587581343,0.14169173348530495,0.1419137124143903,-2.918344917352284e-4,-0.03264468849357172
2022-01-31,0.011091860746420509,0.008655140349445499,0.008145891378185971,0.1373960935619608,0.12931201676175166,0.010184313333888148,1.2502392753678135
2022-02-01,0.010590032619630428,0.008820347481225592,0.008606904480212596,0.14001867547498723,0.13663037287638105,0.009682485207098065,1.1249671969008426
2022-02-02,0.010395738899219851,0.0089364168077188,0.00885816116184272,0.14186121891144995,0.14061894904540087,0.009488191486687489,1.0711242788806643
2022-02-03,-0.0026166261730184437,0.00903062876411424,0.00901708649798824,0.1433567873543571,0.1431418105442112,-0.003524173585550805,-0.39083284676675406
2022-02-04,0.004877209487446965,0.008778947799963965,0.008347206877542389,0.1393614759091336,0.13250780123991085,0.003969662074914604,0.47556771182881774
2022-02-07,0.0010452966516481348,0.008594938007285984,0.00780864015485368,0.13644041100777465,0.12395831956401439,1.3774923911577378e-4,0.017640618133767102
2022-02-08,0.011152202658038622,0.00833703427446119,0.007155365554123947,0.13234631617227674,0.11358790677581906,0.01024465524550626,1.4317444955138345
2022-02-09,-0.0023923409812966296,0.008532178473958806,0.007885626121825145,0.13544413430228153,0.12518043390230438,-0.00329988839382899,-0.418468786479218
2022-02-10,-0.004248224043578108,0.008292983966163466,0.007356125025872392,0.13164703920668772,0.11677486458934155,-0.00515577145611047,-0.7008814339039903
2022-02-11,-0.0011977095330263365,0.008107404796279001,0.007104365852380442,0.1287010612145191,0.11277831160930837,-0.0021052569455586975,-0.29633284508472973
2022-02-14,-0.00965490433233196,0.007865893608892395,0.006602534993445841,0.12486718997052984,0.10481199369155504,-0.01056245174486432,-1.5997570259528169
2022-02-15,0.00593863791201843,0.007984546072909738,0.007568839990748461,0.12675073944393941,0.12015160997256506,0.005031090499486068,0.6647109075678265
2022-02-16,-3.9650060303518075e-4,0.007876791392819603,0.007265157159996531,0.12504018692720847,0.11533079448690672,-0.0013040480155675415,-0.17949343515208474
2022-02-17,-0.015545959880037208,0.007637450153744349,0.006704566516065226,0.12124076254475744,0.10643169389999596,-0.01645350729256957,-2.4540747344581195
2022-02-18,-3.8759475781387676e-4,0.008326549001559855,0.009321203865587444,0.13217986762512327,0.14796952408846986,-0.001295142170346238,-0.13894580453579802
2022-02-22,0.002776887131474911,0.008073447030892807,0.008497637289736569,0.12816199840077103,0.13489581000163128,0.00186933971894255,0.21998346778113667
2022-02-23,-0.010867263153399382,0.007856995626284325,0.007797664699612837,0.12472593887562305,0.12378408961345644,-0.011774810565931744,-1.5100432013339042
2022-02-24,-0.019661471969042534,0.008069342102171518,0.00871190519935045,0.12809683467749397,0.13829720761831127,-0.020569019381574894,-2.36102424336625
2022-02-25,0.028512943168872425,0.009187047068755658,0.01178646537541603,0.14583985096183433,0.18710433731894618,0.027605395756340065,2.3421267425872085
2022-02-28,-0.009425896071342938,0.011318878014273366,0.015812371956824327,0.1796816180762636,0.2510136230148536,-0.0103334434838753,-0.6535036939486853
2022-03-01,-0.01712236385308341,0.011214313645370653,0.014881686299122097,0.1780217101795736,0.23623944622052548,-0.01802991126561577,-1.2115502842362291
2022-03-02,0.017020703046176904,0.011653570325852257,0.015418665405812472,0.1849946938092421,0.24476372527376758,0.016113155633644544,1.0450421751528678
2022-03-03,-0.0033654037528207574,0.012043239563770928,0.015460220705923287,0.1911805011918713,0.2454233952122668,-0.004272951165353118,-0.2763835812328358
2022-03-04,-0.005636388146027663,0.011705417488672702,0.01402861215548295,0.18581774200328516,0.22269731401671403,-0.0065439355585600245,-0.46647063059636934
2022-03-07,-0.01850024253538638,0.011432494170085464,0.012940371772269617,0.18148521863545145,0.20542203349287336,-0.01940778994791874,-1.4997861181630336
2022-03-08,-0.005343282366074232,0.011974779580609532,0.014275774492886808,0.19009373265064297,0.22662089448610628,-0.0062508297786065935,-0.4378627430491561
2022-03-09,0.022099244229823678,0.011683521097278337,0.01312913090655456,0.18547014756584979,0.2084184918549322,0.021191696817291317,1.6140974576399125
2022-03-10,-0.0014470535395597801,0.012554560169455513,0.014856200209245728,0.19929746416905728,0.2358348670862996,-0.002354600952092141,-0.15849281235633586
2022-03-11,-0.0016146894001606476,0.01217725749183088,0.013412125874789356,0.19330796984509596,0.21291089770432356,-0.0025222368126930086,-0.18805645251466307
2022-03-14,0.008302058322315786,0.011812912313758604,0.012140724172172167,0.18752416944970726,0.19272802137478848,0.007394510909783425,0.6090667084532264
2022-03-15,-9.174478570374745e-5,0.011632181817519216,0.011405305820184161,0.18465516176545896,0.1810536169610691,-0.00099929219823610845,-0.08761643168459755
2022-03-16,0.012375819478771644,0.011277841089145448,0.010325743348784854,0.17903017708550809,0.16391609401658402,0.011468272066239283,1.110648568230091
2022-03-17,0.00464780675143267,0.011346716358505001,0.01054747084296358,0.18012353809075587,0.16743590886711862,0.003740259338900309,0.3546119628664826
2022-03-18,0.0036099312113723,0.011059801998637356,0.009689858198745804,0.1755689138280574,0.1538217302001701,0.002702383798839939,0.2788878581514969
2022-03-21,0.0031842759205779423,0.010759273359998317,0.00887809247812274,0.17079816958990723,0.14093534888247553,0.0022767285080455817,0.2564434323764774
2022-03-22,0.0036256402128625274,0.010460622458982145,0.00814806831831669,0.16605723351242227,0.12934657461498142,0.0027180928003301664,0.33358738465900556
2022-03-23,-0.025688996624534256,0.010180759348535231,0.007539848146753178,0.16161454436412107,0.11969137871700088,-0.026596544037066617,-3.5274641503913657
2022-03-24,-3.209640433885127e-4,0.011705744833736136,0.013214525930730333,0.18582293844506964,0.20977409583796086,-0.0012285114559208738,-0.09296674450227342
2022-03-25,0.005058915856319604,0.011349413000715795,0.011929864961863513,0.18016634595874395,0.18938073518204346,0.004151368443787243,0.34798117640543486
2022-03-28,-0.002818424845804912,0.011073219166604037,0.010923149880370336,0.1757819047664891,0.17339962870166906,-0.0037259722583372736,-0.3411078580028556
2022-03-29,-5.088380732286197e-4,0.010758058508189812,0.010016115808016193,0.17077888441531663,0.15900090918500168,-0.001416385485760981,-0.14141065388115878
2022-03-30,-0.0044802973549363054,0.01043106938260805,0.009111059219994146,0.16558809296904575,0.14463358125891984,-0.005387844767468667,-0.5913521839090987
2022-03-31,-0.016705062205896643,0.01017266729133589,0.008603095611522959,0.16148608693845484,0.13656990896040538,-0.017612609618429004,-2.0472409483440743
2022-04-01,-0.0029298544790981595,0.010677907867610338,0.010825530757989992,0.16950653244094177,0.17184997317553244,-0.003837401891630521,-0.3544770207962554
2022-04-04,0.00620051446229238,0.010377460974609625,0.009938625608501289,0.16473708587457025,0.1577707904032344,0.005292967049760018,0.5325652920492876
2022-04-05,-0.0017516539834864415,0.010175312146494515,0.009297031060388393,0.1615280727124759,0.1475857927021849,-0.0026592013960188023,-0.2860269454566834
2022-04-06,-0.012903356512504478,0.009874657267093108,0.008533250942576214,0.15675532446435048,0.13546115921378504,-0.01381090392503684,-1.6184809304186814
2022-04-07,-0.01038003236319899,0.010082069298082063,0.009738253017611241,0.16004788838186806,0.1545899741329419,-0.011287579775731351,-1.1590969915567213
2022-04-08,0.005630244195329018,0.010100194966589145,0.010054311996494324,0.16033562444916727,0.1596072548794638,0.004722696782796657,0.4697185430930866
2022-04-11,-2.8955279294445857e-4,0.009889139550196878,0.009341337408102293,0.15698522358140451,0.1482891341675001,-0.0011971002054768196,-0.128150836778308
2022-04-12,-0.01231189205340218,0.00958813885119871,0.008512722800455098,0.15220698561736995,0.13513528506020106,-0.013219439465934542,-1.5529037859928692
2022-04-13,-0.0037581935158367084,0.0097729945967524115,0.009575472949730227,0.15514147960430913,0.15200592066487362,-0.00466574092836907,-0.4872595800607969
2022-04-14,0.002518751565377564,0.009519883355115825,0.0089247097962002,0.151123463207878,0.14167537586500606,0.0016112041528452028,0.1805329461279729
2022-04-18,-0.0013464676612670774,0.009250466740451324,0.008160326979463976,0.1468466070390509,0.1295411748277954,-0.002254015073799438,-0.27621626920977826
2022-04-19,0.009572195130113093,0.008974722576826242,0.007523015104843616,0.14246930414447406,0.1194241624607923,0.008664647717580732,1.1517520032629054
2022-04-20,0.007692638815275116,0.009011688065377799,0.007819518007813085,0.14305611308327063,0.12413100012638786,0.006785091402742756,0.8677122293168513
2022-04-21,-0.0028114871170833995,0.008938036249476108,0.007718765690815198,0.1418869267523655,0.12253160667764815,-0.00371903452961576,-0.48181725920779744
2022-04-22,-0.020685931161574484,0.008693069082073577,0.007249695017829342,0.13799819352642734,0.11508534058944248,-0.021593478574106845,-2.9785361344168972
2022-04-25,-0.005861080316648781,0.009834111446543874,0.01131373475916124,0.15611167951709254,0.1795999714325273,-0.006768627729181143,-0.5982664321965193
2022-04-26,-0.014479729039432768,0.009642006991034336,0.010629511964608979,0.15306211582693827,0.16873827129804575,-0.015387276451965129,-1.447599523213968
2022-04-27,-0.010443111135931158,0.009998497590616766,0.011627250284257424,0.15872122865430277,0.1845768761019013,-0.011350658548463519,-0.9762117672681052
2022-04-28,0.014888195267553285,0.010025730449061538,0.011558975751025711,0.15915353687990852,0.18349305148704054,0.013980647855020924,1.2095057690367004
2022-04-29,-0.010909131827969765,0.0103819004172884,0.012011640326806232,0.16480755984229684,0.19067887885610338,-0.011816679240502125,-0.9837689873323118
2022-05-02,-8.773602597952715e-4,0.010414287029481415,0.011950240797427823,0.1653216813723205,0.18970419154399332,-0.0017849076723276324,-0.14936164907336572
2022-05-03,0.012699234706193682,0.010099312725824833,0.010825317964701844,0.16032161931121416,0.1718465951868058,0.011791687293661321,1.0892693713118193
2022-05-04,0.00843697633713103,0.010273878732462566,0.011002005522151668,0.16309276875678871,0.17465142320743585,0.007529428924598669,0.6843687643528954
2022-05-05,-0.015060191051310935,0.010173022330634312,0.010458203807090304,0.16149172301259054,0.16601883860393918,-0.015967738463843296,-1.5268146192578231
2022-05-06,-0.0049898413823685015,0.010530409375201348,0.011643262521772668,0.16716506646291496,0.1848310624922955,-0.005897388794900863,-0.5065065555185124
2022-05-09,-0.011307179190734946,0.010282512403787343,0.010819303494037846,0.16322982404014966,0.17175111842493804,-0.012214726603267308,-1.1289753180505966
2022-05-10,-0.007135102187218448,0.010346854388125963,0.011079685592268861,0.16425122137667209,0.17588455609157277,-0.00804264959975081,-0.7258915005099763
2022-05-11,-0.0018183558214049562,0.010182756649289993,0.010591367157937168,0.16164625053066406,0.16813274126447225,-0.002725903233937317,-0.2573702897169914
2022-05-12,-0.005503030698890724,0.009882591060725634,0.009667477805091416,0.15688126953378032,0.15346645246505067,-0.006410578111423085,-0.6631076109682846
2022-05-13,0.009416448304117917,0.009675880865404359,0.00919391737367813,0.15359984691209022,0.14594891367137058,0.008508900891585555,0.9254924256711561
2022-05-16,0.005882501480573528,0.009660511384500088,0.009110210592022381,0.15335586396657308,0.1446201097075064,0.004974954068041167,0.5460855177593401
2022-05-17,0.01469541362367129,0.009476401258789619,0.008557707954721876,0.15043320632770063,0.13584940224547967,0.013787866211138929,1.6111634428388288
2022-05-18,-0.016534488422213535,0.009867692783157628,0.009749555243861084,0.15664476670933136,0.15476939141245272,-0.017442035834745896,-1.7890083597124566
2022-05-19,-0.002674256917109781,0.010389053741995615,0.01153002988736052,0.16492111535163234,0.1830335501465881,-0.003581804329642142,-0.31065004727946083
2022-05-20,6.47391722300698e-4,0.010093839229864485,0.01053694992212645,0.16023473025653495,0.16726889442652795,-2.6015569023166304e-4,-0.02468984783588696
2022-05-24,0.014137757717926653,0.009787624938511713,0.009551016818722426,0.15537372907965508,0.15161769162080888,0.013230210305394292,1.385214847434852
2022-05-25,0.008432900871391646,0.010101599745496032,0.010331243739672964,0.16035792462297518,0.16400341001500554,0.007525353458859285,0.7284073097570245
2022-05-26,0.003858229740719013,0.010009326021242201,0.009895626489312121,0.15889312466144687,0.15708820054741823,0.0029506823281866524,0.2981804468240155
2022-05-27,0.013211422113059665,0.00975031113141911,0.009071592462357274,0.15478139075543867,0.1440070659043525,0.012303874700527304,1.3563081401178945
2022-05-30,0.005982024521095307,0.00999184435351519,0.009765226401072268,0.15861561178959685,0.15501816332087703,0.005074477108562946,0.5196476661315036
2022-05-31,-8.135869503841006e-5,0.009797643258051403,0.009126751205483435,0.1555327649719959,0.1448826838060088,-9.88906107570771e-4,-0.10835247782109228
2022-06-01,4.532675092838712e-5,0.009499188479104581,0.008319659682981024,0.1507949422358436,0.13207050308314958,-8.622206616039739e-4,-0.10363653015372269
2022-06-02,0.007125253318777039,0.009209811622759773,0.007610382883626283,0.14620122705344746,0.12081108295234655,0.006217705906244678,0.8170030340552319
2022-06-03,-0.008834216428049194,0.009098216661001338,0.007461763268813201,0.14442971195516396,0.11845181970789678,-0.009741763840581556,-1.305557880842686
2022-06-06,9.24900986930969e-4,0.009082593044926533,0.007997680048802613,0.14418169473888304,0.1269592348475678,1.7353574398608072e-5,0.002169826036139842
2022-06-07,0.0010467530306552486,0.008808814514150045,0.007320154238253814,0.13983559529842368,0.1162038460383303,1.392056181228876e-4,0.019016760247403532
2022-06-08,-0.008118082041170944,0.008544310497076381,0.006729881384924055,0.13563672419869668,0.10683355498483202,-0.009025629453703306,-1.3411275678531378
2022-06-09,-0.014440445695179603,0.008519338162078883,0.0072973729671292785,0.13524030067033682,0.11584220457065754,-0.015347993107711963,-2.1032216904420777
2022-06-10,-0.019196020863742686,0.008985319341525277,0.009339282175052673,0.14263752256904716,0.14825650835428664,-0.020103568276275047,-2.152581740165878
2022-06-13,-0.018139471177794665,0.009899547407286439,0.012024260938858193,0.157150443190645,0.19087922486140085,-0.019047018590327026,-1.5840490061866292
2022-06-14,-0.00827765032596306,0.01057654959869085,0.013528815011909539,0.16789751980365591,0.21476328032945988,-0.00918519773849542,-0.678935866179677
2022-06-15,0.00586382835560123,0.010452883191918318,0.012801763583999875,0.16593437645653747,0.20322169671783963,0.004956280943068868,0.3871561063089319
2022-06-16,-0.02822756167805516,0.010235725181026127,0.011741687622396397,0.16248709990438034,0.18639351252639688,-0.02913510909058752,-2.481339141999866
2022-06-17,-1.7199115165337587e-4,0.01209510562500003,0.016270784831479652,0.1920038493888512,0.2582907017996229,-0.0010795385641857369,-0.06634827854751764
2022-06-20,0.01749244932474377,0.011726715658379702,0.014639037680336536,0.18615583996583857,0.232387518812846,0.01658490191221141,1.132922960809685
2022-06-21,-0.0010564024903475704,0.012150064013298949,0.014934788270889567,0.1928762867562264,0.23708241388906887,-0.0019639499028799314,-0.1315016903659761
2022-06-22,-0.014604463551747195,0.011782765862433285,0.013470506647535317,0.18704560937099982,0.2138376637405251,-0.015512010964279557,-1.1515536401236826
2022-06-23,-0.029162311245563306,0.01197083866839941,0.013806502674889936,0.19003117260876262,0.21917143531984096,-0.030069858658095666,-2.177948997379626
2022-06-24,0.0070757495911910225,0.013628255337729121,0.017799583877714967,0.21634184656391897,0.28255963428521114,0.006168202178658662,0.34653631349108305
2022-06-27,0.010672703762568089,0.013326273180223948,0.016203361517638917,0.21154802842909443,0.25722038987368023,0.009765156350035728,0.6026623759153565
2022-06-28,7.013656105699744e-4,0.013182131079523176,0.015146802618116961,0.20925984351764237,0.24044803731191716,-2.0618180196238663e-4,-0.013612232704199522
2022-06-29,4.8157754102908434e-4,0.0127817048875746,0.013633406797687849,0.20290327478364711,0.21642362345555718,-4.259698715032766e-4,-0.031244565487147262
2022-06-30,-0.005859652377099882,0.012392884089619614,0.012291231731850205,0.1967309359678956,0.1951172548148483,-0.006767199789632243,-0.5505713289984139
2022-07-04,0.004066103656618561,0.012100772415596008,0.011464256225274218,0.19209380690074424,0.18198942563039797,0.0031585562440862003,0.2755134028776166
2022-07-05,-0.0053529916640586706,0.01177433494544759,0.010455005519788287,0.1869117727129895,0.16596806736700437,-0.006260539076591032,-0.5988078212624232
2022-07-06,1.9067723367771644e-4,0.011490697837314403,0.009841557980181676,0.18240917320872982,0.15622988957390313,-7.168701788546446e-4,-0.07284112742090568
2022-07-07,0.0144039976737295,0.011140742796133512,0.008942759981618104,0.1768538091546218,0.14196191367541233,0.013496450261197137,1.5092041259006357
2022-07-08,0.003573917811859617,0.011362996523176136,0.00995070328082735,0.18038197769289388,0.1579625175075821,0.0026663703993272557,0.2679579848858242
2022-07-11,-0.00619385688579573,0.011051561061593327,0.00910392964439645,0.17543809300812555,0.14452040275501019,-0.007101404298328091,-0.780037255966611
2022-07-12,-0.0037638456287802384,0.010821765732612282,0.008817223062440987,0.17179020525055683,0.13996907686441312,-0.004671393041312599,-0.5298032054118587
2022-07-13,-0.012623475996367279,0.010532519584234639,0.008277119033263582,0.16719856499281363,0.1313951912045688,-0.013531023408899641,-1.634750370814046
2022-07-14,-0.03664511343286332,0.010669538857823272,0.009487913848656179,0.1693736785292431,0.15061596302609984,-0.037552660845395686,-3.957947072918928
2022-07-15,0.00487263348702377,0.01369600584779117,0.01808460475876119,0.21741735256885072,0.2870842005034641,0.003965086074491408,0.21925201724801313
2022-07-18,0.013676848122644728,0.013332302690746938,0.01633174570969507,0.2116437439413221,0.25925842574039537,0.012769300710112366,0.7818699199150574
2022-07-19,0.025699428796108016,0.013353226119916848,0.01564904840401462,0.21197589308227163,0.2484209419910095,0.024791881383575656,1.5842421049202917
2022-07-20,0.0052187861696229385,0.014395755185742267,0.01755958584942028,0.2285255289386549,0.27874978369712966,0.004311238757090577,0.24552052617077588
2022-07-21,0.0033405113252319056,0.014015621465736391,0.0158832784868152,0.22249109321014246,0.25213922928297194,0.0024329639126995446,0.15317769028095565
2022-07-22,-0.001513886115091752,0.013613262919719218,0.014324529200439274,0.2161038493062846,0.22739485147467134,-0.002421433527624113,-0.1690410549443997
2022-07-25,0.007520735451017835,0.013203756387948322,0.01294369929686687,0.20960313464635041,0.20547485630826806,0.006613188038485473,0.5109194741634836
2022-07-26,-0.008964629724215412,0.012933387780879407,0.012009277766827831,0.2053111660666107,0.19064137437914144,-0.009872177136747772,-0.8220458655737665
2022-07-27,0.01107430904308874,0.01273020202065552,0.01162787328836302,0.20208569211759866,0.18458676598547635,0.010166761630556378,0.8743440333780642
2022-07-28,0.004689440663903291,0.012636968787031565,0.01136036000773121,0.20060566041702643,0.18034012430772356,0.0037818932513709303,0.3329025883684312
2022-07-29,0.009347110931746005,0.012305724381009091,0.010401269050212299,0.1953473184879258,0.16511502735800845,0.008439563519213645,0.8113974822179401
2022-08-02,-0.004402767306307176,0.012148543548718168,0.010084581671000552,0.1928521501292782,0.1600877710655259,-0.005310314718839537,-0.5265775906312501
2022-08-03,0.010205073783081628,0.01182771936304734,0.009423593279841647,0.18775922407011927,0.14959490565048303,0.009297526370549267,0.986622203914291
2022-08-04,-0.003254537906917487,0.011736688649965672,0.009430273640123613,0.18631415629922146,0.1497009530823294,-0.004162085319449848,-0.4413536105401169
2022-08-05,0.005215209634503392,0.011407032473764279,0.008754870754450703,0.1810810267369092,0.13897926466073393,0.00430766222197103,0.4920303614740571
2022-08-08,-0.005244284787877362,0.011133062074648245,0.008188387508683136,0.1767318814809844,0.12998662191961993,-0.006151832200409724,-0.7512873803158672
2022-08-09,-0.004272924548242759,0.01087007443694267,0.007926678548218385,0.17255708215746457,0.12583212096801816,-0.005180471960775121,-0.6535488892683169
2022-08-10,0.01763037611341008,0.010590773353277492,0.007582123522999249,0.16812331490773114,0.1203624795097736,0.01672282870087772,2.2055600453028092
2022-08-11,0.00832686438912189,0.011139318700947606,0.009925142178369442,0.17683120234439065,0.15755674758554053,0.007419316976589529,0.747527525878568
2022-08-12,0.010301866613120159,0.010990885136661823,0.009542704785082366,0.17447489256050006,0.15148574217740407,0.009394319200587798,0.984450364143452
2022-08-15,0.005393932828668069,0.01095076664279389,0.00954254699595176,0.17383803121400593,0.15148323735260905,0.004486385416135707,0.4701454882055042
2022-08-16,0.010560270745214779,0.010699056189339445,0.0088799292394690435,0.16984225164059136,0.1409645065649161,0.009652723332682418,1.087027055325903
2022-08-17,-7.056209812587773e-4,0.01069077987028161,0.009065358529722725,0.16971086914860303,0.1439081052917068,-0.0016131683937911385,-0.17794865900802703
2022-08-18,0.001737298433283907,0.010366536636643933,0.008283409849606689,0.1645636673855988,0.13149505481809345,8.29751020751546e-4,0.10017022407637406
2022-08-19,-0.006805938011507749,0.010059735050155422,0.0075780561970466434,0.15969334318746675,0.12029791271194382,-0.007713485424040109,-1.0178712355084205
2022-08-22,-0.012822467250553155,0.009894726911620912,0.00768235020430825,0.1570739201942827,0.12195352875063527,-0.013730014663085518,-1.7872154090795997
2022-08-23,-0.013050731577906574,0.01009436592360869,0.009132573590315676,0.16024309126052053,0.14497511129982935,-0.013958278990438935,-1.5284058597940575
2022-08-24,-0.015495699606510593,0.010295714918297012,0.010199550648757301,0.16343940746058952,0.16191284700731595,-0.016403247019042954,-1.6082323215916874
2022-08-25,0.005888157563516793,0.010679355941058703,0.01156804294920057,0.16952951989428894,0.1836369887957934,0.0049806101509844315,0.430549071511584
2022-08-26,-0.006308184343971382,0.010453991997626755,0.010671220375647383,0.16595197820147836,0.16940037179716944,-0.007215731756503744,-0.6761861813828385
2022-08-29,-0.006366678624746528,0.010252628109334168,0.010139725714805307,0.1627554255727713,0.16096315562268892,-0.007274226037278889,-0.7173986991243344
2022-08-30,-0.013733769937783783,0.0100618823269833,0.009701718813092177,0.1597274301503622,0.1540100116159118,-0.014641317350316143,-1.5091467432098864
2022-08-31,-0.0155692676487912,0.010319107209762564,0.010774971216477849,0.16381074857547226,0.17104736533607698,-0.016476815061323563,-1.5291748562748873
2022-09-01,-0.00489270483367371,0.010706963196787458,0.011995897050827885,0.16996777149252443,0.1904289620977424,-0.005800252246206072,-0.4835196752381075
2022-09-02,0.005793932045915679,0.010449738316287479,0.01111386011258089,0.16588445310359692,0.1764270597830961,0.004886384633383319,0.4396658392210579
2022-09-06,-0.008593510124694207,0.01023031709866878,0.010269993555524997,0.16240124925845656,0.16303109348493094,-0.009501057537226569,-0.925127896707904
2022-09-07,0.008313030007834713,0.010139562596026972,0.010145989245660528,0.16096056619235907,0.16106258609252147,0.007405482595302351,0.7298926123413447
2022-09-08,0.01912640117238599,0.010039346290226963,0.009724716517099864,0.15936968165759655,0.15437508884909068,0.018218853759853628,1.873458596743436
2022-09-09,0.01824746751022018,0.010802329323225208,0.011726793481175325,0.1714816618168474,0.18615707536441986,0.017339920097687818,1.4786582645565542
2022-09-12,0.009427602384028991,0.011387146434079039,0.012893897872179105,0.18076534564349458,0.20468428320030482,0.00852005497149663,0.6607819494119133
2022-09-13,-0.017523513646868324,0.011279178111864819,0.012180467989512167,0.17905140166318428,0.19335893491579256,-0.018431061059400684,-1.5131652638692132
2022-09-14,0.0016121922885219226,0.011747811676152246,0.013487617758868291,0.18649072886591828,0.21410929421198302,7.046448759895615e-4,0.05224383494455483
2022-09-15,0.004610143985950332,0.01139676990494012,0.012164286987707312,0.18091811350738077,0.19310206947535535,0.003702596573417971,0.30438254023105926
2022-09-16,-0.007849264793331959,0.011107132306065845,0.011099511901283603,0.17632025916564947,0.1761992889899887,-0.008756812205864321,-0.7889366923289337
2022-09-19,0.006020769927080042,0.010939055820697456,0.010708779111968476,0.17365212767651422,0.1699965982523502,0.00511322251454768,0.47747950173264647
2022-09-20,-0.00836224772620453,0.01070785440432978,0.009940429065626238,0.16998191897366563,0.1577994193975511,-0.00926979513873689,-0.9325347102764023
2022-09-21,-0.012459070932515765,0.01058179041607468,0.009840662106445845,0.16798071520044183,0.1562156680192364,-0.013366618345048127,-1.35830477669716
2022-09-22,-0.0043551885329981554,0.010703716084390212,0.010577087361748672,0.1699162251812313,0.16790605652754756,-0.005262735945530517,-0.49756003382962016
2022-09-23,-0.0179726517006224,0.010432325999689487,0.009841193189999934,0.16560804114679006,0.1562240987092935,-0.01888019911315476,-1.918486787998406
2022-09-26,-3.205043992040766e-4,0.011031064897238277,0.011988956060164526,0.17511272648584053,0.1903187772868564,-0.0012280518117364376,-0.10243192197666498
2022-09-27,-0.008038946870162877,0.010695302360627872,0.010845638113181065,0.1697826614571804,0.1721691675436854,-0.008946494282695238,-0.8248933063534792
2022-09-28,0.014790628452409155,0.01055479052549197,0.01052737450246652,0.167552105224995,0.16711688935181243,0.013883081039876795,1.3187600608892602
2022-09-29,-0.009779503295572903,0.0108556505220013,0.011206149333850628,0.17232810960626369,0.17789210575212533,-0.010687050708105264,-0.9536773417629449
2022-09-30,-8.609962778529284e-4,0.010794107672381481,0.011104198279384836,0.17135114715585398,0.1762736829360216,-0.0017685436903852893,-0.1592680215075613
2022-10-03,0.015673288494459887,0.010467400522183883,0.010078887985541199,0.16616483193003714,0.15999738661091267,0.014765741081927526,1.4650168851077534
2022-10-04,0.020585911408324883,0.010850419512817957,0.011077898353736853,0.17224506990983357,0.1758561845594373,0.019678363995792522,1.7763625705370836
2022-10-05,-0.00761376858752318,0.011665954410101913,0.013035746964405398,0.1851912850520813,0.20693606773069104,-0.008521316000055542,-0.6536883558205998
2022-10-06,-0.026669744828812236,0.011463288842514742,0.012300734465765241,0.18197406890517284,0.19526810603913472,-0.027577292241344597,-2.24192240862497
2022-10-07,-0.02061059695395665,0.01289182256221924,0.016113850690480536,0.20465133867602175,0.25579944954382766,-0.021518144366489012,-1.3353818885265663
2022-10-11,-0.024613947740271775,0.01348016862079652,0.017116696480737985,0.2139910428110649,0.27171913293004313,-0.025521495152804136,-1.4910292521412858
2022-10-12,0.006415109850351782,0.014393152353951187,0.018797857631385473,0.22848421026491253,0.2984067388406618,0.00550756243781942,0.29298883659081587
2022-10-13,0.030125775822358494,0.014042873020380564,0.017040364413963994,0.2229236982287127,0.2705073989355818,0.029218228409826134,1.7146480967204432
2022-10-14,-0.0011031811939327119,0.015486248346209628,0.019685716084155855,0.24583657119273583,0.3125010548334039,-0.002010728606465073,-0.10214150188234289
2022-10-17,0.017092270280833228,0.015016906309052155,0.017691223502084318,0.23838599733185317,0.2808394666498577,0.016184722868300867,0.91484474583649
2022-10-18,0.00888408129649021,0.015149447804799442,0.017308544545551748,0.24049002834871627,0.27476462654408046,0.007976533883957849,0.46084371005116065
2022-10-19,-0.014067600552421103,0.014848267127576906,0.015916951569689464,0.2357089333189432,0.252673772901945,-0.014975147964953464,-0.9408301520167046
2022-10-20,-0.009658812032502998,0.014802588206408932,0.01565767832706127,0.23498380292553409,0.24855793777229993,-0.010566359445035358,-0.6748356444884582
2022-10-21,0.01633639560478047,0.014545349069195941,0.014779878895350098,0.2309002582183037,0.23462330378849036,0.015428848192248108,1.043908972562839
2022-10-24,0.004066404042449179,0.01465898420946783,0.014823294161126408,0.23270416014644787,0.23531249976657773,0.0031588566299168173,0.21310085299398654
2022-10-25,0.00867802905447057,0.014247273685881393,0.013412633918874728,0.22616845820110043,0.21291896265415328,0.007770481641938209,0.5793404702564285
2022-10-26,0.00461336339600236,0.01397584381451789,0.012533375196429775,0.22185964257296795,0.198961163148111,0.003705815983469999,0.29567581959292405
2022-10-27,0.0024718224135231353,0.01359712267421106,0.01142325814547202,0.2158476308519999,0.18133860129007118,0.0015642750009907745,0.1369377266161866
2022-10-28,0.009206019282760398,0.013196796379391916,0.01035413355546834,0.20949264793577163,0.1643667745759094,0.008298471870228037,0.8014646349472049
2022-10-31,-6.794577980477889e-4,0.012991965057698432,0.010024649804755198,0.20624105150826588,0.15913638218336676,-0.00158700521058015,-0.15831028928585147
2022-11-01,0.0012040374701417869,0.012597276946657531,0.009123591918607654,0.19997557198477744,0.14483253168164703,2.964900576094259e-4,0.032497075741050145
2022-11-02,-0.005809028035657544,0.012217073530772919,0.008307297693602887,0.19394002986848974,0.13187426258552212,-0.006716575448189905,-0.8085150786593417
2022-11-03,-0.005549426932162223,0.01193005284649137,0.00810569422881837,0.18938371775804635,0.12867390679790935,-0.0064569743446945835,-0.7965973255859995
2022-11-04,0.01876246597957202,0.011646216536772648,0.007902172580073873,0.1848779560266501,0.12544310078393467,0.01785491856703966,2.2594948903118923
2022-11-07,0.005714943802244946,0.01219090258439418,0.010463416370823353,0.19352457897432968,0.16610158548792353,0.0048073963897125845,0.45944806355195217
2022-11-08,0.002895756871954129,0.011902128147210754,0.009701319894646353,0.1889404268996497,0.15400367898190553,0.001988209459421768,0.20494216055270537
2022-11-09,-0.008286735090361392,0.01156132084315443,0.008854268667853583,0.18353027867048527,0.14055715761895046,-0.009194282502893754,-1.0384011201596615
2022-11-10,0.02962878009955065,0.011391421771119058,0.008959298609811704,0.1808332145149678,0.1422244562587709,0.02872123268701829,3.20574566580072
2022-11-11,0.0030201779702640668,0.013215539988238297,0.014642483732153454,0.209790193501848,0.23244222318952165,0.0021126305577317058,0.14428088815919782
2022-11-14,-0.004775366990864874,0.012834280495929877,0.013215578565361026,0.20373788669206305,0.2097908058946862,-0.005682914403397236,-0.4300163156150091
2022-11-15,2.2219820443571603e-4,0.01249815499548474,0.012159739320432105,0.1984020597911533,0.1930298774954214,-6.85349208096645e-4,-0.05636216287507474
2022-11-16,-0.0019632127972136386,0.012117533078816573,0.010988124564969002,0.19235987418088496,0.17443106984344664,-0.0028707602097459996,-0.2612602535375515
2022-11-17,0.0015486721366715364,0.011758221962119512,0.010022476317699404,0.18665598703239697,0.15910187914600205,6.411247241391755e-4,0.06396869434422785
2022-11-18,0.006352537322369363,0.011406328936649845,0.009100963186999699,0.18106985843145185,0.14447331170373018,0.005444989909837002,0.5982872139967466
2022-11-21,0.003312119442901828,0.011167782378266421,0.008600997790807318,0.1772830492138945,0.13653660708895266,0.002404572030369467,0.27956896267773207
2022-11-22,0.008882313953766818,0.010857919209759382,0.00791367516577004,0.17236412390792574,0.12562569867105225,0.007974766541234458,1.0077197224026406
2022-11-23,0.004073834883118447,0.010749626740595179,0.00799433486810517,0.17064503425430808,0.12690613175027174,0.0031662874705860864,0.39606640487610256
2022-11-24,-2.5358861869819355e-4,0.01046981252925221,0.007438943249071849,0.1662031213552171,0.11808956312500159,-0.0011611360312305545,-0.15608884116375382
2022-11-25,0.0019304151459549888,0.01015104991442153,0.006850617559564264,0.1611429217185772,0.10875018233891555,0.0010228677334226278,0.1493102956819688
2022-11-28,-0.011594460357351656,0.009853160693976154,0.006336879019796338,0.15641407694530501,0.10059483584810316,-0.012502007769884018,-1.9728967100094363
2022-11-29,-0.0017163061087292668,0.009966221941153507,0.00790907889622369,0.15820886860300548,0.1255527351539827,-0.002623853521261628,-0.33175209853001036
2022-11-30,-4.6534687211158233e-4,0.00967175203326892,0.0073274334008783856,0.1535343037338772,0.11631939916267477,-0.0013728942846439436,-0.18736359780211254
2022-12-01,-0.00551560144218662,0.00937780427456993,0.006760971640004416,0.14886802772610308,0.1073270974836732,-0.0064231488547189805,-0.9500333970805985
2022-12-02,-0.0020169950306713385,0.009191949292046631,0.0068105975798446235,0.14591767134402966,0.10811488485604345,-0.0029245424432036995,-0.4294105486218464
2022-12-05,-0.010662010474545403,0.008925609896109528,0.006408102926100481,0.14168966450809722,0.10172548030900312,-0.011569557887077763,-1.8054575621678068
2022-12-06,-0.007474043203393879,0.00903920512755605,0.0076979294048995376,0.14349293290327916,0.1222008408929737,-0.00838159061592624,-1.0888110523060357
2022-12-07,-0.004525616118249235,0.008953014848983852,0.007899927465026083,0.14212470464807866,0.12540746068744757,-0.005433163530781596,-0.6877485337472852
2022-12-08,-0.0054675640801927225,0.008750769021517096,0.007591482419487369,0.13891415166901358,0.120511047385695,-0.006375111492725084,-0.8397716204097561
2022-12-09,0.005772093934583796,0.00858924073350651,0.007470161998814764,0.13634996959034543,0.11858514541337427,0.004864546522051434,0.6511969248890795
2022-12-12,-0.0027450315451446605,0.008446749498997787,0.007162462979627516,0.13408799136724542,0.11370057491280657,-0.003652578957677022,-0.5099613035440742
2022-12-13,-0.016030062873390816,0.008216984505517857,0.006771423462040242,0.1304405851708278,0.107493015014799,-0.016937610285923176,-2.50133673973771
2022-12-14,-0.008393945812821916,0.008881749785125513,0.009513201900202491,0.14099340683126083,0.15101739839929737,-0.009301493225354278,-0.9777458024050022
2022-12-15,-0.009820160431672626,0.00885323952400238,0.009502623246482074,0.1405408204667889,0.15084946747759684,-0.010727707844204988,-1.1289206744228704
2022-12-16,-0.0034349239695834286,0.008914212927646712,0.009759948813759795,0.14150874324258128,0.15493438421956965,-0.00434247138211579,-0.4449276799478371
2022-12-19,-0.0096763046201148,0.008683508666021324,0.009054296526955233,0.13784642662659993,0.14373250144175626,-0.01058385203264716,-1.1689314571417384
2022-12-20,0.011175407634865095,0.008746254950192723,0.009383835761073912,0.13884249300826537,0.14896377460605656,0.010267860222332734,1.0942071540644325
2022-12-21,0.009563484893547414,0.008910698135548558,0.009577757182191626,0.14145294764777042,0.15204218173105077,0.008655937481015053,0.9037541165805961
2022-12-22,-0.0058323909203932996,0.00895120792885759,0.009445014751469359,0.14209602068032037,0.14993496097034673,-0.006739938332925661,-0.7135974384663751
2022-12-23,0.006091657573966901,0.00879532165491414,0.009050137021216926,0.13962140279834323,0.14366647133519322,0.00518411016143454,0.5728211793126486
2022-12-28,-0.010450312017946307,0.008656946317986821,0.008528943227936209,0.1374247624237765,0.1353927763638461,-0.01135785943047867,-1.3316842575849797
2022-12-29,0.013036640021828916,0.008774890179124821,0.00914954186498003,0.1392970631752038,0.14524447430946763,0.012129092609296555,1.3256502662412846
2022-12-30,-0.006621786013781142,0.009087134574764712,0.009784174227386852,0.14425378929002464,0.15531895073875884,-0.007529333426313504,-0.7695420432353064
2023-01-03,0.005834543738877669,0.008958366865329285,0.009441223070496123,0.14220966527365525,0.14987476990091028,0.004926996326345308,0.5218599634344199
2023-01-04,0.013344371358126715,0.00880225600165392,0.008835069824999636,0.1397314821402121,0.14025238543703994,0.012436823945594352,1.4076656089806132
2023-01-05,-0.004335626181583877,0.009138668551389138,0.0096209677921666,0.14507186580733533,0.1527281288990099,-0.005243173594116238,-0.5449736146487502
2023-01-06,0.010704229082279765,0.008923687936150953,0.00902073564382754,0.14165915433961593,0.1431997389385428,0.009796681669747405,1.0860180429354238
2023-01-09,0.0020337609335784324,0.009040415101844225,0.009203115652760446,0.1435121406496349,0.14609493182502004,0.0011262135210460713,0.12237307054902295
2023-01-10,0.004501258180893271,0.008779153143266778,0.008389742698966005,0.1393647356330094,0.13318303647170332,0.0035937107683609104,0.4283457666471485
2023-01-11,0.007087612649418262,0.008582819911358888,0.007812464045473307,0.1362480421986543,0.12401902194573587,0.006180065236885901,0.7910519908845853
2023-01-12,0.010346183965089831,0.00850052733405764,0.0076214104851806365,0.13494168803294035,0.12098614069996852,0.009438636552557469,1.238436975794745
2023-01-13,0.007708322978916289,0.008622414883198695,0.00805272219587619,0.13687659289059473,0.12783300184427016,0.006800775566383928,0.8445312530297661
2023-01-16,0.002123889749465202,0.008570319171522336,0.00791053876270104,0.13604959910578332,0.12557590981586125,0.001216342336932841,0.1537622623970966
2023-01-17,0.004218189750109605,0.008325503163156597,0.007262328794266689,0.1321632654551638,0.11528589557287933,0.0033106423375772443,0.4558651131563832
2023-01-18,-0.0063828188944854225,0.008137736185857985,0.006824752964761055,0.12918255709698914,0.10833959462525108,-0.007290366307017784,-1.0682242045478976
2023-01-19,-0.0033234487344043773,0.008043246100870788,0.007014807057141281,0.12768257349956427,0.11135660980978013,-0.004230996146936739,-0.6031521768841039
2023-01-20,0.00541836340346465,0.00784059296598386,0.006707874588975267,0.12446555471565363,0.10648420792942899,0.004510815990932289,0.6724657611139666
2023-01-23,0.006067077475677399,0.007716730129599047,0.006485877991498599,0.12249929314510985,0.10296012119647435,0.005159530063145038,0.7955021771775419
2023-01-24,-4.1794667338348096e-4,0.007627818443384082,0.0063913170959849054,0.1210878638828766,0.10145901351678957,-0.0013254940859158421,-0.20738981746791
2023-01-25,0.0011406534170399496,0.007396152926908966,0.005951565886170424,0.11741028781922164,0.09447817947733615,2.3310600450758863e-4,0.039167171962130834
2023-01-26,0.010681699433754225,0.007176277506075062,0.005547694843457245,0.11391987372156856,0.08806692543277965,0.009774152021221862,1.7618402412218386
2023-01-27,0.0019268211938163748,0.007433366900747662,0.0066459965470273994,0.11800104133966355,0.1055019244657709,0.0010192737812840138,0.1533665830356038
2023-01-30,-0.0011250209685743824,0.007222354551463079,0.006160106680698801,0.11465132414104053,0.09778866196053959,-0.0020325683811067436,-0.32995668524301747
2023-01-31,0.0111006764327628,0.007007752940979084,0.0057902087514705635,0.11124462918727292,0.09191671437324546,0.010193129020230438,1.7604078639896439
2023-02-01,0.001846430617380157,0.007318168229877383,0.006918536215857419,0.11617231913273592,0.10982835758251572,9.38883204847796e-4,0.13570546941647244
2023-02-02,0.004123247233115542,0.007109627938776219,0.006393288827549034,0.11286184464119176,0.10149031378501475,0.003215699820583181,0.5029805327621917
2023-02-03,0.005825076356491543,0.006966639859134491,0.006081041774764559,0.11059197924611949,0.09653354548933125,0.004917528943959182,0.808665542204662
2023-02-06,-0.003906111050554846,0.006903471412615972,0.006028670070281708,0.10958921124495379,0.09570217045454213,-0.004813658463087207,-0.7984610879298415
2023-02-07,0.00942854895813953,0.006761205861713841,0.0059713291441995196,0.10733081563804195,0.09479191147238447,0.008521001545607169,1.426985741337734
2023-02-08,-1.6267742411535412e-4,0.006950174281956333,0.006630470524238195,0.11033059631168021,0.10525545649486996,-0.0010702248366477151,-0.16141008888214284
2023-02-09,-0.0026237971442469865,0.006738561792641825,0.0061482678666709804,0.1069713521854312,0.09760072661412625,-0.003531344556779348,-0.5743641352912324
2023-02-10,-5.307234623455984e-4,0.006564813844924058,0.005907957584877539,0.10421318902261682,0.09378591915542245,-0.0014382708748779593,-0.2434463779089186
2023-02-13,0.005214861828658083,0.006366150643285567,0.005542952863438922,0.10105950846544487,0.08799164883367654,0.004307314416125721,0.7770793875114077
2023-02-14,-0.001558927077980813,0.006303006314905978,0.005507823062456062,0.10005712332786532,0.0874339805316295,-0.002466474490513174,-0.4478129494256698
2023-02-15,-0.002042139966139167,0.006122910297192639,0.005271799245421157,0.09719818767796985,0.08368721859145407,-0.0029496873786715285,-0.5595219471290549
2023-02-16,-0.0017397500505315817,0.005957419644065522,0.005121206491724527,0.09457110500308981,0.08129663273827596,-0.0026472974630639425,-0.516928475221956
2023-02-17,0.0020549975369114626,0.005791632041218379,0.004967125715396511,0.09193930839754332,0.07885067624239778,0.0011474501243791016,0.23100887517752386
2023-02-21,-0.01369752906673214,0.005637712522949184,0.004733924129878605,0.0894959117939884,0.07514871583863972,-0.014605076479264503,-3.085194455712376
2023-02-22,-0.007142979079791204,0.006413588113838563,0.007653732547987978,0.10181255496489992,0.12149923754026154,-0.008050526492323566,-1.0518431943953799
2023-02-23,-0.0048407667470049725,0.006459674508239027,0.007803323017333936,0.10254415379534353,0.12387391262263056,-0.005748314159537333,-0.7366495205655715
2023-02-24,0.008684419702316148,0.006374145623468613,0.007553088566141289,0.10118642484125223,0.1199015638587317,0.007776872289783787,1.0296281079829606
2023-02-27,0.0010517344423444281,0.006535831792311644,0.0076741376833649975,0.103753113200437,0.12182315902231874,1.441870298120672e-4,0.018788694673098863
2023-02-28,-0.01038604081459334,0.006341958696221614,0.007038094183386911,0.10067547321147491,0.11172628147855193,-0.011293588227125702,-1.6046372686776036
2023-03-01,5.201797781993109e-4,0.006654277145299106,0.008056042143157803,0.10563337488817351,0.1278857043735081,-3.8736763433305e-4,-0.048084112204161075
2023-03-02,-0.003178510352501792,0.006452819173583115,0.007372957661818494,0.10243532873142154,0.11704207440108,-0.004086057765034154,-0.5541952025839183
2023-03-03,0.011332430043050954,0.006304499857514617,0.006992791181371405,0.10008083258175494,0.11100711861668582,0.010424882630518592,1.4908042239685608
2023-03-06,3.0419405816067835e-4,0.006713222295368772,0.007810995775347774,0.10656910013663981,0.12399571388007812,-6.033533543716827e-4,-0.0772441019973307
2023-03-07,-0.013577082220020074,0.006509136994511283,0.007161737785420818,0.10332934642276353,0.11368906281166768,-0.014484629632552435,-2.0225020890933565
2023-03-08,-4.619613641783833e-4,0.007133509812502369,0.009002228433109102,0.11324095763352159,0.14290594607640805,-0.0013695087767107445,-0.1521299739155538
2023-03-09,-0.019585036590598456,0.006917119993789549,0.008220269599183339,0.10980587575415876,0.1304927344160623,-0.020492584003130813,-2.4929333224261523
2023-03-10,-0.02110718938113918,0.008245615535742554,0.011476218354838585,0.13089508868535252,0.18217931855026626,-0.02201473679367154,-1.9182919070540099
2023-03-13,-0.017514144276428962,0.009520586727915392,0.01394861008439318,0.15113462890491774,0.22142732050987216,-0.018421691688961322,-1.3206829624962406
2023-03-14,0.00864672647630101,0.01017879130001531,0.014791485668025395,0.16158330256241016,0.23480755559262775,0.007739179063768649,0.5232185080974221
2023-03-15,-0.020528485933378027,0.010093427441403104,0.013714524630588703,0.16022819331736549,0.2177113291320461,-0.02143603334591039,-1.563016868853021
2023-03-16,0.006977493548282217,0.011002261810509284,0.01533411572817442,0.1746554916589849,0.2434215407510018,0.0060699461357498555,0.3958458539997274
2023-03-17,-0.016457337792721294,0.010803143247367905,0.014036636757467994,0.1714945824620533,0.22282470062405024,-0.017364885205253654,-1.2371115321492459
2023-03-20,0.003508999477042751,0.011223015094669778,0.014628126731991492,0.17815984140492155,0.23221431287751285,0.00260145206451039,0.17783904338352866
2023-03-21,0.011973746371836791,0.010915012065319384,0.01321848642752411,0.17327044489262752,0.20983696677546845,0.01106619895930443,0.8371759520259374
2023-03-22,-0.007709522251004575,0.010981414991408355,0.01280912777063734,0.17432455866517804,0.2033385995565456,-0.008617069663536935,-0.6727288397645657
2023-03-23,-0.010606844703370661,0.010813056492085877,0.012121047274668291,0.17165195034331016,0.19241566031057708,-0.011514392115903023,-0.9499502687335348
2023-03-24,-0.001044453094634449,0.01080079481022871,0.011985638094081263,0.17145730217821342,0.19026610620816722,-0.00195200050716681,-0.1628616258762848
2023-03-27,0.011454050508139819,0.010474883834998701,0.010861708418349913,0.1662836258381826,0.1724242757295035,0.010546503095607458,0.9709801340082059
2023-03-28,-9.462954049606067e-4,0.010536200276090767,0.010802406049553726,0.1672569941646375,0.171482879809553,-0.0018538428174929677,-0.17161388018454968
2023-03-29,0.01318283458107979,0.010217854656532771,0.009816009608870527,0.16220341412273406,0.1558243217525509,0.012275287168547429,1.2505374034530796
2023-03-30,0.00323252287918091,0.010419573321908796,0.01031862870306497,0.16540559866304297,0.16380315251713717,0.002324975466648549,0.22531826016357728
2023-03-31,0.00662941332668084,0.010133134261809678,0.009409472237731174,0.16085851955025887,0.14937074105641873,0.005721865914148479,0.6080963702942115
2023-04-03,0.010544546043718829,0.009957737324972371,0.008893614310090461,0.15807417949669478,0.14118175032614785,0.009636998631186468,1.08358630081952
2023-04-04,-0.008099079232944267,0.009993917537744918,0.009073082958083544,0.15864852256896014,0.144030726790484,-0.009006626645476627,-0.9926754430755305
2023-04-05,-0.0043007117901044025,0.009890469632502858,0.009099074576993134,0.15700633798343375,0.14444333094932443,-0.005208259202636764,-0.5723943856670617
2023-04-06,0.002764301277930906,0.009646858218739722,0.008573090349166756,0.15313912667930904,0.13609359018709882,0.0018567538653985452,0.21657929518717933
2023-04-10,0.0050502039162551755,0.009377453960229739,0.007862880080850277,0.148862466658354,0.12481935169591965,0.004142656503722815,0.5268624805574849
2023-04-11,0.004741989689080664,0.009175549999068187,0.00741281919897193,0.14565734063864016,0.11767485668618852,0.0038344422765483033,0.5172717927721877
2023-04-12,-9.591746986514956e-4,0.008971536250328427,0.007000948163707483,0.14241872277941964,0.11113660669694587,-0.0018667221111838567,-0.2666384706090009
2023-04-13,0.002812392093739291,0.008701399651530299,0.006500581345464766,0.13813043721679957,0.10319352970467256,0.00190484468120693,0.2930268202144528
2023-04-14,0.004347610257524688,0.008464400008225518,0.006073098428437597,0.13436818451482677,0.09640744877557847,0.0034400628449923277,0.5664427944859343
2023-04-17,0.00484376415851051,0.008275349318691828,0.005835712014686174,0.13136709785667822,0.09263905628310798,0.003936216745978148,0.6745049680437024
2023-04-18,0.007145803654015255,0.008110502144687908,0.005696592921177463,0.12875023009620123,0.09043060913883923,0.006238256241482894,1.0950854884314731
2023-04-19,0.002050555851653979,0.008055878656506203,0.005946816020386904,0.12788310910337122,0.09440277769559137,0.001143008439121618,0.1922051119797806
2023-04-20,-9.334042990276625e-4,0.007826598036867373,0.005563816620098009,0.12424339210330441,0.08832285070288359,-0.0018409517115600235,-0.3308792933451488
2023-04-21,-0.0023184201125690156,0.007591612031445036,0.0052730232171782476,0.12051310491173654,0.08370664854074025,-0.0032259675251013766,-0.6117870891582549
2023-04-24,-0.00521905285956851,0.00738221668273995,0.005151964722288836,0.1171890568015327,0.08178490451132524,-0.006126600272100872,-1.1891774502250552
2023-04-25,-0.01898816163915762,0.007270598773617397,0.005513061662218576,0.115417177425137,0.08751714072476836,-0.01989570905168998,-3.608831221322403
2023-04-26,0.003743323416770342,0.008445290230737949,0.009882434181905876,0.13406482620177546,0.15687877915972198,0.002835776004237981,0.2869511652736439
2023-04-27,0.013817707048233818,0.008239192901532676,0.009053512288607032,0.13079313252806488,0.14372005204392863,0.012910159635701458,1.4259835546860242
2023-04-28,0.0038601687580522848,0.008675654636555969,0.009891223492021857,0.13772174777406931,0.15701830513229822,0.0029526213455199233,0.29850921353677556
2023-05-01,-0.0017776509634398105,0.008464338045049119,0.009067865905080423,0.13436720087989562,0.14394790864154658,-0.0026851983759721716,-0.29612241778605747
2023-05-02,-0.019332143615484576,0.00821802409373951,0.00833527101776134,0.13045708812223022,0.1323183253399245,-0.020239691028016937,-2.428198313514807
2023-05-03,3.592824055832129e-4,0.009268639134800178,0.01146212239623731,0.14713508485609286,0.18195555214456602,-5.482650069491481e-4,-0.04783276499726856
2023-05-04,-0.012029662441257544,0.008986709974028211,0.01036988924676471,0.14265959817565424,0.16461688842133398,-0.012937209853789907,-1.2475745445233344
2023-05-05,0.020940649114069638,0.009197720668453483,0.010881271038017807,0.1460092891042001,0.17273482268930865,0.020033101701537274,1.8410626508193857
2023-05-08,-4.626133284229933e-4,0.010287508380765371,0.013000100097229286,0.16330913271598768,0.20637019125729178,-0.0013701607409553542,-0.10539616854545428
2023-05-09,-0.010109342756157139,0.009974753111168052,0.011742823144809516,0.15834429672851086,0.18641153838587637,-0.0110168901686895,-0.9381807111315571
2023-05-10,0.0020444364376459205,0.009982879660134112,0.01159446900398971,0.15847330169399917,0.1840564894104212,0.0011368890251135598,0.0980544279106142
2023-05-11,0.005440451563735774,0.00969170760759169,0.010495321155686894,0.15385108865544228,0.16660805824621522,0.0045329041512034126,0.43189761265640325
2023-05-12,0.002805151723282569,0.009490487625144923,0.009705198107611883,0.15065682046121673,0.15406524370413435,0.0018976043107502081,0.19552453125731648
2023-05-15,0.009293794050131678,0.009226989032869025,0.008854104564507926,0.14647390998535093,0.14055455255909893,0.008386246637599315,0.9471592046942794
2023-05-16,-0.014769342404958955,0.00923101096774887,0.008815994952261487,0.14653775622223913,0.13994958121970785,-0.015676889817491314,-1.7782326217723008
2023-05-17,0.007501724665732048,0.009653335080789078,0.010421737881224281,0.15324194367686106,0.1654399599769239,0.006594177253199687,0.632732978736656
2023-05-18,-0.0010636010368400188,0.009537935723661626,0.009852379222297123,0.15141003567436526,0.15640167146698888,-0.00197114844937238,-0.20006826827284854
2023-05-19,-0.004451909142934862,0.009251041002314962,0.008985951994401432,0.14685572316352258,0.14264756562210637,-0.005359456555467224,-0.5964261281171274
2023-05-23,-0.0036622313551337156,0.00903526556056537,0.008494033804558043,0.14343039421609544,0.13483860644781837,-0.004569778767666077,-0.5379986556227095
2023-05-24,-0.019926056003202408,0.008805826402720747,0.007991855505891444,0.13978816050003362,0.12686677309530633,-0.02083360341573477,-2.6068543657197796
2023-05-25,-0.003477287173397218,0.009834271014535248,0.011457222873764675,0.15611421258042682,0.18187777463653262,-0.004384834585929579,-0.3827135628102508
2023-05-26,0.009665082358370897,0.009572648785433676,0.010527841344082838,0.15196108844653206,0.16712430023272304,0.008757534945838537,0.8318452624441097
2023-05-29,0.0048700850993654106,0.009578219954811774,0.010236999693227548,0.15204952801864965,0.1625073321583476,0.00396253768683305,0.38707998491535855
2023-05-30,-0.00986027846599983,0.009362735892093339,0.009436170570912754,0.14862882456994472,0.14979456395652915,-0.010767825878532191,-1.1411224285966493
2023-05-31,-0.014716473638113384,0.009393331648973696,0.009716221980832773,0.14911451715322002,0.15424024226629743,-0.015624021050645745,-1.6080345921971841
2023-06-01,-0.00347170860802302,0.009794645194188068,0.011029659056782406,0.15548517218361343,0.17509040946046492,-0.004379256020555381,-0.39704364368928247
2023-06-02,0.026034862941115823,0.009534261148655977,0.010155806496632482,0.15135170360453246,0.16121843012030204,0.025127315528583462,2.474182186999655
2023-06-05,-0.01451228867044474,0.01123017599209762,0.014071828275398523,0.1782735171274702,0.22338334865226853,-0.0154198360829771,-1.0957947880827448
2023-06-06,0.01092577515048824,0.011453655878885822,0.014260045780411512,0.18182115034826893,0.22637120891618906,0.010018227737955878,0.7025382591490372
2023-06-07,-0.0028075941109265514,0.011422670999847678,0.013527589881981444,0.18132928064223883,0.21474383199477898,-0.0037151415234589124,-0.2746343994658966
2023-06-08,5.263824122512253e-4,0.011096022849923214,0.012297027047929622,0.176143902016722,0.1952092526055392,-3.811650002811357e-4,-0.030996516377127935
2023-06-09,-6.02909968148657e-4,0.010758765933297956,0.011106978606134618,0.17079011444076073,0.17631781925488216,-0.001510457380681018,-0.13599174305123451
2023-06-12,-0.001558679445768485,0.010432055970364838,0.010073814771466356,0.16560375456415177,0.15991685183417373,-0.002466226858300846,-0.24481558518291666
2023-06-13,0.011106071834003878,0.01012145706702226,0.009201539064565598,0.16067314982974867,0.14606990426331887,0.010198524421471518,1.1083498477711442
2023-06-14,0.0032637904780861518,0.010183219012911566,0.00942181856367964,0.16165359032561186,0.14956673290480862,0.0023562430655537907,0.2500836807277228
2023-06-15,0.006023071261226327,0.009905312321886621,0.008626213222293755,0.15724195837281463,0.13693688965443845,0.005115523848693966,0.5930207979873839
2023-06-16,3.2931636460422254e-4,0.009716220597924917,0.008162461254421154,0.1542402203133158,0.12957505539239214,-5.782310479281385e-4,-0.07084028087912118
2023-06-19,-0.0012115547601269279,0.0094205707417952,0.007468153865130664,0.14954692434648825,0.11855326727940928,-0.002119102172659289,-0.2837518094737611
2023-06-20,-0.010497178349674766,0.009138402257030758,0.00691679295320506,0.14506763851544846,0.10980068414582765,-0.011404725762207127,-1.6488459086985503
2023-06-21,-0.005786979938720293,0.009225574088419614,0.007999905939371152,0.14645144843855826,0.12699456976490778,-0.006694527351252654,-0.8368257579512104
2023-06-22,-0.01020673629529963,0.009056152186990527,0.007851238933242206,0.14376195913158388,0.12463455420664155,-0.011114283707831992,-1.4156088997335223
2023-06-23,-0.010246596496261176,0.00912927745421315,0.008594125390162322,0.1449227867613411,0.1364275111108527,-0.011154143908793537,-1.2978800520599412
2023-06-26,0.015072906100340362,0.009200143956008284,0.009153403714263653,0.14604775760155134,0.1453057792662993,0.014165358687808001,1.5475509580916083
2023-06-27,0.009570860222054592,0.009653788882152948,0.01026541161395989,0.1532491475501816,0.16295835741751233,0.008663312809522232,0.8439323365992484
2023-06-28,2.1631714404755445e-4,0.009648833261991603,0.010006984683440403,0.1531704795189475,0.15885595707609435,-6.912302684848065e-4,-0.06907478030106881
2023-06-29,0.008375693458980333,0.00935504098895676,0.009087982894798625,0.148506671769572,0.14426725595307624,0.007468146046447972,0.8217605746949915
2023-06-30,0.008033317540137327,0.009299189149914405,0.008858258596419843,0.14762005131134193,0.14062049577136188,0.007125770127604966,0.8044211003825199
2023-07-04,0.004500864759630297,0.009228134977186523,0.008618454889644219,0.1464921012874335,0.13681372994176336,0.0035933173470979363,0.4169328949456592
2023-07-05,-0.0020498737880763618,0.009014678788665286,0.008008988439439983,0.14310358934362402,0.1271387499836969,-0.0029574212006087232,-0.3692627630781693
2023-07-06,-0.015154366830546032,0.008754466665415185,0.007436142249915346,0.13897284994616088,0.11804509864185793,-0.01606191424307839,-2.159979422564333
2023-07-07,0.004093974385109611,0.009263991334311522,0.009637114421552082,0.1470613033106743,0.15298444869420538,0.0031864269725772497,0.330641189177047
2023-07-10,-0.0020863777063394413,0.009037581584230542,0.008860939505088287,0.14346715995198694,0.14066305387710817,-0.002993925118871802,-0.33787897063878797
2023-07-11,0.003649897318117601,0.008777151380381694,0.008174653965804477,0.1393329586323435,0.1297686086851593,0.0027423499055852394,0.33546984582549993
2023-07-12,0.006659635145342698,0.00855659910238035,0.007564387376726906,0.13583179976026147,0.12008092691625391,0.005752087732810336,0.7604168647559734
2023-07-13,0.011187343887149146,0.008454792092243892,0.007356729045943359,0.13421566357699688,0.11678445311070958,0.010279796474616784,1.3973324843716055
2023-07-14,0.001983396229262839,0.008643141706500343,0.008040425389210064,0.13720562101014194,0.1276377960901173,0.0010758488167304779,0.1338049623809985
2023-07-17,0.005479175149548765,0.008393908284063042,0.007371568371796466,0.13324916308509435,0.11702002010569662,0.004571627737016404,0.6201702957144639
2023-07-18,0.007063949347473508,0.008248121975550096,0.007045273628955968,0.13093487718379399,0.11184025164371424,0.006156401934941147,0.8738343262692351
2023-07-19,0.006834164706181775,0.008181906133607227,0.006994355624150287,0.12988373327999242,0.11103195337588569,0.005926617293649413,0.8473428593172815
2023-07-20,8.095675144202952e-4,0.008107362156354138,0.006917521820718253,0.12870038432669645,0.1098122545588994,-9.797989811206581e-5,-0.014164017208968118
2023-07-21,0.0021021308974301656,0.007862880250890924,0.006380181902538183,0.12481935439523123,0.10128224780082583,0.0011945834848978046,0.18723345245416467
2023-07-24,0.002658351713520782,0.007640715277253518,0.005937031529849121,0.12129259477358846,0.09424745372358075,0.0017508043009884214,0.2948955706544673
2023-07-25,-0.009571084557499462,0.007436511828884476,0.005583743807988431,0.11805096552611063,0.08863918500380509,-0.010478631970031823,-1.8766319391374078
2023-07-26,0.00410944515918025,0.007581552958772937,0.006859016867367509,0.12035342208347476,0.10888351721671038,0.0032018977466478893,0.46681584381010244
2023-07-27,-5.676963731012785e-4,0.007419191392709623,0.0064728140429472815,0.11777601212580367,0.10275273744243038,-0.0014752437856336395,-0.2279138216925993
2023-07-28,0.003097131605410289,0.007194516913363891,0.006027801958762483,0.11420941533605333,0.09568838961140128,0.0021895841928779285,0.363247533322653
2023-07-31,0.005400689483021822,0.007016476512506276,0.005688248584912399,0.11138311159210432,0.09029814690715969,0.004493142070489461,0.7898990354266764
2023-08-01,-0.008538669871870167,0.0069301611023871905,0.0056509868913563275,0.11001289693517843,0.08970663585968891,-0.009446217284402529,-1.6716048835383661
2023-08-02,-0.010047011237462858,0.00703704752872858,0.006630597805323634,0.11170966635094487,0.10525747701946202,-0.010954558649995219,-1.6521223231485889
2023-08-03,-0.0062606948292567854,0.0072529567580837135,0.007687372459404997,0.11513711911076861,0.12203325457867559,-0.007168242241789147,-0.9324697456306116
2023-08-04,0.005357280556959535,0.0071972798205474295,0.007674563935823879,0.1142532751278725,0.12182992557033032,0.004449733144427173,0.5798027329808786
2023-08-08,-0.007256863329567523,0.007100338999252239,0.00728583933447266,0.11271438729764793,0.11565911382832203,-0.008164410742099885,-1.120586162732178
2023-08-09,-8.823603061017815e-4,0.007109827634555247,0.007538488923804215,0.11286501471340682,0.11966980172160538,-0.0017899077186341425,-0.23743587564109403
2023-08-10,0.00342474325672724,0.006896621175335599,0.006960983737165676,0.10948046709935988,0.11050219109343229,0.0025171958441948783,0.36161495835067303
2023-08-11,0.002859546691109475,0.006738940020536765,0.006505563172327578,0.10697735636712472,0.10327261375439525,0.0019519992785771137,0.30005077606197805
2023-08-14,-0.005077720051652597,0.006571083189329339,0.006080041550261119,0.10431271177969555,0.09651766741758326,-0.005985267464184958,-0.9844122634207835
2023-08-15,-0.020572830850598613,0.006491177141289454,0.006198441429878718,0.10304424259151444,0.09839720723795217,-0.021480378263130973,-3.465448291499186
2023-08-16,-0.0013397214615025375,0.008062365657253667,0.010762241020082983,0.12798608704776612,0.17084527973326602,-0.0022472688740348985,-0.20881049493700807
2023-08-17,-0.00612857218493612,0.007823638974764376,0.009795441206382057,0.12419641844867327,0.15549780848544867,-0.007036119597468481,-0.7183055310346015
2023-08-18,-0.004331351293982377,0.007732420773636378,0.009382220643227161,0.12274837439730915,0.14893813540509318,-0.005238898706514739,-0.5583857922054515
2023-08-21,-0.004713094811662544,0.007571561754436304,0.008816950622672005,0.12019481663163818,0.1399647520171573,-0.005620642224194905,-0.6374814224026528
2023-08-22,-0.010116199698866105,0.007431125777390074,0.008381950557844768,0.117965464609294,0.13305934006617823,-0.011023747111398466,-1.315176823738385
2023-08-23,0.010643489000950319,0.007618962021238069,0.008965891622660484,0.12094727253985167,0.14232911709310203,0.009735941588417958,1.0858866020431521
2023-08-24,-0.002714834349413053,0.00783343467650079,0.00914856150902709,0.12435192039294475,0.14522891164118085,-0.0036223817619454135,-0.39595096544643965
2023-08-25,-0.0060394777496464895,0.007623854434197305,0.008468230309215449,0.12102493718785869,0.13442898865802205,-0.00694702516217885,-0.8203632764473628
2023-08-28,0.013345558963033504,0.007538188412152392,0.008271919471857368,0.11966503124702459,0.13131265072612408,0.012438011550501142,1.5036427267960726
2023-08-29,0.012218751163463456,0.008006314015015295,0.009212310318019922,0.12709629481212914,0.1462408926110104,0.011311203750931096,1.2278357285474406
2023-08-30,-0.0036197136787589437,0.00831942744786484,0.009654889140909846,0.13206681646497084,0.15326661361647304,-0.004527261091291305,-0.468908656041251
2023-08-31,-0.01310334370274533,0.008114569631449431,0.008980160710865884,0.12881479944679347,0.14255563184606485,-0.014010891115277693,-1.560204941357529
2023-09-01,0.01100562144668978,0.008496900779517166,0.010103836357802789,0.1348841182643597,0.16039342974263285,0.01009807403415742,0.9994296895316482
2023-09-05,-0.007002496185293619,0.00866792395508937,0.010115879274013922,0.13759902701031523,0.16058460511076073,-0.007910043597825982,-0.7819432580760053
2023-09-06,-0.009531152063511997,0.008577122391527504,0.009770710464270358,0.13615759687527212,0.1551052201252549,-0.010438699476044358,-1.0683664728595437
2023-09-07,-0.008216500701010487,0.008637336301635783,0.009914199464618299,0.13711346306495192,0.15738303739001835,-0.009124048113542848,-0.9203010435794302
2023-09-08,-8.592854661149119e-4,0.008612666062868358,0.009795000098467668,0.1367218351655728,0.15549080611439176,-0.0017668328786472729,-0.18038109861006296
2023-09-11,0.009888574617782142,0.008352941876883369,0.008928004454063929,0.13259884153206297,0.14172767693718086,0.008981027205249782,1.0059389252613686
2023-09-12,0.00539271180764637,0.00845295062075741,0.008979023888009396,0.13418643112339898,0.14253758534268682,0.004485164395114008,0.49951581052184363
2023-09-13,0.006876390682698961,0.008301211488907206,0.008396854028048953,0.1317776470812041,0.13329592532117104,0.0059688432701666,0.7108428049634069
2023-09-14,0.008843119052446538,0.008222687540081871,0.008074585255180677,0.1305311180378765,0.12818006715118255,0.007935571639914178,0.9827838073568783
2023-09-15,0.006214575367218847,0.008261227525825273,0.00811507050770731,0.1311429213447306,0.12882275061088927,0.005307027954686486,0.6539718847354588
2023-09-18,-0.00305448482837417,0.008152929794812204,0.007755152573971394,0.1294237481618517,0.12310923054054451,-0.003962032240906532,-0.5108903020430949
2023-09-19,-0.007924311737354342,0.007939889233408388,0.007303600461904533,0.12604183409398723,0.11594106298545521,-0.008831859149886705,-1.209247301512938
2023-09-20,0.0011833430257554196,0.007938955445593148,0.00768558807575563,0.12602701067196867,0.12200492836639706,2.7579561322305866e-4,0.035884776871279694
2023-09-21,-0.015484299801730012,0.007702558717470613,0.007048778146577675,0.12227432895179921,0.11189588413626791,-0.016391847214262373,-2.3254877474361924
2023-09-22,-0.004358834714757731,0.00837588553941068,0.009502979449987214,0.13296306088333654,0.1508551220329412,-0.0052663821272900925,-0.554182207275759
2023-09-25,-0.0011583867681815479,0.008190610322765027,0.008922640253367434,0.13002190799924845,0.14164252289102747,-0.002065934180713909,-0.23153843728421283
2023-09-26,-0.01100693923745614,0.00794615902220084,0.008176855443781024,0.12614136390549358,0.1298035560646157,-0.0119144866499885,-1.4570988483170708
2023-09-27,-0.010083146377938002,0.008162237395246519,0.0090184581571764455,0.12957150173816345,0.1431635849587844,-0.010990693790470362,-1.2186887823751236
2023-09-28,0.013151391477896863,0.008290053232115853,0.009439864820711909,0.1316005152459946,0.14985320835402624,0.012243844065364502,1.2970359531526776
2023-09-29,-0.0028296591056685694,0.00865904322105679,0.010027244850522078,0.13745804972805573,0.1591775772578067,-0.003737206518200931,-0.3727052220138366
2023-10-02,-0.02051623613951814,0.008423817778960995,0.009237556668819688,0.13372396159713157,0.14664166600537887,-0.0214237835520505,-2.3192045602668965
2023-10-03,-0.01812051081227733,0.009589474455604916,0.012365030885579218,0.15222818768002264,0.19628878006125225,-0.019028058224809692,-1.5388605496328573
2023-10-04,0.006448188690760341,0.01030251007475794,0.013767489305845353,0.16354727722528184,0.21855211728604845,0.00554064127822798,0.40244384107678616
2023-10-05,0.007933041681054206,0.01011276219702404,0.01262848571406436,0.1605351230475647,0.2004709958084774,0.007025494268521845,0.5563211953985538
2023-10-06,2.6167813635530346e-4,0.009995392474392668,0.011780752018141055,0.15867193646237726,0.18701364058394113,-6.458692761770575e-4,-0.05482411268673598
2023-10-10,0.006496293402583489,0.009691104529461007,0.010652512933215473,0.1538415150869127,0.16910340035512408,0.005588745990051128,0.524641089392619
2023-10-11,0.008189953031908687,0.009529667688814246,0.009937955822642685,0.15127878469014094,0.1577601578823532,0.007282405619376327,0.7327870790876388
2023-10-12,-0.008291809168197346,0.009454639714106965,0.009534468490636416,0.15008775251545112,0.15135499505643196,-0.009199356580729708,-0.9648525861472179
2023-10-13,-0.008990598680728915,0.009388932066697608,0.009501850438732381,0.14904467594976945,0.15083719953489513,-0.009898146093261277,-1.0417072081995182
2023-10-16,0.01361291409158475,0.009365509837171404,0.009601017617882287,0.14867285958290738,0.15241142970039775,0.01270536667905239,1.3233354197151066
2023-10-17,3.2846448193927613e-4,0.009673091224806944,0.010249953756866279,0.15355556274048215,0.1627129715434823,-5.790829305930849e-4,-0.056496150551427274
2023-10-18,-0.019683064543652967,0.009378755010542956,0.009300570050948708,0.14888312019178576,0.14764197243567367,-0.020590611956185327,-2.2139085930636018
2023-10-19,-0.003313345313588659,0.010292170062950478,0.012147291726575417,0.16338313462650575,0.1928322780688258,-0.0042208927261210205,-0.3474760317879499
2023-10-20,-0.02523731281853081,0.010011580003098272,0.011117759016990456,0.15892890551415176,0.17648895297181605,-0.02614486023106317,-2.351630413207185
2023-10-23,2.3724123385230667e-5,0.011507960184452925,0.01495736451498445,0.1826832044741726,0.23744080065354656,-8.838232891471303e-4,-0.05908950659467493
2023-10-24,-0.010208593527639104,0.01115738287057401,0.013470077881949457,0.17711796214722478,0.21383085729785953,-0.011116140940171467,-0.8252469686955279
2023-10-25,-2.425163648249926e-4,0.011102742178313292,0.013024598031050756,0.17625056804810713,0.20675908390045095,-0.0011500637773573536,-0.088299368212024
2023-10-26,0.007415442125380662,0.010764671834136126,0.011760280886305388,0.17088386771007438,0.18668867144058196,0.006507894712848301,0.5533791901540902
2023-10-27,-0.011640316032254553,0.010593620581733952,0.010981962379557427,0.16816851325826063,0.17433324818265644,-0.012547863444786913,-1.1425884565170576
2023-10-30,0.015178705737532251,0.01065932111570895,0.011272632584933003,0.1692114769016726,0.1789474946444155,0.01427115832499989,1.266000485465544
2023-10-31,2.3272158631687523e-4,0.010983052650375781,0.011854255853762007,0.17435055569533892,0.18818047780071556,-6.748258262154858e-4,-0.05692688217129433
2023-11-01,0.0035002117494297895,0.010648617203650207,0.010717822602834621,0.16904155756549494,0.1701401592192444,0.002592664336897429,0.24190215055544284
2023-11-02,0.03325525420789688,0.010359756482964907,0.009771765274045713,0.16445603578268578,0.1551219647113313,0.032347706795364514,3.3103237632284936
2023-11-03,0.009382476514619728,0.012932122682261566,0.016316978798192206,0.20529108324865,0.25902400828758093,0.008474929102087365,0.51939327781846
2023-11-06,-6.574669606819552e-4,0.012747049116472552,0.015105078103259964,0.20235313147267192,0.23978568117259855,-0.0015650143732143162,-0.10360849262186578
2023-11-07,-0.00583028568547663,0.012359771894147607,0.0136121952979056,0.19620529616040186,0.21608690133540598,-0.006737833098008991,-0.49498504470073884
2023-11-08,-4.294293549009973e-4,0.012068042818506068,0.012598132823669941,0.19157424065427628,0.1999891586111436,-0.0013369767674333583,-0.10612499377061543
2023-11-09,0.004445009436119399,0.011700874437211484,0.01138647622808955,0.18574562329712663,0.18075470645324235,0.003537462023587038,0.31067223544193545
2023-11-10,0.0021365935089482737,0.011396548660576905,0.010408688777364722,0.18091460136199652,0.16523281187505603,0.0012290460964159127,0.1180788591824035
2023-11-13,2.912113914497749e-4,0.011061751398394026,0.009451598109755729,0.17559985958982938,0.15003946854325095,-6.163360210825861e-4,-0.06520971521698725
2023-11-14,0.021231188099880595,0.010725003105097474,0.008598506319438185,0.1702541461589007,0.13649705620710448,0.020323640687348234,2.36362455667488
2023-11-15,0.005723881951414081,0.011626261264741995,0.011642760065339448,0.1845611759038236,0.1848230862436938,0.00481633453888172,0.41367635439125566
2023-11-16,-2.7751864067807974e-4,0.01135894024158509,0.010722548485600072,0.18031758621886854,0.1702151802823802,-0.0011850660532104406,-0.11052093210881109
2023-11-17,0.009335772612693768,0.01101311095934943,0.009727063697782364,0.17482771655759138,0.15441234918729885,0.008428225200161406,0.8664716775816863
2023-11-20,-5.201102642717152e-4,0.010919738789885102,0.009529722895914639,0.17334547931892824,0.1512796610756904,-0.001427657676804076,-0.14981103778118338
2023-11-21,-0.00989497196043665,0.010587846070196813,0.00868429040841769,0.16807684572943976,0.1378588364024205,-0.01080251937296901,-1.2439150310425042
2023-11-22,-0.003731905597712674,0.010547557231306253,0.009145880579182655,0.16743728023954393,0.14518635319927614,-0.004639453010245035,-0.5072724239156479
2023-11-23,-0.0017674128023183835,0.01026701187776825,0.008554360558106962,0.16298376081792643,0.1357962639715843,-0.0026749602148507445,-0.31270136402138043
2023-11-24,0.002114579465153865,0.009963647214005934,0.007888769970741446,0.15816799607664753,0.12523034095665692,0.0012070320526215042,0.15300636944647256
2023-11-27,-0.0047991797973255075,0.009673990729565804,0.007243094956660519,0.15356984193585255,0.11498056786649936,-0.005706727209857868,-0.7878851849940395
2023-11-28,-0.016959082368901403,0.009452664092265474,0.007086958615646639,0.15005639049098735,0.11250198029284554,-0.017866629781433763,-2.5210574451482883
2023-11-29,0.018115517735340998,0.010062222191069115,0.009989463933351136,0.15973282532546598,0.15857782379097726,0.017207970322808637,1.7226119877521726
2023-11-30,0.01822810492433243,0.010717450044962391,0.01163075320525455,0.17013424504637104,0.1846324832488255,0.017320557511800068,1.4892034252755852
2023-12-01,0.01241670206746583,0.011309630404493192,0.012819477991214336,0.1795348168220629,0.20350290421451397,0.01150915465493347,0.8977865294375574
2023-12-04,9.82321600927945e-4,0.011379092446544023,0.012552272657373463,0.18063749255501418,0.1992611510405163,7.477418839558395e-5,0.005957023914044765
2023-12-05,0.004258582841947004,0.011035063097066299,0.011331837281791235,0.17517619594046185,0.17988734007041862,0.0033510354294146428,0.2957186329174805
2023-12-06,3.074269622769983e-4,0.010749622885113873,0.010349801438315922,0.17064497305043974,0.16429800434809522,-6.001204502553627e-4,-0.057983764599933416
2023-12-07,2.6881716758187066e-5,0.010422418112993844,0.009388789391864634,0.1654507583215008,0.14904241105701108,-8.806656957741739e-4,-0.0937997071845353
2023-12-08,0.008480759482639894,0.01010491141575918,0.008547466916857488,0.1604104957586184,0.13568683080934146,0.007573212070107534,0.8860182956861161
2023-12-11,0.0033443897108432763,0.010014892786308946,0.008433943568944084,0.15898149431728922,0.1338847035298715,0.0024368422983109153,0.2889327250521317
2023-12-12,-7.4326550190749e-4,0.009744295224502738,0.007770407318106643,0.1546858911937713,0.12335139209631923,-0.0016508129144398509,-0.21244869758540436
2023-12-13,0.02176370134362082,0.009449198837642819,0.007155969548567247,0.15000138127922097,0.11359749489036049,0.02085615393108846,2.914511274753011
2023-12-14,0.018453294798782882,0.010599511258702976,0.011014262759658172,0.16826202485614375,0.17484600082065302,0.01754574738625052,1.5930024341270623
2023-12-15,-0.0052956145024264005,0.011226758478020987,0.012433224877862194,0.1782192657733772,0.19737132612818872,-0.006203161914958761,-0.49891817898377394
2023-12-18,0.005476299291441222,0.010961765895415103,0.011529317054935463,0.17401263893626576,0.18302223428264908,0.004568751878908861,0.3962725508492346
2023-12-19,0.01519850169175433,0.010712146567747237,0.010604493429578268,0.17005005495559986,0.16834111436689525,0.01429095427922197,1.3476319613119239
2023-12-20,-0.006530860277901303,0.01103289382999857,0.01135514364053692,0.1751417598933309,0.18025731704566383,-0.0074384076904336635,-0.6550694492211587
2023-12-21,0.009389835885014387,0.010815747299486403,0.010744378280010045,0.17169466558655674,0.17056171752546292,0.008482288472482025,0.7894629406583119
2023-12-22,0.007716577022341223,0.010735534795454617,0.010374413786006407,0.17042133156032152,0.16468871325511808,0.006809029609808862,0.6563290948538475
2023-12-27,0.00670353518392123,0.010578721026676868,0.009838622785361085,0.16793199015430127,0.15618329480063428,0.005795987771388868,0.5891055992117855
2023-12-28,-0.0010941217320502015,0.010387060281155788,0.009265687217471084,0.16488947014184918,0.14708822462123125,-0.0020016691445825623,-0.21603029517425099
2023-12-29,0.003073788898301177,0.010074194069461586,0.008473617985059445,0.1599228730031827,0.13451451536058912,0.002166241485768816,0.25564540313102385
2024-01-02,-0.0018899189562819514,0.009796270396008047,0.0077905291448403255,0.15551097146268916,0.12367081619308917,-0.002797466368814312,-0.35908554050748615
2024-01-03,-0.007105009912499532,0.009509111760363334,0.0072368495774473626,0.15095246944224605,0.11488142554505153,-0.008012557325031894,-1.107188596264584
2024-01-04,0.0036480921720326576,0.009382253675648428,0.007471275514946671,0.1489386597785244,0.11860282193396958,0.002740544759500296,0.3668108282203883
2024-01-05,0.005366224550220289,0.009140218683483676,0.006958472294335569,0.14509647339146403,0.11046232317446977,0.004458677137687927,0.6407551757183025
2024-01-08,0.008496034249390938,0.008958725561283427,0.006687355180015264,0.14221535939540092,0.10615847241047979,0.0075884868368585765,1.1347515770563954
2024-01-09,-0.011396589552160014,0.008931640036379595,0.006965485026335979,0.14178539001724982,0.11057364684377514,-0.012304136964692377,-1.7664436745138856
2024-01-10,-0.007167680709604884,0.009098388721104167,0.008267954136499412,0.1444324433246198,0.13124970297879135,-0.008075228122137245,-0.9766899995838915
2024-01-11,-0.010453932306925687,0.008994241240170685,0.008293448683469195,0.14277915331927682,0.13165441636521316,-0.011361479719458048,-1.3699342882658894
2024-01-12,-0.004868705395871493,0.009088436334038488,0.008975622771487078,0.14427445407785636,0.1424835942916988,-0.005776252808403853,-0.6435489720839556
2024-01-15,0.004187635763773567,0.008891903734966207,0.008534153772068669,0.14115459578788184,0.13547549118766503,0.003280088351241206,0.38434840042097307
2024-01-16,-0.002192063358656071,0.008681830020646208,0.007912156376588948,0.13781977895738778,0.12560158864024962,-0.0030996107711884326,-0.3917529714604456
2024-01-17,-0.009105955007310963,0.008434454971309756,0.007363288980931662,0.13389282179074824,0.1168885888502844,-0.010013502419843324,-1.3599225082398347
2024-01-18,0.0013964487509589931,0.008476245266565794,0.007984830365173518,0.13455622216152888,0.12675525244371713,4.889013384266322e-4,0.061228769562721684
2024-01-19,0.010725183626500176,0.008225140359695,0.007311856400378022,0.13057005534211996,0.11607212194569702,0.009817636213967815,1.342700906087303
2024-01-22,-1.3227903116580525e-4,0.008396161726039549,0.007903053413037564,0.13328493536747685,0.12545708357374574,-0.0010398264436981663,-0.13157274655170342
2024-01-23,-0.002016212665849152,0.008140445300507086,0.007250892594087773,0.12922556295879725,0.11510435152317754,-0.002923760078381513,-0.4032276082486019
2024-01-24,0.007939307240095042,0.007907891344723373,0.006783248521335878,0.12553388335834917,0.10768073201160806,0.007031759827562681,1.0366360314597265
2024-01-25,0.0024331841866765953,0.00790977981715745,0.006934873313188743,0.12556386192885938,0.11008770096261576,0.0015256367741442343,0.2199949018885144
2024-01-26,5.122786452620987e-4,0.007691941423836653,0.0064276073832331216,0.12210578464048716,0.10203510396718485,-3.9526876727026235e-4,-0.06149547470826384
2024-01-29,0.0052935166789844406,0.007458669510059665,0.005958714137952731,0.11840270781022708,0.0945916544564853,0.004385969266452079,0.7360596875283215
2024-01-30,-9.156053673438265e-4,0.00734677649983428,0.005855039937243507,0.11662646133921042,0.09294587754178528,-0.0018231527798761877,-0.3113817837994986
2024-01-31,-0.010169903517846468,0.007126494049217239,0.005518294875588299,0.11312958584406309,0.08760021541157252,-0.011077450930378829,-2.0074046748358794
2024-02-01,0.0013203991241778805,0.007344747690782534,0.006984104797056044,0.11659425499395909,0.11086922654054115,4.1285171164551963e-4,0.05911304650232995
2024-02-02,-0.0021253609187417513,0.00712833828838165,0.006440148118604982,0.11315886223318602,0.10223418196949574,-0.0030329083312741123,-0.4709376671807167
2024-02-05,-0.007673605871224804,0.006930760700708563,0.0061037039565419995,0.11002241526344772,0.09689329647222675,-0.008581153283757166,-1.4058927734461657
2024-02-06,6.48336628182496e-4,0.0069775619582394845,0.0067398281858075506,0.11076536219427917,0.10699145555370246,-2.592107843498649e-4,-0.0384595537458507
2024-02-07,-0.004502018294511245,0.0067668610929450266,0.006227113108535767,0.10742058965070764,0.09885235602633602,-0.005409565707043607,-0.8687116506087686
2024-02-08,-0.004020012633513425,0.006652749403937232,0.006220326722021563,0.10560912274590664,0.09874462548023195,-0.004927560046045786,-0.792170615186651
2024-02-09,0.010104549808716851,0.006524811127389698,0.006142663283588981,0.10357816556844074,0.09751175661590322,0.00919700239618449,1.4972336870157967
2024-02-12,0.005968733614334957,0.006793002741309053,0.006911450678956291,0.1078355754533027,0.10971587817124118,0.005061186201802597,0.7322899977008726
2024-02-13,-0.018585409359217948,0.006746387175841592,0.006725094866367623,0.10709557629259339,0.10675757135835531,-0.01949295677175031,-2.8985400442802827
2024-02-14,0.013598209549139631,0.007969188289516108,0.010328535234342733,0.12650694219064695,0.16396041382583462,0.012690662136607269,1.2286991183813154
2024-02-15,0.009862382614289103,0.00841380784488651,0.010797491115536809,0.13356505881992414,0.17140485765083868,0.008954835201756743,0.829344067611353
2024-02-16,0.0029566644486657134,0.008507680538987771,0.010489008788842642,0.1350552416408736,0.1665078525290906,0.0020491170361333524,0.19535850120680967
2024-02-20,0.005842779467476429,0.00828023564543807,0.009547574647601842,0.13144466588904918,0.15156304884827773,0.004935232054944068,0.5169095018475397
2024-02-21,-0.004505231838845602,0.00815455998308174,0.008926783858612319,0.12944962659836015,0.1417083005850826,-0.005412779251377963,-0.6063526727104365
2024-02-22,0.005418062518834402,0.007982785506445872,0.00845010161461319,0.1267227913177595,0.13414120455295117,0.004510515106302041,0.5337823510313506
2024-02-23,0.004352363411295172,0.0078525598796116685,0.007948474752884063,0.12465552358017466,0.12617812499044084,0.003444815998762811,0.4333933371950232
2024-02-26,-0.007364517358348125,0.007687621146944774,0.007421809542973145,0.12203720237098205,0.11781757397275734,-0.008272064770880487,-1.1145617147656866
2024-02-27,-0.003285358295183412,0.007668618827422574,0.007664498264001585,0.12173554990024728,0.12167013798380684,-0.0041929057077157725,-0.5470554709900455
2024-02-28,8.352047579888566e-5,0.007478426745295149,0.007249991106154343,0.11871634419639085,0.11509004084588685,-8.240269367334753e-4,-0.11365902725507879
2024-02-29,0.01000479501840079,0.007250632602046094,0.006677740681864886,0.11510022427746672,0.10600584698396026,0.009097247605868428,1.3623241810773412
2024-03-01,0.005801243085928572,0.0074446711239433225,0.007274977669007091,0.11818049031970647,0.11548669023444678,0.00489369567339621,0.672675009607846
2024-03-04,0.0024079055287115625,0.007356426152390646,0.007003643984437103,0.11677964482462437,0.1111794015243246,0.0015003581161792015,0.2142253546172776
2024-03-05,0.005128888145389106,0.007156665839170808,0.006485888165250165,0.113608548161024,0.10296028269977361,0.0042213407328567445,0.6508500648336302
2024-03-06,0.003282275324530959,0.0070514625145437675,0.006266764756168547,0.11193849715666193,0.09948180641859783,0.002374727911998598,0.3789400120151452
2024-03-07,0.0045637768497006435,0.006883758861024727,0.005903920157361738,0.10927628418965199,0.0937218269805629,0.0036562294371682825,0.6192884286568888
2024-03-08,0.0028367203988631977,0.006767026780009376,0.005719307633640401,0.10742321985131402,0.09079119402051489,0.001929172986330837,0.33730883349999086
2024-03-11,0.0026360451712907906,0.006597568590940288,0.005409890681350576,0.10473315449591299,0.0858793521773964,0.0017284977587584296,0.31950696614204244
2024-03-12,0.002141965061199624,0.006429087079993336,0.005136389650017048,0.10205859342504474,0.08153765790402719,0.001234417648667263,0.24032788257471194
2024-03-13,0.0056411704387103745,0.00625527392690464,0.004879991676912592,0.09929939515905661,0.07746746626305469,0.004733623026178013,0.9700063728741477
2024-03-14,-0.008506899948195219,0.006220137701184034,0.00504999603421732,0.09874162486745969,0.08016620177040876,-0.009414447360727581,-1.8642484661251204
2024-03-15,2.899822148913489e-4,0.006380497397860591,0.00622222844296426,0.10128725613380321,0.09877481436429646,-6.175651976410121e-4,-0.09925145039303716
2024-03-18,-4.202867294507873e-5,0.006186529528140686,0.005785296545954717,0.09820811166010815,0.09183873552814284,-9.495760854774397e-4,-0.1641361126321894
2024-03-19,0.0021059855734933777,0.005998071751068355,0.00541928312909237,0.09521643719549151,0.08602845266295814,0.0011984381609610167,0.22114330113653483
2024-03-20,0.009297346681113297,0.005838181511502711,0.005117213140665186,0.09267825832974812,0.0812332402554712,0.008389799268580937,1.6395250770207996
2024-03-21,0.008754654688235292,0.0061012900994876045,0.005999519603857686,0.09685497767942843,0.09523942114598512,0.007847107275702932,1.3079559354481063
2024-03-22,-0.002924243827125009,0.006292124851592946,0.006500525909108473,0.09988438545290478,0.10319264967979849,-0.0038317912396573705,-0.5894586519974181
2024-03-25,-8.721633306157198e-4,0.006142349481817219,0.006233963370873809,0.0975067751672089,0.09896110056970808,-0.0017797107431480807,-0.28548623680774377
2024-03-26,-7.152769708848594e-4,0.005959059477794267,0.00583828908246938,0.09459713655651635,0.09267996596590469,-0.0016228243834172204,-0.2779623208946731
2024-03-27,0.009614658141421447,0.005780178521205119,0.005492842410687996,0.09175748940399499,0.08719617005729371,0.008707110728889085,1.5851739550995954
2024-03-28,0.00401867900659932,0.006078843227404786,0.0063365807405643005,0.09649864463197393,0.1005901008120878,0.0031111315940669593,0.4909795552908712
2024-04-01,-0.00338051205582703,0.005975297627888343,0.006023573802971036,0.09485490919792033,0.09562126971902965,-0.004288059468359391,-0.7118796263846507
2024-04-02,-0.01049284446207882,0.005852145123193092,0.005894967746260515,0.09289992379337024,0.09357971186011341,-0.011400391874611181,-1.9339192961391594
2024-04-03,0.0021818408372615283,0.00622886293673738,0.007315395682182619,0.09888013368788737,0.11612830630254546,0.0012742934247291673,0.17419336972200108
2024-04-04,-8.143880005911374e-4,0.006062708573066127,0.006747078073609196,0.09624251493475343,0.1071065439546401,-0.0017219354131234983,-0.25521201834891294
2024-04-05,0.007518328470268435,0.005881398030769908,0.0062748910351227045,0.09336429930481312,0.09961080709778006,0.006610781057736073,1.053529219986973
2024-04-08,0.006578018708358538,0.005992237312371267,0.006461944581135066,0.09512381835249864,0.10258019008538898,0.005670471295826177,0.8775177850302975
2024-04-09,0.0011346549171008709,0.006028989412410579,0.006449226395429865,0.09570723985367896,0.10237829514636558,2.271075045685099e-4,0.035214689428401176
2024-04-10,-0.015088149247849104,0.0058519259258568365,0.005975790840725362,0.09289644414353157,0.09486273870898139,-0.015995696660381465,-2.6767497535840556
2024-04-11,-0.004757741921130432,0.00677122364737236,0.008765599643331045,0.10748984305528189,0.13914958049166254,-0.005665289333662793,-0.646309387170449
2024-04-12,-0.0096631476099834,0.006667583369786649,0.008344193562790855,0.10584460465347292,0.13245996635118373,-0.01057069502251576,-1.2668324317946686
2024-04-15,-0.005769068806146692,0.006884174112950066,0.008839097922738993,0.10928287610960731,0.14031632950628994,-0.006676616218679054,-0.7553504075911577
2024-04-16,-0.010988465610583474,0.006822409495022298,0.008537919082340539,0.10830239319644855,0.1355352636351952,-0.011896013023115834,-1.3933152690239279
2024-04-17,3.2324782086064674e-4,0.00714124202272985,0.009277849152548623,0.1133637026656023,0.1472812893552901,-5.842995916717143e-4,-0.06297791460763374
2024-04-18,0.0014986618897268782,0.006924143753475372,0.00844546413355394,0.10991737448254298,0.1340675868233959,5.911144771945173e-4,0.06999194690153401
2024-04-19,0.00675059894659032,0.006723235825348362,0.007715793044288304,0.10672805999707112,0.12248441737697298,0.0058430515340579595,0.757284636915364
2024-04-22,0.005432512617878785,0.006724880752378825,0.007493992753226059,0.10675417240415584,0.11896344691173832,0.004524965205346424,0.6038123273335819
2024-04-23,0.003430069766432601,0.006654420445560756,0.007142460627055655,0.10563564970930434,0.1133830474095583,0.0025225223539002395,0.35317273494584206
2024-04-24,-0.005597458402594271,0.006506178255663988,0.006661327778358844,0.10328237789965757,0.10574530021814334,-0.006505005815126632,-0.97653291229114
2024-04-25,-0.002868515821568903,0.00645526348020999,0.006745710847869025,0.10247413089619772,0.10708483991887263,-0.0037760632341012645,-0.5597724716134439
2024-04-26,0.0030968267741849536,0.006297928547078975,0.0064329424998634446,0.09997651626255187,0.102119796318101,0.0021892793616525926,0.34032316652901307
2024-04-29,-0.004053906054928132,0.006153006574774976,0.0060325607110357175,0.09767595127319963,0.09576393246179693,-0.004961453467460492,-0.8224456752476962
2024-04-30,-0.003978914537291267,0.006047641670337423,0.005996090854508545,0.09600333526886452,0.0951849914374703,-0.0048864619498236285,-0.8149412789750224
2024-05-01,0.0032995326914290004,0.00594385710125484,0.00595567804483531,0.09435580631055342,0.09454345797240972,0.0023919852788966394,0.4016310587794347
2024-05-02,-1.1541581509590592e-4,0.005819182585607523,0.00564192761877586,0.09237665973117204,0.08956282436584653,-0.001022963227628267,-0.1813144897896122
2024-05-03,0.0016755791456925882,0.0056419776723576325,0.005299512545742061,0.08956361894182413,0.08412715359540184,7.680317331602272e-4,0.14492497687873365
2024-05-06,0.009013656259065287,0.00548547639321034,0.0050007922653101415,0.0870792381549007,0.07938511615383582,0.008106108846532926,1.6209649224511824
2024-05-07,-0.001599610085135187,0.005758453276204909,0.005849287698072017,0.09141261183133996,0.09285456357580812,-0.002507157497667548,-0.42862612117607624
2024-05-08,0.011176780305659087,0.005596759976240621,0.005561329608170177,0.0888458102691147,0.08828337061247143,0.010269232893126725,1.8465427544593194
2024-05-09,0.0027739126263662817,0.006077789398935119,0.006787346802417668,0.09648191562364238,0.10774579020687962,0.0018663652138339207,0.27497714028243214
2024-05-10,0.004764784178524624,0.005931680033065041,0.006316867035357098,0.09416250134578492,0.10027715544370042,0.0038572367659922635,0.6106249734880181
2024-05-13,0.0021561330066142506,0.005868213393347063,0.00608403202275574,0.09315499967432869,0.09658101420458971,0.0012485855940818896,0.20522337644047234
2024-05-14,-0.0021638744226054976,0.0057139047328949285,0.005685158385411302,0.09070542563012957,0.09024909151087082,-0.0030714218351378586,-0.5402526415129333
2024-05-15,0.003968073380157847,0.0055651348599842125,0.005475295372053458,0.08834377711232692,0.08691761945445793,0.003060525967625486,0.558970020731076
2024-05-16,-0.0024298445226805057,0.005482446427484891,0.005300421494072911,0.0870311389401572,0.08414158270283004,-0.0033373919352128667,-0.6296465175354145
2024-05-17,0.005949798436890141,0.0053486479006092155,0.005187036616940313,0.08490715317275821,0.08234165357885924,0.00504225102435778,0.9720870309437034
2024-05-21,-0.0024091436885956274,0.005386609173607002,0.005339856412093673,0.08550976969957966,0.08476759261916098,-0.003316691101127989,-0.6211199038266961
2024-05-22,-0.007573716024169563,0.005255745740099485,0.005216906727785475,0.0834323770949421,0.08281582688844062,-0.008481263436701924,-1.6257264849168844
2024-05-23,-0.004145931331683506,0.005422837075958047,0.006090509011201188,0.08608486982043405,0.09668383320861748,-0.005053478744215867,-0.8297301153190816
2024-05-24,0.00716589513132256,0.005354816246302407,0.0060563875465609665,0.08500507262498738,0.09614217174977362,0.006258347718790198,1.0333466395068975
2024-05-27,-1.5065571293633906e-4,0.005480384730267675,0.006228174749175457,0.08699841051146438,0.09886920904902206,-0.0010582031254687,-0.16990581801013127
2024-05-28,-0.0065195962774060034,0.005313558281686242,0.005801821002467043,0.08435012274113694,0.09210105314303553,-0.007427143689938365,-1.2801400951150002
2024-05-29,-0.02283991547821477,0.005393530907793691,0.006264381843096179,0.08561964882337529,0.0994439788462856,-0.02374746289074713,-3.7908709088221726
2024-05-30,0.02301836783456838,0.007657967710642686,0.011612577386424712,0.12156646866313914,0.1843439510698332,0.02211082042203602,1.9040407384396787
2024-05-31,0.003310426522809791,0.00932290280738037,0.014065567909390363,0.1479964939533262,0.22328396842282552,0.00240287911027743,0.17083413380509407
2024-06-03,-0.0011218521892851032,0.00907518931903266,0.01271400339827969,0.1440641642339402,0.2018285469592689,-0.0020293996018174642,-0.1596192433055397
2024-06-04,-0.0011612972944534121,0.008803012589209652,0.011507134027063102,0.1397434925953172,0.182670089632189,-0.002068844706985773,-0.17978800821474328
2024-06-05,-3.321192008493754e-4,0.008539576423418372,0.010443852746914244,0.13556157310917255,0.16579102258628334,-0.0012396666133817364,-0.11869820873795928
2024-06-06,-0.0011131618931173315,0.008279826190913255,0.009482805488986955,0.13143816599997407,0.1505348703303464,-0.0020207093056496925,-0.21309192812153357
2024-06-07,-0.0036024372368353617,0.008032218760133866,0.00866430352364277,0.12750751989229067,0.13754155444283647,-0.0045099846493677235,-0.5205247758300567
2024-06-10,-0.004851219806955279,0.007837359195591836,0.008130688280187932,0.12441422020212736,0.12907067506298833,-0.0057587672194876404,-0.7082754892374908
2024-06-11,-0.009458550192211054,0.0076909561972493354,0.007825648143625208,0.12209014465327661,0.12422831301555945,-0.010366097604743415,-1.3246311889434568
2024-06-12,-0.001546940319656076,0.007808303855424815,0.008405896849855694,0.12395298097608543,0.13343947566707648,-0.002454487732188437,-0.2919959376173613
2024-06-13,-0.010707298356787132,0.007579908575561988,0.007747071369364958,0.12032731830925718,0.12298094539444976,-0.011614845769319492,-1.4992563273973791
2024-06-14,-0.008451607611207777,0.00780297939630247,0.008637029200245333,0.12386845780786349,0.13710858798151346,-0.009359155023740138,-1.083608125751652
2024-06-17,-0.0028658663752641287,0.00784340987609363,0.00881925892144698,0.12451027177735009,0.1400013951242186,-0.00377341378779649,-0.4278606424197584
2024-06-18,0.004663323816042156,0.007636800716281073,0.008196393563909688,0.12123045304463792,0.13011371410629258,0.003755776403509795,0.4582230433696117
2024-06-19,-0.0029972477411464027,0.007491747260164053,0.007660564105452555,0.11892780081446158,0.12160768515297264,-0.003904795153678764,-0.5097268425571233
2024-06-20,-0.00675889665694653,0.007300528065206892,0.007217770464694082,0.11589229019990985,0.11457855401956589,-0.00766644406947889,-1.0621623542864804
2024-06-21,9.484867542425279e-5,0.007269168347904598,0.0073910280484069035,0.11539447012090688,0.11732893289512637,-8.126987371081082e-4,-0.10995746894551173
2024-06-24,0.016905857191141904,0.007047758490345789,0.006799976661453167,0.11187969759539383,0.10794628300349,0.015998309778609544,2.3527006892977598
2024-06-25,3.281749271385071e-5,0.00798993906084294,0.009234094698825458,0.12683635047330835,0.14658670893547224,-8.747299198185103e-4,-0.09472828126072529
2024-06-26,-0.00179098750930388,0.007746537500296143,0.008411554421964815,0.12297247048571722,0.1335292868400274,-0.002698534921836241,-0.3208128707804167
2024-06-27,0.0011025315734257322,0.007523348378507651,0.007766496831829544,0.11942945301619368,0.12328931505115204,1.9498416089337112e-4,0.025105805759717145
2024-06-28,1.9435153209514545e-4,0.0072991546857943835,0.007118842952400617,0.11587048847762245,0.11300812844746112,-7.131958804372156e-4,-0.10018424134454484
2024-07-02,0.005798055623813636,0.007076953153060046,0.006561645885890208,0.11234314849830783,0.10416289923201358,0.004890508211281275,0.7453173024465625
2024-07-03,0.009573786551539768,0.007006805043368936,0.006415207325560287,0.11122958177920408,0.10183825915411378,0.008666239139007407,1.3508899555713922
2024-07-04,5.708166280503819e-4,0.007186726740102211,0.0069861112554278106,0.11408575016933027,0.11090107807974735,-3.3673078448197903e-4,-0.04820003177309242
2024-07-05,-0.009729193885501234,0.00696919282701072,0.00644109420483017,0.11063250635475333,0.10224920062271975,-0.010636741298033594,-1.65138732019431
2024-07-08,0.004955256950773109,0.007164837929789807,0.007475696431966625,0.11373827607784014,0.11867300181597949,0.004047709538240748,0.5414491579583737
2024-07-09,0.006593003315585581,0.0070518141420088856,0.007075508529105711,0.11194407906962299,0.11232021580398077,0.005685455903053221,0.8035402515120447
2024-07-10,0.010096731513125807,0.007025130553590422,0.006947174266627069,0.11152049023537064,0.11028297254473653,0.009189184100593446,1.3227225556636135
2024-07-11,0.0048825685960769225,0.007246237021529116,0.0074940801154705465,0.11503044659997261,0.11896483374437566,0.003975021183544561,0.5304214956734518
2024-07-12,0.00543513706487499,0.007126558950824178,0.007083668118793518,0.11313061612513298,0.11244974527466636,0.00452758965234263,0.6391589182912996
2024-07-15,0.0052908543783732696,0.007036548502329572,0.006799786033260298,0.11170174455244829,0.10794325687474275,0.004383306965840908,0.6446242491161507
2024-07-16,0.006251879901973233,0.006944193426114184,0.006546446004733912,0.11023565316856629,0.1039216085990298,0.005344332489440872,0.816371583234054
2024-07-17,7.58727188759908e-5,0.006904612453820418,0.006467435326836719,0.10960732471252962,0.10266735297122219,-8.316746936563701e-4,-0.12859420336301217
2024-07-18,-1.010270732348939e-5,0.006694295941275159,0.006001064719345831,0.10626865357969872,0.09526394909395615,-9.176501198558504e-4,-0.15291455146244154
2024-07-19,-0.001507889117053999,0.0064903611905881165,0.005602769275917423,0.10303128977568748,0.08894120494410558,-0.00241543652958636,-0.4311147596187325
2024-07-22,0.007001312387792686,0.006303469271488094,0.005347014707933045,0.10006447253576992,0.08488122704277302,0.006093764975260325,1.139657417852128
2024-07-23,-0.0030954286759965846,0.00634750375141965,0.005653236038903914,0.10076349823383568,0.08974233997012573,-0.0040029760885289456,-0.7080857867921376
2024-07-24,-0.005045692211130251,0.006200665799986341,0.005556089531964206,0.0984325180187234,0.08820018698151928,-0.005953239623662613,-1.0714801461376027
2024-07-25,0.004845066369852546,0.006137499619120205,0.005786032281222474,0.09742978598367426,0.09185041496343843,0.003937518957320184,0.6805214291836381
2024-07-26,0.007956473699447592,0.006067721777398433,0.005656097496012348,0.09632209708636244,0.08978776419350291,0.007048926286915232,1.2462526135528698
2024-07-29,-8.942640332408696e-4,0.006197301117231626,0.006076742825822486,0.09837910533586576,0.09646530179053313,-0.0018018114457732303,-0.29650941259462554
2024-07-30,0.0016403836316310105,0.006012497913434218,0.005705478652594939,0.0954454454234502,0.09057166575212457,7.328362190986495e-4,0.12844430129720044
2024-07-31,0.005240878028761831,0.005843164792904882,0.005345098827420138,0.0927573654695673,0.08485081338249982,0.004333330616229469,0.8107110375583068
2024-08-01,-0.011672773506949933,0.005808788897865205,0.005352961530362241,0.09221166505334584,0.0849756299222053,-0.012580320919482293,-2.350160905907158
2024-08-02,-0.018752520281974328,0.006316068811613557,0.00732873769285772,0.10026448403460445,0.11634010415596079,-0.019660067694506688,-2.6825994486972244
2024-08-06,-0.009164010422675542,0.007654971112591266,0.01070667280966829,0.12151889914379947,0.16996316173991688,-0.010071557835207903,-0.9406804536058234
2024-08-07,-0.003666898664921573,0.00775379990663576,0.010595491674785833,0.12308775761228438,0.16819821593963144,-0.004574446077453934,-0.4317351396103473
2024-08-08,0.013194634048538044,0.007571056528764281,0.00979528501211402,0.12018679642273336,0.15549532897831203,0.012287086636005681,1.2543878632229692
2024-08-09,0.004768214775155062,0.008020445449258413,0.010305391719937475,0.12732062437618485,0.16359302192435252,0.0038606673626227017,0.3746259693509375
2024-08-12,-0.006690185799392252,0.007863335476804902,0.009487976792749833,0.12482658088258367,0.1506169622326097,-0.007597733211924613,-0.8007748519927204
2024-08-13,0.00918332404403969,0.007797925191572131,0.009206441397736402,0.1237882247951134,0.14614772638980245,0.00827577663150733,0.8989115635431193
2024-08-14,0.007307467797769177,0.00788791388680329,0.009081804282116298,0.12521675104544638,0.14416917351744726,0.0063999203852368155,0.7046970168515311
2024-08-15,0.009240353169282622,0.007854296880906194,0.0087020134710246045,0.12468309762088853,0.13814018129919045,0.008332805756750262,0.9575721509161406
2024-08-16,0.009134163072834618,0.007944282744552352,0.008684877201190768,0.12611157892120314,0.13786815144891268,0.008226615660302257,0.9472345399626744
2024-08-19,0.005553547179295866,0.008020655006191008,0.008652969265362478,0.12732395098935978,0.1373616286706063,0.004645999766763505,0.5369254904627101
2024-08-20,-6.258033519090933e-4,0.007894400895634613,0.008134757714929181,0.12531972911816852,0.12913527533680005,-0.0015333507644414543,-0.18849372263754055
2024-08-21,0.0017178726003168607,0.007655440507315854,0.0074681787062574785,0.12152635055404737,0.11855366162007229,8.103251877844997e-4,0.10850372221349497
2024-08-22,-6.670716204746723e-4,0.007434143419093045,0.006866983960140191,0.11801336818624573,0.10900999089360255,-0.001574619033007033,-0.22930285583117727
2024-08-23,0.008920450975411387,0.007209521353454494,0.006371206094306108,0.11444760343830233,0.10113976126243858,0.008012903562879026,1.257674519435196
2024-08-26,0.00138440569504746,0.0073234577211481475,0.006812031042250464,0.11625628720352287,0.10813764036628114,4.768582825150988e-4,0.07000236486849024
2024-08-27,-0.005046384612120794,0.007108448899833672,0.006291889747178786,0.1128431279782235,0.09988065328603278,-0.005953932024653156,-0.9462867697773683
2024-08-28,0.006046059666021489,0.007001871383784533,0.0063599498839728786,0.1111512623613214,0.10096107446295802,0.005138512253489128,0.8079485447579103
2024-08-29,0.0097319922013433709,0.006948231498134083,0.006286250371147801,0.1102997555746112,0.09979113096686738,0.00882444478881101,1.4037692213649076
2024-08-30,0.008852995542537268,0.007145904143422534,0.006927628962540726,0.11343771153721237,0.10997270046126693,0.007945448130004907,1.1469217206879527
2024-09-03,-0.0010624611782640476,0.007259658467857522,0.007219874978438523,0.11524350545529119,0.11461196213955693,-0.001970008590796409,-0.2728591002863144
2024-09-04,0.007062867993834561,0.007043309735561712,0.006694584691359997,0.11180907580257836,0.10627323734519191,0.0061553205813022,0.9194477126036258
2024-09-05,0.004204442455746693,0.007044484762358056,0.006713165426467127,0.11182772877470015,0.1065681973708133,0.0032968950432143316,0.4911088635200454
2024-09-06,-0.0015344497164085369,0.006907091994094929,0.0063580982228266395,0.10964668619412239,0.10093168025352615,-0.002441997128940898,-0.38407665993169443
2024-09-09,0.014701124892923743,0.006707213786806563,0.005986328855919157,0.10647371802020376,0.0950300245140714,0.01379357748039138,2.3041797088632343
2024-09-10,1.3593644068867373e-4,0.007433363852392326,0.008073685615332709,0.1180009929485228,0.12816578581133906,-7.716109718436873e-4,-0.09557109461610983
2024-09-11,0.01177442940669763,0.007206990564395387,0.007393767200957456,0.11440742840747538,0.11737241559383735,0.01086688199416527,1.4697354810898107
2024-09-12,0.0023475300564399504,0.0075592659357086684,0.008204225873807022,0.11999962656052265,0.1302380481713698,0.0014399826439075894,0.17551718663730448
2024-09-13,0.003683023872557348,0.007351503603992374,0.007525380692301176,0.11670150179135333,0.11946171499749597,0.002775476460024987,0.3688154225691774
2024-09-16,0.005534752293342381,0.007184414298736656,0.007007390314502771,0.1140490413006822,0.11123887267042212,0.00462720488081002,0.6603321169699046
2024-09-17,0.0022261724024038956,0.007096257412457481,0.006748422061963466,0.11264959411596721,0.10712787910834229,0.0013186249898715346,0.19539752815754952
2024-09-18,-0.004424510557023975,0.006901652535584486,0.0062585196808700614,0.10956033746720946,0.09935091990591305,-0.0053320579695563365,-0.851967915968121
2024-09-19,0.011322402273233296,0.006778599920247276,0.006233522066591994,0.10760693775705936,0.09895409508141495,0.010414854860700935,1.6707817425590616
2024-09-20,0.003107236129784345,0.00713332036714074,0.007276398444030375,0.11323795028163816,0.11550924433873028,0.002199688717251984,0.30230459947621874
2024-09-23,-0.003794929588314066,0.0069577653650165034,0.006756040250427504,0.11045110101943328,0.10724881410104228,-0.004702477000846427,-0.6960404062940369
2024-09-24,-0.0032291813469526396,0.006809549058268216,0.006549915728898151,0.10809824009203069,0.1039766887625692,-0.004136728759485001,-0.631569768330576
2024-09-25,-1.3190677449535359e-4,0.006649317078064052,0.006309746486995555,0.10555463626183283,0.1001641202427221,-0.0010394541870277147,-0.16473786849757582
2024-09-26,0.008413396433355258,0.006446833060672943,0.005871260567319908,0.10234030213493993,0.09320337206153087,0.0075058490208228966,1.2784050264437743
2024-09-27,-7.265487459011677e-4,0.006581418653614297,0.006332538224013966,0.10447678218878988,0.10052592785130951,-0.0016340961584335287,-0.25804757912661036
2024-09-30,0.0024945188186690963,0.006383403448733591,0.005914969450121282,0.10133338826124677,0.0938972290653923,0.0015869714061367355,0.2682974814188086
2024-10-01,-0.00304704449745663,0.006219029398720296,0.00555618501321127,0.09872403111128074,0.08820170269932688,-0.003954591909988992,-0.7117459012948496
2024-10-02,-0.001582432919270294,0.006075591812538704,0.005470964735735676,0.09644703002110541,0.08684887273416485,-0.002489980331802655,-0.45512637205252054
2024-10-03,-0.002638144076482292,0.005903244239981224,0.005243018018428267,0.09371109712478891,0.08323033077715115,-0.003545691489014653,-0.6762691786585863
2024-10-04,0.006417197211370462,0.0057597728473921545,0.005165109658946937,0.09143355937453214,0.08199357391170745,0.005509649798838101,1.0667052904277368
2024-10-07,-0.001313995822372719,0.005801319631025326,0.005405197081909352,0.09209309411814003,0.08580484359614501,-0.00222154323490508,-0.4110013383860434
2024-10-08,-7.564542630350557e-5,0.00563378966548392,0.0051663158990323645,0.08943363836229734,0.08201272237943232,-9.831928388358666e-4,-0.19030830828986195
2024-10-09,0.0033901755337052233,0.005462193164750753,0.004894997013300147,0.0867096283615641,0.07770566859357672,0.0024826281211728623,0.5071766365591925
2024-10-10,-0.006978415310324114,0.005360505417203388,0.004765465700086122,0.08509538541320823,0.07564942274301717,-0.007885962722856474,-1.6548147062970064
2024-10-11,0.007187496432436804,0.005471088926602895,0.005634370724971494,0.08685084420306344,0.08944286239570368,0.006279949019904443,1.1145785974060511
2024-10-15,0.00463986538360428,0.005588957997534649,0.005907155570871809,0.08872195769677337,0.09377318757777954,0.003732317971071919,0.631829977438885
2024-10-16,0.0075982299512634315,0.0055366023385278705,0.005730771695890651,0.08789083737602035,0.09097318036688722,0.00669068253873107,1.167501148846802
2024-10-17,0.003078186049072284,0.005681435859994316,0.0060600969845572734,0.09018999825185604,0.09620105725242588,0.002170638636539923,0.3581854617296197
2024-10-18,4.365196547486497e-4,0.005559721610523119,0.005714320401938045,0.08825784444117409,0.09071202417162433,-4.710277577837113e-4,-0.08242935723799448
2024-10-21,-0.004478374088265051,0.005391410491500868,0.005347367309326889,0.08558598825825486,0.0848868244163733,-0.0053859215007974115,-1.0072099388802553
2024-10-22,0.0011764793747289226,0.005341031616744121,0.005523255996442298,0.08478624841462913,0.08767897076359543,2.689319621965616e-4,0.04869083786262834
2024-10-23,3.296835829281013e-4,0.005186334720238027,0.005181801619152488,0.0823305113141374,0.08225855056529588,-5.778638296042597e-4,-0.11151793759691876
2024-10-24,0.002217014167323968,0.0050289865019123685,0.004896503778917929,0.07983268578456468,0.077729587756229,0.001309466754791607,0.2674289276421194
2024-10-25,-0.004185016121751262,0.004905932330487112,0.004682357226101606,0.07787926137228263,0.0743301166189865,-0.005092563534283623,-1.0876067946920707
2024-10-28,0.0063676728917610075,0.004865690424369255,0.004962207267387863,0.07724044091705629,0.07877259830079408,0.005460125479228646,1.1003420826681611
2024-10-29,-6.818104358125016e-4,0.0049686298102030926,0.005241764384297465,0.07887455300723664,0.08321042995228017,-0.0015893578483448625,-0.3032104710974869
2024-10-30,5.536809735197656e-4,0.004820159456658198,0.00498679646316262,0.07651765921196288,0.0791629396825486,-3.5386643901259536e-4,-0.07096067417762097
2024-10-31,-0.011133806128044045,0.004675285522145255,0.004727909343386233,0.07421785679890265,0.07505323406315192,-0.012041353540576408,-2.5468664193869937
2024-11-01,0.003343976564158154,0.005290037368920795,0.006804094776947001,0.08397673982641722,0.10801165606029156,0.0024364291516257935,0.358082776842068
2024-11-04,9.471094485400029e-4,0.005193876817792474,0.006365863229700747,0.08245023840109454,0.10105494591623174,3.9562036007641935e-5,0.006214716618959107
2024-11-05,0.003651247628848774,0.00504099156842667,0.0059031406362898275,0.08002326030738247,0.09370945246717484,0.0027437002163164127,0.4647865238800834
2024-11-06,0.011902008816167282,0.004968580963233092,0.005626443614035617,0.07887377758562711,0.08931702341079437,0.010994461403634921,1.9540694189502499
2024-11-07,0.0040939696906427585,0.005630724448285281,0.00702944677728247,0.08938497954776535,0.11158900816232314,0.003186422278110398,0.453296308951107
2024-11-08,7.857686749773347e-4,0.0055505305704446496,0.006616033029927157,0.08811194120314814,0.10502626837785847,-1.2177873755502625e-4,-0.018406609671410157
2024-11-11,0.003494275873850779,0.005384879959782643,0.006119294917297767,0.08548231928112221,0.09714079530138872,0.0025867284613184183,0.4227167502593088
2024-11-12,-0.0018682830484697173,0.0052905306050855735,0.00579521134701636,0.083984569707795,0.09199612811558956,-0.002775830461002078,-0.47898692468415366
2024-11-13,-0.0014389076142533779,0.0051497339864597135,0.005538887053016195,0.08174949267785801,0.0879271060941377,-0.002346455026785739,-0.42363294364487525
2024-11-14,0.005106125521518715,0.005005277397983226,0.005287978283833721,0.0794563154277365,0.08394405286400491,0.0041985781089863535,0.793985505164071
2024-11-15,-0.0021727270418826303,0.005011385516142848,0.005287974675468835,0.07955327879751024,0.08394399558298815,-0.0030802744544149913,-0.5825055230889306
2024-11-18,0.004936858438243226,0.00488777968732569,0.005148240076509888,0.07759109709562093,0.08172577759260782,0.0040293110257108656,0.7826579502567467
2024-11-19,0.00224396271008472,0.0048907383011033015,0.005152409013372928,0.07763806363330722,0.08179195741363463,0.0013364152975523591,0.25937678745684434
2024-11-20,0.0035450044637727234,0.004773498086387081,0.004898271005314979,0.07577693292253761,0.07775764160557067,0.002637457051240363,0.5384465351914034
2024-11-21,0.005721274849835811,0.0047088353486596625,0.0047830235434750575,0.07475044378382155,0.07592814486601163,0.00481372743730345,1.0064193482531105
2024-11-22,0.0034050803369974343,0.004775638352595534,0.00498902711868445,0.07581090859529986,0.07919835024117709,0.0024975329244650733,0.500605201184724
2024-11-25,-0.0016251798744036186,0.004704677746709003,0.004844167383449183,0.07468444389895049,0.07689877323466202,-0.0025327272869359796,-0.5228405805277122
2024-11-26,0.001203040908666057,0.004578692577123534,0.004728522387300628,0.07268449133331781,0.07506296583359343,2.9549349613369595e-4,0.062491719808137426
2024-11-27,0.003949868273485553,0.004448977255340066,0.004510029808263841,0.07062532443727514,0.07159450366892665,0.0030423208609531927,0.6745677945140566
2024-11-28,2.526426213881696e-4,0.004420620122120255,0.00451322142518243,0.07017516890290905,0.07164516901680729,-6.549047911441913e-4,-0.1451080568504833
2024-11-29,0.00216255858614441,0.004286396974837648,0.004337150249606874,0.06804444249552001,0.06885012575508902,0.0012550111736120493,0.2893630843722339
2024-12-02,-9.585981563842161e-4,0.004189439898441546,0.004215500080175172,0.06650529662356815,0.06691898918349809,-0.001866145568916577,-0.442686640594022
2024-12-03,-0.004928181048019711,0.004068593969471526,0.004156969575209714,0.06458692697351266,0.0659898462220003,-0.005835728460552072,-1.4038419947438914
2024-12-04,-0.002841358701418791,0.00412522333718291,0.004729250251629951,0.06548589031671558,0.07507452032161493,-0.0037489061139511525,-0.7927062249791244
2024-12-05,0.006440534987442977,0.004059657458819388,0.004779963130996572,0.06444506426486725,0.07587956232404752,0.005532987574910615,1.1575377096594979
2024-12-06,0.005336533838157076,0.004240377225842018,0.0051186150820997,0.06731390162807971,0.08125549538580162,0.0044289864256247145,0.865270459799432
2024-12-09,0.001792865380470484,0.0043140081920113454,0.005187464890448652,0.06848275697974442,0.08234845221003632,8.853179679381229e-4,0.17066485974068035
2024-12-10,2.048468295111996e-4,0.00420557827845897,0.004909509946004467,0.0667614854641055,0.0779360542579558,-7.027005830211613e-4,-0.14313049382719836
2024-12-11,0.003033700575137484,0.004077768148176745,0.0046698717954751666,0.0647325625455363,0.07413191655229186,0.002126153162605123,0.4552915488312209
2024-12-12,-0.0043242839764210395,0.004022772903961033,0.0045490556335790995,0.06385954010862008,0.07221401943988599,-0.005231831388953401,-1.1500917575802667
2024-12-13,-0.001205673356769854,0.004041497945212444,0.004888489671858681,0.06415679092326404,0.07760236775067489,-0.002113220769302215,-0.4322850023530346
2024-12-16,-0.0024809083212775085,0.0039294913407819715,0.004728067081519275,0.062378741200145145,0.07505573807838573,-0.00338845573380987,-0.7166682865085438
2024-12-17,-0.0027741659307293776,0.0038579453639675495,0.004730561373857612,0.06124298402839622,0.07509533374173173,-0.003681713343261739,-0.7782825445639292
2024-12-18,-0.01243888971762791,0.003801641445763969,0.0047716366776566444,0.06034918703596504,0.07574738397500373,-0.01334643713016027,-2.797035489448606
2024-12-19,-0.00479250083831434,0.0047821425810676025,0.007250074062321789,0.07591416002134449,0.11509135773421954,-0.005700048250846701,-0.7862055203642013
2024-12-20,0.005059308252106061,0.004782764709123264,0.0070916991417233795,0.07592403599805798,0.11257723381134159,0.0041517608395737,0.5854395056252717
2024-12-23,0.002642270566186026,0.004799806659278532,0.006763410703330797,0.07619456856985637,0.10736581641363445,0.0017347231536536647,0.2564864429716445
2024-12-24,0.001364448564956396,0.004698377480914369,0.006289561377886433,0.07458443028003325,0.09984369156938547,4.569011524240349e-4,0.07264435864008907
2024-12-27,0.0010297700012616797,0.004567490458573301,0.0058405669836972965,0.07250666321427192,0.0927161265268661,1.222225887293188e-4,0.02092649379255083
2024-12-30,-0.002281239349980831,0.004435524379274514,0.005451922718566074,0.07041176665034701,0.08654659008281411,-0.003188786762513192,-0.5848921430331432
2024-12-31,8.245862218272578e-4,0.004336552444777338,0.005294703789545072,0.06884063589761999,0.08405081695732519,-8.296119070510311e-5,-0.015668712359115985
2025-01-02,-0.002305886699212556,0.0042092923901957315,0.00498625646090325,0.06682044516008737,0.07915436741243437,-0.0032134341117449174,-0.6444582497793967
2025-01-03,0.00584205420708328,0.00411996124845446,0.004916941383364347,0.06540235724780218,0.07805402466878379,0.004934506794550919,1.003572426396215
2025-01-06,-0.001578946097529991,0.0042430427394678,0.0051127087593493496,0.06735621534510015,0.08116173541883975,-0.002486493510062352,-0.48633584017775866
2025-01-07,-0.0015951554853635601,0.00413192343035876,0.004945191669974101,0.06559225099854114,0.07850248406579803,-0.002502702897895921,-0.506088148835903
2025-01-08,0.0041356097904020435,0.004025058387357376,0.0048085814841990655,0.06389582103277383,0.07633386459708356,0.0032280623778696825,0.6713128161552533
2025-01-09,0.002346701401551502,0.004031776955716419,0.004775136611055823,0.06400247499904033,0.07580294369528083,0.0014391539890191412,0.3013848830391749
2025-01-10,-0.006874162469006129,0.003950991311492577,0.004588020316598484,0.06272004265431774,0.07283256460698852,-0.00778170988153849,-1.6960931610058296
2025-01-13,-0.006293603471048977,0.004184370798805717,0.005488775265286731,0.06642482716152368,0.08713160612562759,-0.007201150883581337,-1.3119777246345596
2025-01-14,0.0031398194601779577,0.004339929506574052,0.005985368186302718,0.0688942450916772,0.09501477435668824,0.0022322720476455967,0.3729548422357817
2025-01-15,0.008088928648029384,0.004277428761447805,0.005655303899906397,0.0679020765215155,0.08977516624587625,0.007181381235497023,1.269848864464363
2025-01-16,0.003255002325437442,0.004596135224411905,0.006103875907600136,0.07296138477490767,0.09689602611065176,0.002347454912905081,0.3845843114179612
2025-01-17,0.004767356557351275,0.0045268856700088275,0.005763878685870876,0.07186208217879218,0.09149873753976072,0.0038598091448189143,0.6696548201613872
2025-01-20,8.260413132517389e-4,0.00454167299019498,0.005628350800027498,0.07209682360941005,0.08934729904982515,-8.150609928062214e-5,-0.014481346699325125
2025-01-21,0.005218011722761447,0.0044079617275954806,0.005270315540726484,0.06997422311944969,0.08366366550960709,0.0043104643102290854,0.8178759463109702
2025-01-22,-0.003555119640050915,0.004460714940092259,0.005290004532881155,0.07081165440620701,0.08397621857044767,-0.004462667052583275,-0.8436036349013718
2025-01-23,0.003267652723109119,0.004411624604322211,0.00532818790525654,0.07003236948486177,0.08458236081558591,0.0023601053105767583,0.44294708680382483
2025-01-24,0.0017010619369290563,0.004351475497991915,0.0051130968173085725,0.0690775320232653,0.08116789564796605,7.935145243966954e-4,0.1551925482244995
2025-01-27,0.0028472364503774328,0.004239438096239013,0.004843890942939417,0.06729899340780925,0.07689438487761514,0.0019396890378450718,0.400440278423777
2025-01-28,0.002507725780935388,0.004169037127898189,0.004677779670052012,0.06618141268208154,0.0742574501694684,0.0016001783684030271,0.34208074797700655
2025-01-29,1.3113035572505827e-4,0.004088439758013813,0.004516843689517927,0.06490196909984186,0.07170267068049527,-7.764170568073027e-4,-0.17189371830800904
2025-01-30,0.005150689403917903,0.0039640195491224715,0.004343751790885934,0.06292685951505868,0.06895492197405374,0.004243141991385542,0.9768380413191444
2025-01-31,-0.008004644043658173,0.004045048826258287,0.00455626329091228,0.06421315941235889,0.0723284374529198,-0.008912191456190533,-1.956030827710592
2025-02-03,-0.021623538460132225,0.004384647577895522,0.005768486204129544,0.06960412246663956,0.09157187962460246,-0.022531085872664586,-3.905892304385687
2025-02-04,-0.0076429638531937405,0.006791632443795339,0.010954312073065107,0.10781382265464197,0.17389431317473608,-0.008550511265726101,-0.7805612263640394
2025-02-05,0.004665506897803448,0.006845698559255308,0.010558329312832253,0.10867209562981626,0.1676082817324658,0.0037579594852710863,0.3559236858338737
2025-02-06,0.005316464969658559,0.006734819278580969,0.009700533056863893,0.10691194161653207,0.15399118831933828,0.004408917557126198,0.45450260632909656
2025-02-07,-0.0020277919502340405,0.006658243856953087,0.0090088900647464,0.10569634448352833,0.14301169620023732,-0.0029353393627664015,-0.3258269710996891
2025-02-10,0.0018720418474520262,0.006474488010239909,0.008299176896158967,0.10277931084938528,0.13174534892261727,9.644944349196652e-4,0.1162156737936329
2025-02-11,0.0027690320196642197,0.006293975511214881,0.007594686808612677,0.09991376376363119,0.12056191548607165,0.001861484607131859,0.2451035380446316
2025-02-12,-0.0013445462107629647,0.006139815336895874,0.007012988098434995,0.09746654686372044,0.11132773473548856,-0.0022520936232953257,-0.32113181880315733
2025-02-13,4.2048289943474865e-4,0.0059618756024998965,0.006532748579335502,0.09464184115030859,0.10370416871179348,-4.8706451309761236e-4,-0.07455736390013583
2025-02-14,-0.0014659134747861957,0.005781170418680418,0.006050632632727041,0.09177323528826926,0.09605081532484659,-0.0023734608873185567,-0.39226656638858437
2025-02-18,0.003121805852013196,0.00561654250087806,0.005720746250420612,0.08915984811208873,0.09081403135390904,0.0022142584394808356,0.3870576219523868
2025-02-19,-0.0014911514922634392,0.005498868701012893,0.005430625303632855,0.08729183445046143,0.086208504101923,-0.0023986989047958002,-0.4416984731373704
2025-02-20,-0.00438054256711932,0.005343848382756872,0.005201704372034507,0.08483096318885633,0.08257449697248426,-0.005288089979651681,-1.0166071736182476
2025-02-21,-0.0026896144187882514,0.005290998185272823,0.0053935936537014275,0.08399199231315566,0.08562064488378125,-0.0035971618313206124,-0.6669323019638327
2025-02-24,8.244969170770518e-4,0.0051719458264827085,0.005293828119209531,0.08210209470702999,0.08403691612169527,-8.305049545530921e-5,-0.015688173772387275
2025-02-25,0.010291665761268332,0.005018452941308085,0.004985513382812412,0.0796654706938909,0.07914257141343602,0.009384118348735971,1.882277235698088
2025-02-26,-0.004138986555011584,0.00547986138302568,0.006172248822710959,0.08699010263155448,0.09798141248942638,-0.005046533967543946,-0.8176167410774311
2025-02-27,-0.0068860287046297874,0.0054087910398442594,0.006121158992189314,0.08586189590965417,0.09717038657291811,-0.007793576117162149,-1.273219030433103
2025-02-28,0.008338354848559493,0.005508608060226894,0.006579171524969142,0.08744644198491766,0.10444111012743558,0.007430807436027131,1.1294442480828897
2025-03-03,-0.00805443920489481,0.0057180212215726025,0.006851739972075514,0.09077077286202519,0.10876800008515472,-0.008961986617427172,-1.3079869717695118
2025-03-04,-0.024599518021579243,0.005884425217746772,0.007373579070374556,0.09341235440829038,0.11705193895609145,-0.025507065434111603,-3.4592516321678124
2025-03-05,-0.0014105494480265066,0.008298014807669304,0.01274644345229661,0.13172690133974668,0.20234351685194654,-0.0023180968605588676,-0.1818622480250521
2025-03-06,-0.01230269080800278,0.008052639675790839,0.011545530473581613,0.1278316918785261,0.18327961432448842,-0.013210238220535141,-1.1441863369346865
2025-03-07,0.00937180250147418,0.00836873213039302,0.011843914813950106,0.13284950403561419,0.18801631888287493,0.00846425508894182,0.7146501154307843
2025-03-10,-0.008375723842891201,0.008432281882720383,0.011288451214402669,0.13385832507884188,0.1791986076023672,-0.009283271255423562,-0.8223689042106375
2025-03-11,-0.015479442637656696,0.008428899102386842,0.010943536984113371,0.13380462510582683,0.17372326394041074,-0.016386990050189055,-1.4974125891818975
2025-03-12,0.006222425097546261,0.009008903836531662,0.012095430819599663,0.14301191482055078,0.19200901169308118,0.0053148776850139,0.4394120196530389
2025-03-13,-0.011361175697227721,0.00886644471484466,0.011156538610090836,0.14075044637269182,0.17710455992754334,-0.012268723109760082,-1.099689028877048
2025-03-14,0.015390510462653124,0.009035573593408982,0.01135433588808587,0.14343528408589445,0.18024449437302556,0.014482963050120763,1.2755447075788702
2025-03-17,0.008881853133225981,0.009537041652958073,0.011962122350924788,0.1513958427419486,0.1898928053584458,0.00797430572069362,0.6666296737950627
2025-03-18,-0.0033193612248441267,0.009499004820803786,0.011324129893073907,0.1507920267507029,0.17976498906759608,-0.004226908637376487,-0.3732656440087075
2025-03-19,0.005530596801506193,0.009245448424331525,0.01040037807260606,0.1467669437403311,0.16510088352698943,0.004623049388973831,0.4445078204561286
2025-03-20,-0.002294993042974906,0.009065586998744518,0.009630821512448838,0.1439117321249905,0.15288455185914346,-0.0032025404555072667,-0.33253035074605525
2025-03-21,-0.0010170575867253044,0.008807371637323787,0.008856509405979388,0.139812690338895,0.14059272823395508,-0.0019246049992576652,-0.2173096545190012
2025-03-24,0.011352766829073083,0.008542696987283481,0.008112951770066724,0.1356111105247968,0.12878911669354695,0.01044521941654072,1.2874746100524168
2025-03-25,0.004465882308051819,0.008736826104946112,0.008637991939735882,0.1386928147302271,0.13712387099712947,0.0035583348955194583,0.4119400574050847
2025-03-26,-4.1501871111893074e-4,0.008541009826252747,0.0080230043706097,0.13558432767374254,0.1273612459933053,-0.0013225661236512917,-0.16484674101589514
2025-03-27,-0.005554692148121246,0.00828144023421361,0.007363580107812451,0.13146378814304224,0.11689321034624359,-0.006462239560653608,-0.8775947930270279
2025-03-28,-0.013358830577093398,0.00814362287334727,0.007299244559503232,0.12927600536384476,0.11587191517852054,-0.014266377989625758,-1.9545006162386607
2025-03-31,0.004301644156508281,0.008546752550317324,0.009028047184822207,0.13567549059208017,0.14331580605357805,0.0033940967439759196,0.37595026637455053
2025-04-01,0.0010824271555486815,0.008353107742267404,0.008347021257568756,0.1326014745634066,0.13250485461417927,1.7487974301632055e-4,0.02095115582193425
2025-04-02,0.013413009026077631,0.008102977436073492,0.007625928700599653,0.12863077905010942,0.12105786514617974,0.01250546161354527,1.639860809682357
2025-04-03,-0.017283902790054873,0.00851547282291263,0.008772566795637947,0.13517894031333588,0.13926018060576476,-0.018191450202587233,-2.073674743819872
2025-04-04,-0.03419233311848853,0.009278279931822588,0.011102209184599981,0.14728812776426337,0.17624210703521245,-0.035099880531020894,-3.1615221752179195
2025-04-07,-0.02403952475134694,0.012290981589312034,0.017936014352840837,0.19511328392515837,0.2847254009358118,-0.024947072163879303,-1.3908927408907878
2025-04-08,-0.007847328492349998,0.013292029932983009,0.019264610795109615,0.2110044337313975,0.305816215609862,-0.00875487590488236,-0.4544538167936834
2025-04-09,0.03823544177912297,0.013029666535371048,0.01768824261138268,0.20683954391215426,0.2807921464769657,0.037327894366590605,2.110322386836185
2025-04-10,-0.029719183483297867,0.01572586461547575,0.022409723375953927,0.2496403615441153,0.35574333001514946,-0.03062673089583023,-1.3666715283372624
2025-04-11,0.017176215672283408,0.016895515406309788,0.023915831400408587,0.26820799222413666,0.37965205369698435,0.016268668259751047,0.680246820082245
2025-04-14,0.01522916719999734,0.016912488802166524,0.022519299763950045,0.26847743653018374,0.3574828012483642,0.01432161978746498,0.6359709199480394
2025-04-15,0.007757399152039841,0.016816241936019237,0.02108569159218873,0.26694956489641347,0.3347249770484217,0.00684985173950748,0.32485781694943466
2025-04-16,-6.160971031432723e-4,0.01641430680156589,0.019138758479850162,0.2605690424427563,0.3038183720412727,-0.0015236445156756335,-0.07961041554914705
2025-04-17,0.003702009695269755,0.015914976413674207,0.017195772505329165,0.25264241827224343,0.2729744259044585,0.0027944622827373944,0.16250867949499556
2025-04-21,-0.005469938994559201,0.015456764808328107,0.01549965210349832,0.2453685345387067,0.24604934924325433,-0.006377486407091563,-0.411459971133942
2025-04-22,0.018183215823901255,0.015045667070483248,0.014205400426858101,0.23884256026543435,0.2255037408213439,0.017275668411368895,1.216133857001725
2025-04-23,0.005836574202618998,0.015252132047749552,0.014739021091474975,0.24212009017118183,0.23397470625947142,0.004929026790086637,0.33442022774074037
2025-04-24,0.005774848840957543,0.014856440219219079,0.013433985494283159,0.23583867712650955,0.21325790840593417,0.004867301428425182,0.3623125416129461
2025-04-25,0.0027373902275699873,0.014473144778387003,0.012287017557876147,0.2297540506358703,0.19505035687694677,0.0018298428150376265,0.14892489625073188
2025-04-28,0.006042740860842702,0.01404824554544309,0.011123941507062432,0.2230089844200801,0.1765870969590975,0.005135193448310341,0.4616343447194576
2025-04-29,0.009181635309306602,0.01370047056700739,0.010300422016830877,0.21748822778916982,0.1635141303332932,0.008274087896774241,0.8032765922847036
2025-04-30,0.004068154041183417,0.01347215148924536,0.009976688794859334,0.21386377479319013,0.15837502475449497,0.003160606628651056,0.3167991598855539
2025-05-01,0.0016585425023260358,0.013099691845321905,0.009154858635345278,0.20795116124581534,0.14532887542245457,7.509950897936748e-4,0.08203240702092511
2025-05-02,0.009044475882554488,0.012707118345627027,0.008339866392332215,0.20171925013677372,0.13239127464969885,0.008136928470022127,0.9756665259653714
2025-05-05,-1.2715924188115113e-4,0.012517617899991645,0.008361535111518315,0.1987110238218509,0.13273525490287313,-0.0010347066544135121,-0.12374601560760852
2025-05-06,-0.004816646899271729,0.012136320801014924,0.007650815563619361,0.1926581200247142,0.12145293184895581,-0.0057241943118040905,-0.7481809310661456
2025-05-07,0.005884618874859601,0.011825602347076216,0.007423974405752169,0.1877256174834324,0.1178519401039726,0.0049770714623272394,0.6704052560406129
2025-05-08,0.006275428404533026,0.011555600502658667,0.007137878992855579,0.18343947108028688,0.11331031622140829,0.005367880992000665,0.7520274576486188
2025-05-09,0.0030963108487966164,0.011308529917635084,0.006952918038265844,0.17951734713477702,0.110374152092799,0.0021887634362642554,0.31479781930669265
2025-05-12,0.01036016105918606,0.010990227769091386,0.006477325327771292,0.17446445717383205,0.10282435186885665,0.009452613646653698,1.4593390278122929
2025-05-13,0.0042598816103515125,0.01095344586246052,0.007211001672153699,0.17388056250767964,0.11447110276913763,0.003352334197819151,0.46489161287601183
2025-05-14,0.00805170502375289,0.01067089936070034,0.006784772335014493,0.16939527584286737,0.10770492180383616,0.007144157611220528,1.0529693935861841
2025-05-15,0.008517442237407653,0.010532132016054246,0.0069566114247285185,0.16719241253868525,0.11043278278525433,0.007609894824875292,1.0939082780769616
2025-05-16,0.003443235529425344,0.010422239003757001,0.007177269170229745,0.1654479150505116,0.11393561590199289,0.0025356881168929835,0.35329427624236864
2025-05-20,8.174683830409017e-4,0.010139873478254723,0.006692062338937041,0.16096550129472903,0.10623319624181189,-9.007902949145927e-5,-0.013460578358235572
2025-05-21,-0.0030631288628771847,0.009833011104394676,0.006184936938158376,0.15609421212698937,0.09818283007790603,-0.003970676275409546,-0.6419913921696108
2025-05-22,0.006239472682850076,0.009562938169947327,0.005987984746249668,0.15180693720460656,0.09505631095814898,0.005331925270317715,0.8904373501714663
2025-05-23,0.002296831764467544,0.009396736689793076,0.006017301126893624,0.14916857050049265,0.09552169407329547,0.001389284351935183,0.23088163989765095
2025-05-26,0.003014164722833742,0.009127829257907992,0.0056339987668879085,0.1448997973577028,0.08943695774417983,0.0021066173103013812,0.37391156751442245
2025-05-27,0.008620804442601566,0.008880503492618671,0.005349852626549455,0.14097362255105716,0.08492627760417339,0.007713257030069205,1.4417700016241564
2025-05-28,0.0068271266741335435,0.008865136090310312,0.005999099125291883,0.14072967260222716,0.09523274625568463,0.005919579261601182,0.986744699157337
2025-05-29,-0.002063302768610868,0.00875624229582639,0.006123639062443428,0.13900103720509135,0.09720975646767625,-0.0029708501811432286,-0.4851445604238165
2025-05-30,0.00187619305485374,0.008504522649362708,0.005831761180366951,0.13500511169717935,0.09257633873262867,9.686456423213791e-4,0.16609830415936702
2025-06-02,-0.0011731447307443688,0.008258238140587662,0.005459551861479497,0.1310954663252605,0.08666769897200703,-0.0020806921432767298,-0.3811104273882432
2025-06-03,0.0024315354993939926,0.008011813993660471,0.005201381570165999,0.12718360426639697,0.08256937265168335,0.0015239880868616316,0.29299678677736274
2025-06-04,-0.0017227213070273304,0.007790542699578876,0.00494919548319288,0.12367103136789293,0.07856604263023508,-0.002630268719559691,-0.5314537945595197
2025-06-05,7.891909546353844e-4,0.007564989645916588,0.00482404720553694,0.12009048764324319,0.076579375312121,-1.183564578969766e-4,-0.024534680705679983
2025-06-06,0.004910647232967042,0.007337076637464568,0.0045887613665504,0.11647248079771956,0.07284432841027957,0.0040030998204346815,0.8723704504695154
2025-06-09,2.500668228167895e-4,0.007214540826953957,0.004706860368431706,0.11452728510985469,0.0747190919446569,-6.574805897155715e-4,-0.13968559469603292
2025-06-10,7.198187152083387e-4,0.006995025045567083,0.0044987522577014695,0.11104258011143256,0.0714154781038107,-1.877286973240222e-4,-0.04172905876349317
2025-06-11,-0.004719641500571136,0.006784220014400327,0.004316955533037925,0.10769615398590181,0.06852954456805578,-0.005627188913103497,-1.3035086579044597
2025-06-12,0.002923336851739511,0.006678368340036163,0.004798058437413047,0.1060158107485376,0.07616681640810054,0.00201578943920715,0.4201260708892067
2025-06-13,-0.004708460685847905,0.006514393399619786,0.0046456716044616896,0.1034127892670074,0.07374775042968033,-0.005616008098380266,-1.208868937913448
2025-06-16,0.005120343886513945,0.006420378353720267,0.0050352877290505416,0.10192034668131668,0.07993271466433749,0.004212796473981584,0.8366545668634416
2025-06-17,-3.4789746954901524e-4,0.006349886455960785,0.00508907542384657,0.1008013224958172,0.0807865678484919,-0.0012554448820813763,-0.24669410011071327
2025-06-18,0.0027620163445446484,0.006157033090891884,0.004841169383695056,0.09773987023497163,0.0768511814639817,0.0018544689320122874,0.38306218705300726
2025-06-19,-6.249664605863696e-4,0.006007681512085117,0.004669328082264462,0.09536898742234622,0.07412328537265148,-0.0015325138731187304,-0.32820865146308464
2025-06-20,8.310656266432385e-4,0.005826674686836552,0.0045056351572583305,0.09249559315106802,0.07152474074696964,-7.648178588912258e-5,-0.016974695735386968
2025-06-23,0.0037126787308409677,0.005652837326192555,0.0043220811824242825,0.08973601060205284,0.06861091172955985,0.0028051313183086067,0.6490232829766496
2025-06-24,0.007473692844464492,0.0055555678960587255,0.004335163028917183,0.08819190626823434,0.06881857960461828,0.006566145431932131,1.5146247991444493
2025-06-25,-2.720721388916326e-4,0.005688922538834507,0.005019799398831594,0.09030884559399778,0.0796868450444396,-0.0011796195514239937,-0.23499336481425162
2025-06-26,0.008433268314268123,0.005516017645785169,0.004779538981483981,0.08756406550914916,0.07587282915927336,0.007525720901735762,1.5745704618982161
2025-06-27,0.00244111879745081,0.005733067634009116,0.005555078467039784,0.09100962725460954,0.08818413682342312,0.0015335713849184494,0.2760665567584081
2025-06-30,0.009063051858534139,0.005590485156527256,0.0052479783302168785,0.08874620059421472,0.0833090732856592,0.008155504446001778,1.5540278432637398
2025-07-02,0.005254847402214287,0.005857187667102637,0.006031859828731901,0.09297997169632892,0.0957528063001516,0.004347299989681926,0.7207229798302314
2025-07-03,0.005454692840900036,0.005822804633407613,0.00590949645234612,0.092434157957467,0.09381034791915777,0.0045471454283676745,0.7694641100194619
2025-07-04,-1.2256072175420576e-4,0.005801376647849814,0.005837161907911872,0.09209399923216888,0.09266207262452474,-0.0010301081342865667,-0.176474141121617
2025-07-07,-1.882416195925588e-4,0.005624723461418804,0.005466177457156608,0.08928971683454738,0.08677287704270284,-0.0010957890321249197,-0.2004671529077884
2025-07-08,2.2660340347011943e-4,0.005453566655944514,0.005152840758968814,0.08657268677966,0.0817988111624928,-6.809440090622415e-4,-0.13214924367243827
2025-07-09,0.005109351340265207,0.005287720384128485,0.004874394608277564,0.0839399588331054,0.07737861555297923,0.004201803927732846,0.8620155456017977
2025-07-10,0.005807710708013132,0.00527718825855023,0.0049605937729478855,0.08377276652276361,0.07874698487061428,0.004900163295480771,0.9878178943422727
2025-07-11,-0.005610698342692437,0.0053105143989342326,0.005140426337839331,0.0843018026004458,0.08160173833661617,-0.006518245755224798,-1.2680360201338094
2025-07-14,1.2022347633701874e-4,0.005329002302867962,0.005584452526812721,0.0845952889768748,0.08865043556635634,-7.873239361953423e-4,-0.14098498150269007
2025-07-15,-0.0038981134331882252,0.0051667433488019774,0.005243337113038688,0.08201950793416252,0.08323539624705441,-0.004805660845720586,-0.9165271547713908
2025-07-16,0.006293092533276293,0.005099533304404066,0.0053447284706814105,0.08095258155566762,0.08484493415153752,0.005385545120743932,1.0076368051784899
2025-07-17,0.007940123577168556,0.005178909764159378,0.005521147935411521,0.08221264379045931,0.08764550633217955,0.007032576164636195,1.273752532427302
2025-07-18,-6.332995478460408e-4,0.005384660965170371,0.005973249535701343,0.085478842849427,0.09482239674238671,-0.001540846960378402,-0.25795790903576993
2025-07-21,0.0014912100954168062,0.005222926706960175,0.005603502072227977,0.0829113910952049,0.08895283772490192,5.836626828844452e-4,0.10416034033023536
2025-07-22,0.00135828054894462,0.005076972329648997,0.0052548019571103475,0.08059443718444491,0.08341739500445687,4.507331364122588e-4,0.08577547547769433
2025-07-23,0.0035349044385949617,0.004933538762069145,0.004955945571523881,0.07831749988759451,0.07867319696054437,0.002627357026062601,0.5301424295615755
2025-07-24,-0.0012494174237559494,0.004860982348993702,0.004829300150811553,0.07716570253747153,0.07666276323320456,-0.0021569648362883102,-0.44664128733556496
2025-07-25,0.004854973818208892,0.004722823632883375,0.004682761101918761,0.07497250091176814,0.07433652794882298,0.003947426405676532,0.8429698461574462
2025-07-28,-0.005030731378149652,0.004730856743742305,0.0047719980865534965,0.07510002259328978,0.07575312116337979,-0.005938278790682014,-1.2444009161308875
2025-07-29,-0.0033217531213518376,0.004749383190475295,0.005193486232190554,0.07539412081768884,0.08244403804688435,-0.004229300533884198,-0.8143471157524041
2025-07-30,-5.077863437067212e-4,0.004676033027740905,0.005217018765395264,0.07422972308236096,0.08281760543035856,-0.0014153337562390822,-0.2712916743997662
2025-07-31,-0.005058213538472005,0.004535288149851523,0.004956567505763506,0.07199546741115222,0.07868306986052366,-0.005965760951004366,-1.2036073238319398
2025-08-01,-0.0036706643065174864,0.004568351971783645,0.005335389303991549,0.07252033931250652,0.08469667947645382,-0.004578211719049847,-0.8580839106950946
2025-08-05,0.007560009799126262,0.00451952164956448,0.005381658217229549,0.07174518197832014,0.08543117570361963,0.006652462386593901,1.236136171802184
2025-08-06,0.002051283700457743,0.0047570722376480915,0.005790680969296076,0.07551618065751843,0.09192421059883121,0.0011437362879253821,0.19751326208261416
2025-08-07,3.1627637316400403e-4,0.004639441559814705,0.005430586690156412,0.07364885153692384,0.08620789113198747,-5.91271039368357e-4,-0.1088779303422421
2025-08-08,0.0046064967499989855,0.004498772582868916,0.005107762945564836,0.07141580075584122,0.0810832230590118,0.003698949337466625,0.7241818731385118
2025-08-11,0.003092023749521,0.004505308669302887,0.0050752393271827735,0.07151955791135269,0.08056692662316237,0.002184476336988639,0.4304183893927275
2025-08-12,0.00553977094844571,0.004433235216567031,0.004888457501440346,0.07037542731893962,0.07760185706111598,0.004632223535913349,0.9475838819399576
2025-08-13,0.00774585748355705,0.004507294504019024,0.005039686034232264,0.07155108206017534,0.08000253559454353,0.006838310071024689,1.3568920810890204
2025-08-14,0.00509275107649452,0.004764101175514339,0.005579614841845227,0.07562776158696852,0.08857363969828476,0.004185203663962159,0.7500882735802021
2025-08-15,-9.236173283725389e-4,0.004784456836625558,0.005520536570555089,0.07595089768940409,0.08763580121595688,-0.0018311647409048999,-0.331700500033238
2025-08-18,-0.0010122094251236076,0.004644216804413555,0.00523591624371309,0.0737246561948722,0.08311759359856977,-0.0019197568376559688,-0.36665155596426396
2025-08-19,4.102263597424347e-4,0.004509556388164136,0.005002685326504098,0.07158698835782978,0.07941516756865084,-4.973210527899263e-4,-0.09941082045579243
2025-08-20,2.9674952547970035e-4,0.004373331685217084,0.00474361575761961,0.06942448823930049,0.07530256565945241,-6.107978870526607e-4,-0.1287620916748039
2025-08-21,0.0012876245204946901,0.004240725391255677,0.004528339134540737,0.06731942858267764,0.0718851552129375,3.800771079623291e-4,0.08393300428035994
2025-08-22,0.006391764272506872,0.004123615567405008,0.004343867904655109,0.06546036776272894,0.0689567652229959,0.005484216859974511,1.2625192525070448
2025-08-25,-0.005820072196002113,0.00429362691180754,0.00478780749475514,0.06815921418682205,0.07600408773823972,-0.006727619608534474,-1.405156664277819
2025-08-26,0.02565587376085534,0.004400171878044162,0.005374402828413468,0.06985056309146931,0.08531599997678507,0.02474832634832298,4.604851392508798
2025-08-27,0.0058176337675353955,0.007595607500978945,0.011630418030030945,0.1205765310242825,0.18462716250710176,0.004910086355003034,0.4221762573215066
2025-08-28,-0.003907603245494107,0.007500823279452866,0.010719457867173088,0.11907187815405733,0.17016611823584904,-0.004815150658026468,-0.44919721852466304
2025-08-29,0.007234291199352445,0.007335037195874257,0.009922947872925797,0.11644010566615112,0.1575219140665141,0.006326743786820084,0.6375871230848896
2025-09-02,0.0016358247882073775,0.007329031489520907,0.009398820594743285,0.11634476803340166,0.14920165146601752,7.282773756750166e-4,0.07748603862939342
2025-09-03,0.009544887249936386,0.007117048249393039,0.008553708580015095,0.1129796384204495,0.13578591414023625,0.008637339837404024,1.0097771927353623
2025-09-04,0.007076989751045535,0.007285569682185264,0.008620155445092738,0.11565483323096458,0.13684072542260808,0.006169442338513174,0.71569966200845
2025-09-05,2.4406401915468457e-4,0.007273223569678212,0.00828691458947695,0.11545884477085208,0.13155069083873352,-6.634833933776764e-4,-0.08006398355066839
2025-09-08,3.844820433898665e-4,0.007051905293151495,0.00757818476785421,0.11194552604915337,0.12029995371023992,-5.230653691424944e-4,-0.06902251464773962
2025-09-09,0.0040791694345856016,0.006837724457322388,0.006957734941703335,0.10854551068595475,0.11045061806430907,0.003171622022053241,0.45584116794147245
2025-09-10,0.004422395162436291,0.00670429598135198,0.00655386598500349,0.1064273992945624,0.10403939713418765,0.00351484774990393,0.53630143764712
2025-09-11,0.0056008947491959305,0.006589702896762673,0.006245143995778878,0.10460829047181584,0.09913858748771473,0.004693347336663569,0.7515194749449852
2025-09-12,-0.004112263093018505,0.006534595207894706,0.0061299218649142695,0.10373348303138286,0.09730949286492258,-0.0050198105055508655,-0.8189028532782238
2025-09-15,0.004819375454649907,0.0064151010065275,0.006083100823663447,0.10183657139179146,0.09656623187727394,0.003911828042117546,0.6430648045319939
2025-09-16,0.005814165555608744,0.006330710264645355,0.005896956422736802,0.10049690989593306,0.09361128112047992,0.004906618143076383,0.8320594203745534
2025-09-17,0.0017328653638544005,0.006300911852587252,0.0058790233165834215,0.10002387476931085,0.09332660188577932,8.253179513220396e-4,0.14038351387278913
2025-09-18,0.0012355633629565488,0.006123689256141662,0.005495736011432986,0.0972105532679337,0.08724210454508224,3.280159504241878e-4,0.059685536157814696
2025-09-19,0.007982471575244713,0.005944845911280676,0.0051589691220338164,0.09437150318308692,0.08189609591017626,0.007074924162712351,1.37138331231632
2025-09-22,0.0017922267363009354,0.006086371043677317,0.005717902941781355,0.09661814501060893,0.0907688952285486,8.846793237685743e-4,0.15472094101215392
2025-09-23,9.703322744650613e-4,0.00591726307788437,0.005359808256767784,0.09393363927736,0.08508431833438909,6.278486193270038e-5,0.01171401268943203
2025-09-24,-0.0032875100954213496,0.005741920835077066,0.005041504081812492,0.09115016746460541,0.08003139620515733,-0.0041950575079537115,-0.8321043561360221
2025-09-25,0.0013527115094030076,0.005624939016679596,0.005091369834658998,0.08929313866823047,0.08082299049098252,4.451640968706466e-4,0.08743503444598266
2025-09-26,0.0032981691790388012,0.0054636372784568005,0.004817544174249331,0.08673255295595071,0.0764761428907905,0.0023906217665064402,0.4962324537229483
2025-09-29,2.3698775714801413e-4,0.0053584445101096225,0.004693394102182265,0.08506266952733635,0.07450532159514928,-6.705596553843468e-4,-0.1428730766658951
2025-09-30,3.1508469191643624e-5,0.005195529011147065,0.004487837499339374,0.08247646615749878,0.07124221168633191,-8.760389433407173e-4,-0.19520291086067026
2025-10-01,0.005167704919216365,0.005037258179838353,0.004323061919103183,0.07996399460086893,0.06862648044168392,0.0042601575066840034,0.985449106768235
2025-10-02,3.0460194992661452e-5,0.005045180097880855,0.004543358242210857,0.08008975115115151,0.07212357615579294,-8.770872175396996e-4,-0.19304821913248413
2025-10-03,0.005840469499518756,0.00489148927794579,0.004369215928417273,0.07764998502110078,0.069359152625605755,0.004932922086986396,1.1290176928319773
2025-10-06,9.62252574139307e-4,0.004953557545176158,0.004697959688867392,0.07863528821750229,0.07457779803689699,5.470516160694605e-5,0.011644451044690562
2025-10-07,-0.00321703955282789,0.004808432615016623,0.0044827385195911635,0.07633150137207581,0.07116126789220838,-0.0041245869653602505,-0.9201042950273225
2025-10-08,-0.010506906643810819,0.004728078189860423,0.004643547968603724,0.07505591441783466,0.07371403875554772,-0.01141445405634318,-2.458132043325356
2025-10-09,0.0028149395276317324,0.005257104260005992,0.006559678922345206,0.08345394292988459,0.10413167465374554,0.0019073921150993714,0.2907752250802915
2025-10-10,-0.006831536167085391,0.005143379196714176,0.006123830173857635,0.08164861351805323,0.09721279026732443,-0.007739083579617751,-1.2637652188095554
2025-10-14,0.013895128174790142,0.005259969750070087,0.00656962799558943,0.08349943117444812,0.10428961129522424,0.01298758076225778,1.9769126609569205
2025-10-15,0.009208681407768945,0.006131208696903414,0.008195875157723485,0.09732992068945698,0.13010548466321173,0.008301133995236583,1.0128429039593052
2025-10-16,-0.014064910031599523,0.006358003277450585,0.008276192635611284,0.1009301730424071,0.13138048509775,-0.014972457444131884,-1.8090996794477114
2025-10-17,-0.0018783688916064745,0.00706173172722721,0.009867560962940449,0.11210151585418685,0.1566426741282568,-0.002785916304138836,-0.28233079223952995
2025-10-20,0.008355197319752981,0.00686204545814621,0.00903775622525541,0.10893159460485093,0.14346993229231,0.00744764990722062,0.8240596140896846
2025-10-21,2.9638444240581696e-4,0.006960672893665208,0.008813975821115722,0.1104972566058389,0.13991752850645114,-6.11162970126544e-4,-0.06934021405667751
2025-10-22,-7.463942338290692e-4,0.0067490132411272725,0.008038809860431798,0.10713726378662858,0.12761215036581833,-0.0016539416463614304,-0.20574459093781702
2025-10-23,0.003793900599995033,0.0065459648033207585,0.007389314192511779,0.10391396976341137,0.11730172627623736,0.0028863531874626725,0.39061178240162797
2025-10-24,0.00628872880440782,0.006414226126329962,0.006898811971181232,0.1018226830992135,0.10951524490524503,0.005381181391875459,0.7800156627481006
2025-10-27,0.007540660850611225,0.006406765610683409,0.006759141396606402,0.10170425108489498,0.10729804327045402,0.0066331134380788635,0.9813544426529065
2025-10-28,0.004231645977179047,0.006480396655966197,0.006845112759214617,0.10287310769244694,0.10866279634246219,0.003324098564646686,0.4856163341023006
2025-10-29,-0.011279875302067236,0.006367905309449013,0.006472083261008679,0.10108736292725937,0.10274113663879743,-0.012187422714599596,-1.8830756996009625
2025-10-30,0.001620588353199041,0.006763973695847256,0.007908639619175964,0.10737475364276569,0.12554576184703303,7.130409406666801e-4,0.09015974617654597
2025-10-31,0.005635513041140442,0.00656991918863986,0.007248685193516221,0.10429423384159393,0.11506931012544017,0.00472796562860808,0.6522514776662028
2025-11-03,0.0072678705465873215,0.006517633641955843,0.006961327543312199,0.10346422651946012,0.11050764884680978,0.00636032313405496,0.9136652591739304
2025-11-04,-0.0071436156110838795,0.0065650660263417305,0.006959762549445386,0.10421719227851542,0.11048280533936021,-0.008051163023616241,-1.1568157629541294
2025-11-05,0.0014272135009317417,0.006601209060039539,0.0072654182332619974,0.10479094515126638,0.11533493889651307,5.196660883993806e-4,0.07152597024907444
2025-11-06,0.0010626537148424133,0.006409650512603766,0.0066856543309899,0.10175004748312344,0.10613147226924712,1.5510630231005241e-4,0.023199868648770966
2025-11-07,3.053891600415805e-4,0.006219835728309754,0.006179625362355415,0.09873683119669148,0.09809851142603901,-6.021582524907806e-4,-0.09744251749611936
2025-11-10,0.008189478315533589,0.006030818422923481,0.005748382343688924,0.09573627449545373,0.0912527407338931,0.007281930903001228,1.2667791506589618
2025-11-11,0.0028223287212400714,0.006181632300945485,0.006194060886652125,0.09813037058847443,0.09832766827004256,0.0019147813087077106,0.30913181897097
2025-11-12,0.012464094712090607,0.006033055245436694,0.005811933275473277,0.09577178295203544,0.09226158050042006,0.011556547299558247,1.9884170639617633
2025-11-13,-0.010541335321681536,0.0065981141001304035,0.0073061700463348854,0.10474181418584266,0.11598185387370818,-0.011448882734213897,-1.56701564042534
2025-11-14,0.001122864411335171,0.006898564207100425,0.008282913690907896,0.10951131177239525,0.1314871785429265,2.153169988028099e-4,0.025995320830055492
2025-11-17,-7.299645171055892e-4,0.006694059030326254,0.007570028294275539,0.1062648927349767,0.12017047370625333,-0.0016375119296379503,-0.21631516633514278
2025-11-18,-0.002326334772113211,0.006492593596951599,0.006981594678578569,0.10306672812806555,0.11082937964502491,-0.003233882184645572,-0.4632010784825424
2025-11-19,-0.0025395831452224202,0.006320542328517615,0.006579550917938518,0.10033549891388834,0.10444713280411239,-0.0034471305577547817,-0.5239157809929715
2025-11-20,-0.005307743203212404,0.006159486095452913,0.006259955291307396,0.09777881047517198,0.09937370951509358,-0.006215290615744765,-0.9928650168437061
2025-11-21,0.009231917608814772,0.00611172979582278,0.0063795225418918945,0.09702070272102385,0.10127178077505954,0.008324370196282412,1.3048578701022597
2025-11-24,0.004763875664241135,0.0063423769042430566,0.00688477627656067,0.10068211205800108,0.1092924351605807,0.0038563282517087736,0.5601239745200878
2025-11-25,0.010188271461572048,0.006258903321541892,0.006558037894708645,0.09935701001277589,0.10410562414762,0.009280724049039688,1.415167798363569
2025-11-26,0.008335988001857714,0.0065613635064355825,0.0072292999330828426,0.10415841659713981,0.11476157865619853,0.007428440589325354,1.0275463264888487
2025-11-27,1.025931911961172e-4,0.006681146859469302,0.007356414737979652,0.10605991837713587,0.11677946362646725,-8.049542213362437e-4,-0.10942208263224083
2025-11-28,0.004282280466767522,0.006477660957328772,0.006769738381223315,0.10282967982290707,0.1074662651861152,0.0033747330542351606,0.4985027284947066
2025-12-01,-0.009972893777601187,0.006367319808928944,0.006413129775463027,0.10107806839464777,0.10180527906875202,-0.010880441190133547,-1.6965883384681673
2025-12-02,0.015408322690902976,0.006639104794638143,0.007519180887427376,0.10539252128825446,0.11936329614625675,0.014500775278370615,1.9285046463793654
2025-12-03,-0.0010967097823455507,0.007461771519857445,0.009236833502837336,0.11845195068916356,0.1466301861013033,-0.0020042571948779117,-0.2169853114990382
2025-12-04,0.018525263123594243,0.007239441864017136,0.008448506661853384,0.11492257681859533,0.13411588546281913,0.017617715711061882,2.08530529905471
2025-12-05,0.0046464713791946055,0.008357994365889397,0.010729260345556555,0.13267904730853403,0.17032172775605747,0.003738923966662244,0.3484791911318185
2025-12-08,-0.0015685514779597933,0.008182914359058456,0.009848030581803885,0.12989973836284904,0.15633263893927088,-0.0024760988904921543,-0.25143086934226416
2025-12-09,0.0037449886415285754,0.007942927885078936,0.009004507206877337,0.12609007119383456,0.14294212048851762,0.002837441228996215,0.31511343861539404
2025-12-10,0.010104573242096421,0.007755397706102592,0.008289268723612232,0.12311312189248952,0.1315880615595826,0.00919702582956406,1.1095099141093179
2025-12-11,0.006438186842028107,0.007916032212499235,0.0085167255948559,0.1256631156278963,0.13519882745140413,0.005530639429495746,0.649385655073383
2025-12-12,-0.002691232688793991,0.007835226034948694,0.008118928700812468,0.12438035732671752,0.12888399752768712,-0.003598780101326352,-0.44325800040173025
2025-12-15,0.005046732820678948,0.00762508262255089,0.007580699568931489,0.12104443407353907,0.12033987493972359,0.004139185408146587,0.546016283920616
2025-12-16,-0.00400193679423418,0.00749543478595358,0.0071736236611566325,0.11898633847161494,0.11387774523953478,-0.004909484206766541,-0.6843799505890117
2025-12-17,-0.010438438051725526,0.007332910742601244,0.00692156328709405,0.11640634926694118,0.10987641084867374,-0.011345985464257888,-1.639222960716637
2025-12-18,0.008692762646547761,0.007555325572005617,0.00798823238994601,0.11993707522592215,0.1268092579127297,0.0077852152340154,0.9745854719767385
2025-12-19,0.008422746862513281,0.007628355994237216,0.008020101656153572,0.12109639723812327,0.12731516682983765,0.007515199449980921,0.9370454106669264
2025-12-22,-0.0012503015239896758,0.007678337459823227,0.007999359649678635,0.12188982840674197,0.1269858976848866,-0.002157848936522037,-0.26975270909449933
2025-12-23,0.0018161972433828328,0.007450721402130305,0.007378364263905512,0.11827653550837956,0.1171279015484408,9.086498308504717e-4,0.12315057895630456
2025-12-24,0.0012399331167472494,0.007237428327316624,0.006791152143559874,0.11489061291440379,0.10780619812477585,3.3238570421488837e-4,0.04894393428221064
2025-12-29,0.0031934640422063283,0.007023517118474389,0.006272150749404347,0.11149487774692927,0.09956730641058785,0.0022859166296739673,0.36445498856848363
2025-12-30,-0.002594542883655848,0.006854334242362602,0.0059022122906346106,0.10880918284923465,0.09369471543676837,-0.0035020902961882096,-0.5933521404753914
2025-12-31,-0.004121964376597694,0.006675843257459749,0.005700586912876511,0.10597572630531503,0.09049401179148406,-0.005029511789130054,-0.8822796434818617
2026-01-02,0.009089364942953647,0.006550748478273072,0.005741169219142911,0.10398990824907212,0.09113823593154619,0.008181817530421284,1.4251134600144626
2026-01-05,0.013390964639888422,0.006730123371234203,0.006386948441828886,0.10683739639841602,0.10138966328202431,0.01248341722735606,1.9545198056713085
2026-01-06,-0.011102278543149841,0.0073031474718586505,0.007935969917374828,0.11593387199140845,0.12597961688078163,-0.012009825955682204,-1.5133406604009634
2026-01-07,-0.001914007507917,0.00758494828900986,0.008867824422075017,0.12040732128002976,0.14077234854597342,-0.002821554920449361,-0.3181789338798313
2026-01-08,0.004541142032849201,0.0073688099173854485,0.008169636828867587,0.11697623099944986,0.12968896410538788,0.00363359462031684,0.4447681942822055
2026-01-09,0.0013668206466543877,0.007230402221204242,0.0076270847630266645,0.11477907693765271,0.12107621706827136,4.592732341220268e-4,0.06021609152010694
2026-01-12,-9.256813294966659e-5,0.007018125477959108,0.006999518759083231,0.11140928810715671,0.11111391560199393,-0.0010001155454820276,-0.1428834724078972
2026-01-13,-0.0023714153314495414,0.006804362882920803,0.006465019482466223,0.10801591211068172,0.10262900263075879,-0.0032789627439819024,-0.5071852842632224
2026-01-14,-8.506459613058701e-4,0.006622598404582306,0.006147359427437779,0.10513049046946743,0.09758630558837265,-0.0017581933738382311,-0.28600790218818334
2026-01-15,0.006232861878312124,0.006424227343717118,0.005763225192727489,0.10198144750329935,0.09148836365771539,0.005325314465779762,0.9240163775831077
2026-01-16,0.002022829563198269,0.006412906453206996,0.00583813433909703,0.10180173393784189,0.09267750949102305,0.0011152821506659081,0.19103399920023184
2026-01-19,-0.003124194980043959,0.006237255597891899,0.005470000786402207,0.09901336305340469,0.0868335705128879,-0.00403174239257632,-0.737064316809381
2026-01-20,-0.013269002227779306,0.006095473042039289,0.005411297746134779,0.09676263475520591,0.08590168863838174,-0.014176549640311667,-2.6198058775157578
2026-01-21,0.005759214108703707,0.006744589632965284,0.007865359816236804,0.10706704118406328,0.12485871627481965,0.004851666696171346,0.6168397644257596
2026-01-22,0.0058585800561213874,0.006689561479429734,0.007491562950380896,0.10619349632789041,0.11892487498735901,0.004951032643589026,0.660881137405019
2026-01-23,-0.0028461567322069312,0.006642634751082202,0.007190892483246832,0.10544855760959368,0.1141518792916489,-0.0037537041447392927,-0.5220081030949332
2026-01-26,-0.004365087480940869,0.006477897586313405,0.0068053339574996674,0.10283343619158503,0.10803132744172275,-0.00527263489347323,-0.7747797428313772
2026-01-27,-6.727567733827802e-4,0.006370918853149452,0.006667436243707889,0.10113520145043768,0.1058422690993783,-0.0015803041859151412,-0.23701826731473985
2026-01-28,-0.008445268118078794,0.00617903282981877,0.006199708239477423,0.09808910526362495,0.09841731721689202,-0.009352815530611154,-1.5085896254046158
2026-01-29,0.010044193579037481,0.006337899740800083,0.006989192272660432,0.10061103929170649,0.11094998771204308,0.00913664616650512,1.30725351515151
2026-01-30,-0.011504502473792661,0.006619062185548525,0.007513779767933456,0.10507435473259838,0.11927755603236323,-0.012412049886325023,-1.6519049359545916
2026-02-02,0.017245670621124625,0.007008885774027067,0.008670846049882074,0.11126261235440442,0.13764541382708834,0.016338123208592265,1.8842594038230525
2026-02-03,0.0064642338077196175,0.008001362403747048,0.01050599676636928,0.12701769042010005,0.16677752831197123,0.005556686395187256,0.5289061589067636
2026-02-04,0.0012850288687568103,0.007917554636400233,0.009809211854732006,0.12568728335808868,0.15571641075100517,3.7748145622444937e-4,0.03848234310918168
2026-02-05,7.288329461891768e-4,0.00768280476693064,0.008910570855180024,0.12196074470856016,0.14145092713455887,-1.7871446634318416e-4,-0.02005645533240906
2026-02-06,0.011176663259117701,0.007450894683819715,0.008119728686522176,0.1182792862699212,0.12889669690712888,0.010269115846585339,1.2647116970337817
2026-02-09,0.012253724675870898,0.007725279916642063,0.008605192384378542,0.12263501680678014,0.13660319419759537,0.011346177263338537,1.3185268564054242
2026-02-10,0.003858082786512488,0.008068976323485381,0.009203860028783045,0.12809102812086354,0.14610674842804633,0.0029505353739801266,0.32057586325226345
2026-02-11,-0.00882870543148617,0.007880035808401166,0.008469422884720176,0.12509169042787985,0.13444792020725313,-0.009736252844018531,-1.1495768928463668
2026-02-12,-0.01475050885527925,0.007940152949215825,0.008762262190049563,0.12604602045264687,0.13909660006329194,-0.01565805626781161,-1.7869878723319788
2026-02-13,0.004440359357225809,0.008503994227120842,0.010380356541857807,0.13499672325414408,0.16478305157962916,0.003532811944693448,0.3403362813644905
2026-02-17,0.0023861579330084295,0.008316360394985808,0.00953032746579242,0.13201812850991604,0.15128925832497103,0.0014786105204760685,0.15514792390747364
2026-02-18,0.010072369556226183,0.008084167501172072,0.008686347958571388,0.1283321805905506,0.13789149899852088,0.00916482214369382,1.0550834697624898
2026-02-19,0.003976438014469452,0.00821703693824105,0.008821419306924155,0.13044141751450455,0.14003569018047046,0.0030688906019370908,0.34789079797263933
2026-02-20,0.012440040916456487,0.008026035001090379,0.008145411846177762,0.12740935576071097,0.12930440442711516,0.011532493503924126,1.4158269368952479
2026-02-23,-0.010609177373527937,0.00835688223254288,0.00890604984368648,0.13266139273897626,0.14137915830204056,-0.011516724786060297,-1.2931350024078891
2026-02-24,-0.004902015212276344,0.008508848951665204,0.009466854881232048,0.1350737896171127,0.15028166228206746,-0.0058095626248087055,-0.6136739918054632
2026-02-25,0.028025905230872374,0.008336561943739286,0.00895228886829022,0.1323388181545163,0.14211318006184676,0.027118357818340013,3.0292094253566346
2026-02-26,0.009642670516282276,0.010604501448907648,0.014080745558210133,0.16834124166980258,0.22352490612840822,0.008735123103749916,0.6203594168816354
2026-02-27,-0.020740916145081906,0.010549264884446977,0.013214482273280582,0.16746438839275943,0.20977340279743137,-0.021648463557614267,-1.638237738710886
2026-03-02,0.007295193774329818,0.01142019730032418,0.015033621776777915,0.181290011879694,0.23865134715575612,0.006387646361797457,0.4248907187264951
2026-03-03,-0.011917753773477275,0.011215562541751217,0.01380003828791263,0.17804153579499118,0.21906881635791833,-0.012825301186009637,-0.929367072643794
2026-03-04,0.0069949188646208915,0.011258929071655571,0.013570715210839976,0.1787299581150958,0.2154284253669843,0.00608737145208853,0.4485667378257321
2026-03-05,-0.010932243305378193,0.011049588598925051,0.012502680677508222,0.17540678113398184,0.19847390276603583,-0.011839790717910555,-0.9469801735566855
2026-03-06,-0.017081335281713995,0.011042583046300533,0.012350282586530434,0.17529557143373553,0.1960546580719865,-0.017988882694246356,-1.4565563636467347
2026-03-09,-0.008165994841442276,0.011494722389634166,0.013504110612309893,0.1824730609961886,0.21437111014368093,-0.009073542253974639,-0.6719096513992933
2026-03-10,0.0071414113107854385,0.01132262922429677,0.012766598188181886,0.17974116668928855,0.2026634633653023,0.006233863898253077,0.4882948304916341
2026-03-11,-0.001775145319087105,0.011116195479049212,0.01181988214352356,0.17646413257646837,0.18763481206713842,-0.002682692731619466,-0.22696442308347275
2026-03-12,-0.015916092406627076,0.010786319217738769,0.010743783734731584,0.17122750927136124,0.1705522794117631,-0.016823639819159436,-1.5658952408706268
2026-03-13,-0.007601348087024192,0.011160793931469237,0.012059606150079772,0.17717211106023878,0.19144031269497694,-0.008508895499556553,-0.705569932688081
2026-03-16,0.01740894144688846,0.010979815639357689,0.011475478624041606,0.17429916973846862,0.1821675756879106,0.0165013940343561,1.4379700032541556
2026-03-17,0.003860185164915745,0.01146766083052242,0.012510288448606055,0.18204347206319246,0.19859467238817405,0.0029526377523833836,0.23601676048583659
2026-03-18,-0.009136207078158468,0.011158443977495713,0.01136354586339678,0.17713480669740042,0.18039069819854783,-0.010043754490690828,-0.8838574342400338
2026-03-19,-0.01188510674753155,0.011047553415370994,0.011124477503213086,0.17537447359664343,0.1765956056342074,-0.012792654160063912,-1.1499555063479616
2026-03-20,-0.015159793289768981,0.011099589002371214,0.01143250491642834,0.17620051293181052,0.18148538922835597,-0.01606734070230134,-1.4054085976567403
2026-03-23,0.020140922233928823,0.011384111006819016,0.012376904243198228,0.1807171597295775,0.19647726377017566,0.019233374821396462,1.5539729841544367
2026-03-24,0.003162297939985792,0.012089727429377113,0.013827001046587226,0.19191847318012825,0.21949683688259772,0.002254750527453431,0.16306865963606385
2026-03-25,0.00959723336345301,0.011746992230069348,0.012498104395071808,0.18647772056262923,0.19840125653450016,0.008689685950920649,0.6952803142168602
2026-03-26,-0.018690033297548144,0.011629218811255792,0.011868126532648134,0.18460812549922206,0.18840066800180552,-0.019597580710080505,-1.6512783762600902
2026-03-27,-0.008458047962343894,0.012168954229113904,0.013559432571368473,0.19317615963577864,0.2152493190179403,-0.009365595374876254,-0.6907070281578191
2026-03-30,-0.0015212477599779728,0.011978762654316664,0.012850981054646753,0.19015696198553922,0.2040029998427872,-0.002428795172510334,-0.18899686819101738
2026-03-31,0.025875334518067224,0.011619817603111454,0.011641848163538906,0.18445888594658125,0.18480861025138776,0.024967787105534864,2.1446583699426225
2026-04-01,0.012864265746010073,0.012926365600860783,0.014915773739506054,0.20519969241466587,0.2367805675610456,0.011956718333477712,0.8016156950550302
2026-04-02,0.0026543819577215886,0.012922648025049974,0.014349966615961158,0.2051406777282133,0.22779865792747406,0.0017468345451892278,0.12173091352325945
2026-04-06,0.006581804386996959,0.012545831446150431,0.012946764672200527,0.19915889998228725,0.20552351763311563,0.0056742569744645975,0.4382760572336995
2026-04-07,0.006793321688157087,0.012270013138298815,0.011925575118014824,0.19478042008460306,0.1893126360221219,0.005885774275624725,0.49354217447623555
2026-04-08,0.01754599959319632,0.012012034891837067,0.01106128876647667,0.19068514238178919,0.17559251553581806,0.01663845218066396,1.504205570610356
2026-04-09,0.012058342011278459,0.012413837819611436,0.012241676937993788,0.19706356611948095,0.19433059684995738,0.011150794598746096,0.9108878346673255
2026-04-10,0.010303969425737636,0.012392795647898665,0.012022004753090796,0.19672953199910068,0.1908434090226883,0.009396422013205275,0.7816019213259338
2026-04-13,0.008910244067321771,0.012277491929866362,0.011567612394120479,0.19489914222017315,0.1836301539457876,0.00800269665478941,0.69181922614013025
2026-04-14,0.009725544049168772,0.0121019067325365,0.010995281056957445,0.19211181362393903,0.17454467563181292,0.008817996636636412,0.8019801031876924
2026-04-15,0.0069638821249929555,0.011972633385866738,0.010631533866414515,0.19005966286531567,0.1687703679941628,0.006056334712460594,0.5696576607438388
2026-04-16,-0.003934348059249249,0.011732563762276188,0.009969026428387935,0.1862486757371468,0.1582533884576696,-0.00484189547178161,-0.48569391470302076
2026-04-17,0.01597574636113064,0.011415893086780505,0.009278988360492204,0.1812216846079363,0.14729937372075194,0.015068198948598278,1.6239053615753198
2026-04-20,0.005355347924655418,0.01173953688943416,0.010581000434294099,0.18635937069906933,0.1679681746284517,0.004447800512123057,0.4203572752636209
2026-04-21,-0.010854444430800561,0.011457246958991894,0.0097722863442998,0.18187815697766158,0.15513023644517876,-0.011761991843332922,-1.2036069583853037
2026-04-22,-0.00404610679675497,0.011421975977940485,0.010177377949660598,0.1813182475115058,0.1615608663210863,-0.0049536542092873314,-0.486731870801018
2026-04-23,0.0012498908834296567,0.011118277831519382,0.00946844358146986,0.17649718889713667,0.15030688211648996,3.423434708972957e-4,0.036156256089150296
2026-04-24,0.0046181809154767954,0.01078391716658436,0.008610577725787622,0.17118937789141508,0.136688683842157,0.003710633502944435,0.4309389707767858
2026-04-27,0.002298665952754501,0.010516413503970454,0.00801179798941999,0.16694288889496317,0.12718335020695554,0.0013911185402221398,0.17363375138254694
2026-04-28,0.0011656639906107065,0.010211576162230968,0.007356084964520183,0.16210374611555103,0.11677422863509078,2.581165780783455e-4,0.03508885219832174
2026-04-29,-0.011244444939006835,0.009904606847642237,0.006761755294473687,0.15723075931637265,0.10733953761271017,-0.012151992351539196,-1.7971653546041357
2026-04-30,0.021174693280399965,0.0099900658214629,0.008090532899975885,0.15858737846854215,0.1284332281639344,0.0202671458678676,2.505044614295804
2026-05-01,0.0015705022871905783,0.010987055490042474,0.011329859561978167,0.1744140988051157,0.17985594474168853,6.629548746582173e-4,0.058513953419424995
2026-05-04,-0.013146034524824192,0.010659289548878967,0.010254245531813899,0.1692109757937817,0.16278110135864907,-0.014053581937356554,-1.3705135003599411
2026-05-05,0.003164615139526686,0.010824616385318333,0.011040536193020803,0.1718354579593634,0.17526307864524512,0.0022570677269943256,0.20443461146580136
2026-05-06,0.02210520351494682,0.01052344373457773,0.010040381705742002,0.1670544903460409,0.159386118369335,0.02119765610241446,2.1112400627449963
2026-05-07,-0.006821651818198085,0.011550614585335576,0.012788281904500149,0.1833603220965203,0.2030076816905691,-0.007729199230730447,-0.6043970009771656
2026-05-08,0.0010231462583564592,0.011322711312788666,0.0119955468908035,0.1797424698036989,0.19042340347968081,1.1559884582409821e-4,0.009636813300502638
2026-05-11,-0.0019398430520224013,0.010980636305804259,0.010839116969439013,0.17431219741443038,0.17206564759605433,-0.0028473904645547623,-0.26269579639955953
2026-05-12,0.005221673432975212,0.010656720448783227,0.009890701316887174,0.16917019259410235,0.15701001585901508,0.00431412602044285,0.43617999191594253
2026-05-13,-0.012283229506587535,0.010410941440933286,0.009164626879479684,0.16526857180059554,0.14548394149080698,-0.013190776919119898,-1.4393141251233128
2026-05-14,0.01596269221715777,0.010532668380426666,0.010038265112687668,0.16720092705913447,0.15935251849624402,0.015055144804625411,1.4997755723343824
2026-05-15,-0.001634712734849645,0.01093477615630516,0.011118121438987067,0.17358419011045323,0.1764947062426522,-0.002542260147382006,-0.2286591454620433
2026-05-19,0.005085565357772455,0.010609218018153772,0.010120714286016873,0.16841611488540253,0.16066135854683564,0.004178017945240094,0.41281848564904033
2026-05-20,0.01788867982933743,0.010361175369609668,0.009352168057586928,0.16447855990988955,0.148461065397942,0.01698113241680507,1.8157428643542348
2026-05-21,0.011724675169476468,0.010959608099727394,0.011136914974424005,0.17397838499164717,0.1767930443687831,0.010817127756944107,0.9712858347024925
2026-05-22,0.0070761416216715825,0.01100701183734341,0.01107102866963218,0.1747308959973288,0.17574713170507805,0.006168594209139221,0.55718347347972
2026-05-25,0.008567398894759807,0.010811538180442693,0.01035628007306933,0.1716278478931868,0.16440084948645167,0.007659851482227445,0.7396334811518154
2026-05-26,-0.004659396099634987,0.010690183150295216,0.009934957296212802,0.16970139651248498,0.15771255775095444,-0.005566943512167347,-0.560338947233267
2026-05-27,-0.005520227620062008,0.010427167072625337,0.009322528578537855,0.1655261457185281,0.14799055325462188,-0.006427775032594369,-0.6894883698605407
2026-05-28,-0.013424069785424745,0.010199541124455218,0.008906787647807626,0.16191269581370762,0.14139087057936559,-0.014331617197957105,-1.6090669009589311
2026-05-29,0.0038567089405904245,0.010421187061785391,0.010132463065532404,0.1654312159894083,0.1608478646396754,0.002949161528058063,0.29106067389381607
2026-06-01,-0.015450400466893794,0.0101477841729742,0.009278158984876654,0.16109107968028194,0.14728620779101873,-0.016357947879426155,-1.7630596658334392
2026-06-02,0.019515561002433048,0.010541430864888943,0.010918173762252997,0.16734002718765997,0.17332063527547129,0.018608013589900687,1.7043155746644638
2026-06-03,-0.004514472483765926,0.011282991007390743,0.012640431312321697,0.1791119295032043,0.2006606263019822,-0.005422019896298287,-0.42894263354866585
2026-06-04,0.016163911249987357,0.010995015262239954,0.011638373640121253,0.17454045627147927,0.18475345390206227,0.015256363837454996,1.3108673350081625
2026-06-05,-8.497994376215902e-4,0.011371598858283923,0.012346410924764583,0.18051853552923175,0.1959931973468285,-0.0017573468501539513,-0.14233665644718202
2026-06-08,0.005573733525019849,0.011027138998994785,0.011174306079912521,0.1750504047832916,0.17738660976699347,0.004666186112487487,0.41758173430345275
2026-06-09,0.008617519112263827,0.010778029372637579,0.01030402656176594,0.17109591206009125,0.1635713507102196,0.007709971699731466,0.7482484302146543
2026-06-10,-0.0033600321886125455,0.010660753269211612,0.009898400260672886,0.16923421163371646,0.15713223280270425,-0.004267579601144906,-0.4311383141476236
2026-06-11,0.01291948040654763,0.010368700479302911,0.009167367337669296,0.16459801732291038,0.14552744491589548,0.012011932994015269,1.3102925356397
2026-06-12,0.011445221472235959,0.010539171271510713,0.009771611481905538,0.16730415725480244,0.1551195233367923,0.010537674059703597,1.078396749524539
2026-06-15,0.0029726855905878313,0.010595719366694005,0.009933648095007346,0.16820183043661882,0.15769177482611976,0.0020651381780554703,0.20789322898335902
2026-06-16,0.00905658480022479,0.010298704983690893,0.009060948477931608,0.16348687327720568,0.14383809788985757,0.00814903738769243,0.8993580978348807
2026-06-17,0.010060837961330709,0.010228432361572002,0.008943238044336714,0.16237132998458767,0.14196950268579953,0.009153290548798347,1.0234872988307238
2026-06-18,0.005949564932005658,0.01021845421234481,0.009022203324513364,0.16221293177618862,0.14322303764713523,0.005042017519473296,0.5588454768885682
2026-06-19,0.004762267119037045,0.010013772389724526,0.008489933986960334,0.15896370857289638,0.1347735238611128,0.0038547197065046833,0.4540341199855189
2026-06-22,0.005122057217606556,0.00977854030577163,0.007920535989388897,0.1552295150057594,0.1257346108695597,0.004214509805074195,0.5320990663662601
2026-06-23,0.004279535436345128,0.009563304224447242,0.007468933133392293,0.151812748139645,0.11856563777955853,0.0033719880238127662,0.45146849805592687
2026-06-24,-0.003961236996833687,0.009331036697014253,0.007005984983594592,0.1481256154483036,0.11121656373386536,-0.004868784409366048,-0.6949464523213978
2026-06-25,0.0051051350904165824,0.009098661165428136,0.0067776420493528364,0.1444367682441838,0.1075917320280106,0.004197587677884221,0.61932861713832
2026-06-26,-0.0034186115979475775,0.00890967121506501,0.0065061584523801895,0.14143664579047618,0.10328206353227312,-0.0043261590104799385,-0.6649329311826508
2026-06-29,0.005617489953277932,0.008678739597797703,0.006296299000480497,0.13777072001556873,0.09995064801225567,0.004709942540745571,0.7480493763695364
2026-06-30,0.008142672367091614,0.008526116428275516,0.006173879260546343,0.13534790231039576,0.09800729488766985,0.007235124954559254,1.1718928487628049
2026-07-02,-0.014356038479997946,0.008503597383711608,0.006503854969460815,0.13499042356032245,0.10324549687454944,-0.015263585892530306,-2.346852130651938
2026-07-03,0.004674819242351191,0.008963160648273677,0.008831999299068994,0.14228576421871578,0.140203642349,0.00376727182981883,0.42654802182966084
2026-07-06,0.012226290978440264,0.00876522617935644,0.00820684782879803,0.13914365193485986,0.13027967041649988,0.011318743565907903,1.3791828241520643
2026-07-07,0.0063214566930037686,0.009010458925167372,0.008902011515671014,0.1430366010873313,0.141315051832192,0.005413909280471407,0.6081669598989863
2026-07-08,-0.02133759695753697,0.00887213146447301,0.008429313585980447,0.14084072072440124,0.133811204828894,-0.02224514437006933,-2.6390220441041885
2026-07-09,0.012194206899955944,0.010065257888144543,0.012161595340274535,0.15978101552256985,0.1930593408970102,0.011286659487423583,0.9280574769698593
2026-07-10,0.01604446806495844,0.010205526556170465,0.011979666937076474,0.16200771159655503,0.19017131702932327,0.01513692065242608,1.2635510429407735
2026-07-13,-0.002673706795054261,0.01064655358698893,0.012578852592213625,0.16900879866657229,0.19968309442522456,-0.003581254207586622,-0.284704362447449
2026-07-14,0.0078029488728284715,0.010342972472425148,0.011456055435207793,0.16418959787534285,0.1818592421239779,0.00689540146029611,0.601900147855826
2026-07-15,0.01592387892353238,0.010208409056172377,0.010765107038497241,0.16205346986551025,0.17089077636512837,0.015016331511000021,1.394907775398788
