date,portfolio_simple_return,portfolio_log_return,portfolio_pnl,cumulative_wealth_index,cumulative_return
2015-01-05,-0.02596245363886314,-0.02630542745718393,-25962.45363886314,0.9740375463611368,-0.02596245363886318
2015-01-06,-0.013296770559306316,-0.013385964153161446,-13296.770559306316,0.9610859925910231,-0.03891400740897688
2015-01-07,0.002008908978853585,0.002006893819607267,2008.9089788535853,0.9630167268709895,-0.03698327312901051
2015-01-08,0.004618947623775793,0.004608313019745734,4618.9476237757935,0.9674648506932265,-0.03253514930677348
2015-01-09,-0.017501888202397287,-0.017656857075068533,-17501.888202397287,0.9505323890366447,-0.04946761096335528
2015-01-12,-0.013581568861514588,-0.013674642048575636,-13581.568861514588,0.9376226679398435,-0.0623773320601565
2015-01-13,-0.0025015671552922614,-0.0025047013023524432,-2501.5671552922613,0.9352771418696677,-0.0647228581303323
2015-01-14,-0.01605337092239848,-0.01618362214313228,-16053.37092239848,0.9202627909959933,-0.07973720900400671
2015-01-15,-0.005451943054570123,-0.0054668591352231705,-5451.9430545701225,0.9152455706642434,-0.08475442933575661
2015-01-16,0.0010313357933626754,0.0010308043319820486,1031.3357933626755,0.916189496180986,-0.083810503819014
2015-01-19,0.0037369294892717706,0.0037299645146212077,3736.9294892717708,0.9196132317270258,-0.0803867682729742
2015-01-20,-9.760424193531921e-4,-9.765190589275823e-4,-976.0424193531921,0.9187156502034617,-0.08128434979653831
2015-01-21,0.013388028401498662,0.013299200689617138,13388.028401498663,0.9310154414212869,-0.0689845585787131
2015-01-22,0.00486876046891436,0.004856946385771744,4868.76046891436,0.9355483325984277,-0.06445166740157227
2015-01-23,0.007273093903483371,0.00724677250430359,7273.093903483371,0.9423526634726633,-0.05764733652733667
2015-01-26,-0.0028031984638293888,-0.0028071347825525737,-2803.198463829389,0.9397110619340313,-0.06028893806596869
2015-01-27,-0.003144799144036592,-0.0031497544164829474,-3144.7991440365918,0.9367558593908195,-0.06324414060918049
2015-01-28,-0.011304978868446707,-0.011369365864407295,-11304.978868446708,0.9261658541955126,-0.07383414580448744
2015-01-29,0.0025189728756641787,0.0025158055812607937,2518.972875664179,0.9284988408605975,-0.07150115913940247
2015-01-30,-0.03041114984880999,-0.03088316316473447,-30411.14984880999,0.9002621234767395,-0.0997378765232605
2015-02-02,0.015776361494525177,0.01565320828782027,15776.361494525177,0.9144649841765374,-0.08553501582346257
2015-02-03,0.029063415670555363,0.02864908339858995,29063.415670555365,0.941042460127828,-0.058957539872172005
2015-02-04,-0.006488842150657314,-0.006509986203464215,-6488.842150657314,0.9349361841469923,-0.06506381585300769
2015-02-05,0.017436059904500142,0.017285795971375407,17436.05990450014,0.951237787460664,-0.04876221253933599
2015-02-06,0.010770716287952637,0.010713125285125065,10770.716287952637,0.9614832997917826,-0.0385167002082174
2015-02-09,0.002924929603955387,0.002920660320238241,2924.929603955387,0.9642955707590523,-0.035704429240947744
2015-02-10,-0.003953935102490239,-0.003961772569934179,-3953.935102490239,0.9604828086526522,-0.03951719134734777
2015-02-11,0.002657749702537145,0.0026542241311391383,2657.749702537145,0.9630355315516408,-0.03696446844835921
2015-02-12,0.011229535918538331,0.0111669527640879,11229.535918538331,0.9738499736440286,-0.026150026355971412
2015-02-13,0.003458095958231877,0.003452130493214778,3458.095958231877,0.9772176403018111,-0.02278235969818887
2015-02-17,0.0032377628619463987,0.003232532594308012,3237.7628619463985,0.9803816392856193,-0.019618360714380723
2015-02-18,-0.011910381946713325,-0.011981878816191255,-11910.381946713325,0.9687049195081826,-0.031295080491817395
2015-02-19,2.2914959204645152e-4,2.2912334128884101e-4,229.14959204645152,0.9689268978453014,-0.031073102154698606
2015-02-20,-0.008979536750685246,-0.009020095774203641,-8979.536750685247,0.960226383157372,-0.039773616842628035
2015-02-23,-0.00926524862474078,-0.009308438021446519,-9265.24862474078,0.9513296469813833,-0.04867035301861666
2015-02-24,-0.005428271416520192,-0.005443058016534128,-5428.271416520191,0.9461655714509861,-0.05383442854901388
2015-02-25,0.019047315618971175,0.018868186547254112,19047.315618971174,0.9641874857182173,-0.03581251428178267
2015-02-26,0.009694948339959928,0.009648253885940455,9694.948339959928,0.9735352335822913,-0.026464766417708674
2015-02-27,0.0026549527239821957,0.0026514345626578073,2654.952723982196,0.9761199236025832,-0.02388007639741685
2015-03-02,-4.2860647650368655e-4,-4.286983545134816e-4,-428.60647650368657,0.9757015522814828,-0.02429844771851719
2015-03-03,-0.012632582974863804,-0.012713052461075677,-12632.582974863804,0.9633759214635836,-0.03662407853641636
2015-03-04,-0.002456574914068902,-0.0024595972449592265,-2456.574914068902,0.9610093163420981,-0.038990683657901926
2015-03-05,-7.680356467882898e-4,-7.683307372686716e-4,-768.0356467882898,0.9602712269302517,-0.03972877306974831
2015-03-06,-4.791619529918208e-4,-4.792767877648528e-4,-479.1619529918208,0.959811101493754,-0.04018889850624596
2015-03-09,-0.0019764449443893106,-0.0019784006890710853,-1976.4449443893106,0.9579140876946379,-0.04208591230536207
2015-03-10,-0.021193019306982766,-0.021420815549986833,-21193.019306982766,0.9376129959396946,-0.062387004060305395
2015-03-11,0.003991214661734614,0.0039832708943353164,3991.214661734614,0.9413552106761222,-0.058644789323877844
2015-03-12,0.008091229115639198,0.008058670628878554,8091.229115639198,0.9489719313649034,-0.05102806863509657
2015-03-13,-0.00831105695878298,-0.008345786351843696,-8311.056958782981,0.9410849715910434,-0.05891502840895657
2015-03-16,0.008869950920731912,0.008830843986991,8869.950920731912,0.9494323491012945,-0.05056765089870552
2015-03-17,-0.0038494665918463364,-0.0038568948577359873,-3849.4665918463365,0.9457775409922108,-0.054222459007789214
2015-03-18,-0.00145411799159532,-0.0014551762471721197,-1454.11799159532,0.9444022688538072,-0.05559773114619282
2015-03-19,-0.004110481629347832,-0.00411895288087882,-4110.481629347832,0.9405203206769692,-0.059479679323030776
2015-03-20,0.01214463054944692,0.012071476216512262,12144.63054944692,0.9519425924958382,-0.048057407504161764
2015-03-23,0.002045826546298886,0.0020437366930029406,2045.8265462988861,0.9538901019221188,-0.04610989807788124
2015-03-24,0.0057241653034346696,0.005707844521507608,5724.165303434669,0.9593503265468313,-0.04064967345316872
2015-03-25,-0.010365950203420994,-0.0104200508597947,-10365.950203420995,0.9494057488342111,-0.05059425116578886
2015-03-26,-0.004061575853391859,-0.004069846454644038,-4061.5758533918593,0.9455496653696747,-0.05445033463032534
2015-03-27,-0.00850070001866295,-0.008537037042367133,-8500.70001866295,0.9375118313116199,-0.06248816868838014
2015-03-30,3.102760038576715e-4,3.1022787821295103e-4,310.2760038576715,0.9378027187362085,-0.06219728126379154
2015-03-31,0.012430594962758593,0.012353969464093168,12430.594962758592,0.949460164487792,-0.050539835512207976
2015-04-01,-0.00107263108436223,-0.0010732067647824268,-1072.63108436223,0.9484417440019988,-0.051558255998001234
2015-04-02,0.00487163697544161,0.004859808951037298,4871.63697544161,0.9530622078711312,-0.04693779212886884
2015-04-06,0.0025627564987969476,0.0025594782380889895,2562.7564987969477,0.9555046742381106,-0.044495325761889415
2015-04-07,0.009026763755586012,0.008986266050002701,9026.763755586013,0.9641297891998163,-0.03587021080018371
2015-04-08,0.004296708785464287,0.004287504288879284,4296.708785464287,0.9682723741353989,-0.031727625864601094
2015-04-09,0.008387173164169185,0.00835219626279579,8387.173164169184,0.9763934422073536,-0.02360655779264642
2015-04-10,0.0032702869708527795,0.003264951212226778,3270.2869708527796,0.9795865289598303,-0.020413471040169662
2015-04-13,0.0018218687218993037,0.0018202111320480918,1821.8687218993036,0.9813712070173363,-0.018628792982663733
2015-04-14,9.009353274794056e-4,9.00529728841069e-4,900.9353274794056,0.9822553590071093,-0.017744640992890748
2015-04-15,0.012014022528617977,0.011942427022851882,12014.022528617978,0.9940561970190764,-0.005943802980923563
2015-04-16,0.004512131154124133,0.004501982008413934,4512.131154124133,0.9985415089545964,-0.0014584910454036315
2015-04-17,-0.002680095502086921,-0.0026836933879266396,-2680.095502086921,0.9958653223478001,-0.004134677652199881
2015-04-20,0.006522171565943405,0.006500994236551781,6522.171565943405,1.002360526836726,0.00236052683672594
2015-04-21,-4.606009920596529e-4,-4.607071012805219e-4,-460.60099205965287,1.0018988385836634,0.0018988385836633537
2015-04-22,-0.004058101809281955,-0.004066358248981329,-4058.1018092819554,0.9978330310940895,-0.0021669689059105046
2015-04-23,0.004757323250301352,0.004746042949923627,4757.323250301351,1.0025800453728322,0.002580045372832185
2015-04-24,0.001898217078769267,0.001896417741392335,1898.217078769267,1.0044831599377921,0.004483159937792136
2015-04-27,0.0017374129264978722,0.001735905370571477,1737.4129264978721,1.0062283619643173,0.006228361964317308
2015-04-28,0.002178059260210548,0.002175690727719296,2178.059260210548,1.0084199869659802,0.00841998696598023
2015-04-29,-0.001027222621954926,-0.0010277505766947885,-1027.2226219549261,1.0073841151429375,0.007384115142937464
2015-04-30,-0.007986856822713826,-0.00801892261438236,-7986.856822713827,0.9993382824498145,-6.617175501855144e-4
2015-05-01,0.0029210616513434626,0.0029168036406837868,2921.0616513434625,1.0022574111833982,0.0022574111833981725
2015-05-04,0.002320585253015132,0.002317896853360635,2320.585253015132,1.0045832349515154,0.004583234951515358
2015-05-05,-0.010164493591967378,-0.010216504802197908,-10164.493591967377,0.9943721550972529,-0.005627844902747148
2015-05-06,-0.007157986658927843,-0.007183727956227609,-7157.986658927843,0.9872544524770573,-0.012745547522942657
2015-05-07,-0.0017100664126094194,-0.0017115302452492427,-1710.0664126094193,0.9855661817971773,-0.014433818202822746
2015-05-08,0.0037329629837381155,0.003726012768646304,3732.9629837381153,0.9892452638718503,-0.0107547361281497
2015-05-11,0.002397191608968359,0.00239432292876605,2397.191608968359,0.9916166743176157,-0.008383325682384313
2015-05-12,-0.004701146455466635,-0.004712231600034707,-4701.1464554666345,0.9869549391039658,-0.013045060896034189
2015-05-13,-0.001191761273197552,-0.0011924719853859884,-1191.7612731975519,0.9857787244291507,-0.01422127557084929
2015-05-14,0.0016084638036029848,0.001607171611143531,1608.4638036029849,0.9873643138257568,-0.012635686174243155
2015-05-15,-0.0017024372979509057,-0.0017038880911510836,-1702.4372979509058,0.9856833879912341,-0.014316612008765883
2015-05-19,0.009132320825878965,0.009090873334131742,9132.320825878965,0.9946849649231093,-0.005315035076890684
2015-05-20,-0.0059316380411130005,-0.005949300083901684,-5931.638041113,0.9887848537462482,-0.011215146253751751
2015-05-21,0.00985252495657385,0.00980430529747423,9852.524956573849,0.9985268811944653,-0.00147311880553469
2015-05-22,-0.0024015685736427463,-0.002404456964822706,-2401.5685736427463,0.9961288504166512,-0.0038711495833487763
2015-05-25,4.639807243173218e-4,4.638731185444358e-4,463.9807243173218,0.996591035002181,-0.003408964997818953
2015-05-26,-0.00839942645395277,-0.00843490041662263,-8399.426453952768,0.9882202418990115,-0.011779758100988524
2015-05-27,0.003321536375645621,0.003316032258414352,3321.536375645621,0.9915026513796283,-0.008497348620371659
2015-05-28,-0.002031844876111577,-0.0020339118732648417,-2031.8448761115772,0.9894880717977715,-0.01051192820222846
2015-05-29,-0.010173626546323828,-0.01022573158425541,-10173.626546323829,0.979421389683259,-0.02057861031674102
2015-06-01,0.0013669176928833848,0.0013659843113674804,1366.917692883385,0.9807601781096056,-0.019239821890394415
2015-06-02,0.003946768799556799,0.003939000740026608,3946.768799556799,0.9846310117804165,-0.015368988219583546
2015-06-03,0.008912374341481472,0.00887289353834714,8912.374341481473,0.9934064119456351,-0.0065935880543649406
2015-06-04,-0.007871274829605849,-0.00790241683918296,-7871.274829605849,0.9855870370597184,-0.014412962940281604
2015-06-05,-9.89721966039618e-4,-9.902120642252933e-4,-989.7219660396179,0.9846115799196964,-0.01538842008030361
2015-06-08,-0.01444906511676197,-0.014554469419279617,-14449.06511676197,0.9703848630867189,-0.029615136913281104
2015-06-09,0.00471392463215764,0.0047028488826323525,4713.92463215764,0.9749591841954963,-0.02504081580450368
2015-06-10,0.0023979116200813313,0.002395041217744123,2397.9116200813314,0.9772970501523839,-0.022702949847616116
2015-06-11,-0.0012186793790998813,-0.0012194225726855621,-1218.6793790998813,0.9761060383901079,-0.0238939616098921
2015-06-12,-0.0036068423074505636,-0.0036133626464439246,-3606.8423074505636,0.9725853778342846,-0.02741462216571544
2015-06-15,0.004176424157434281,0.004167727104707977,4176.4241574342805,0.976647306901439,-0.023352693098561028
2015-06-16,0.0018238719067456368,0.0018222106719924188,1823.8719067456368,0.9784285864872952,-0.02157141351270475
2015-06-17,-0.006706447050756662,-0.006729036319247354,-6706.447050756662,0.9718668069790716,-0.028133193020928426
2015-06-18,-0.0023897993951796552,-0.0023926595234180477,-2389.799395179655,0.9695442402715577,-0.030455759728442278
2015-06-19,-0.010790725014214112,-0.01084936712955457,-10790.725014214111,0.9590821549856723,-0.040917845014327714
2015-06-22,0.008246025347998972,0.008212212634137057,8246.025347998971,0.9669907707464976,-0.03300922925350236
2015-06-23,0.009888855023591046,0.009840280266726453,9888.855023591046,0.9765532022875602,-0.02344679771243985
2015-06-24,0.004446854928110071,0.004436996882794886,4446.85492811007,0.9808957927077143,-0.01910420729228568
2015-06-25,0.0012147813718598743,0.0012140441219737146,1214.7813718598743,0.9820873666444314,-0.017912633355568586
2015-06-26,0.001161669156482766,0.0011609949409612731,1161.6691564827659,0.9832282272472337,-0.016771772752766312
2015-06-29,-0.024365660205839464,-0.024667414618828504,-24365.660205839464,0.9592712223573377,-0.04072877764266225
2015-06-30,-0.0018305772077953177,-0.001832254761826228,-1830.5772077953177,0.9575152023215965,-0.04248479767840352
2015-07-02,-0.0025041849567026078,-0.0025073256722353333,-2504.184956702608,0.9551174071561287,-0.044882592843871305
2015-07-03,0.006234955083370704,0.0062155981689195755,6234.9550833707035,0.9610725212890926,-0.038927478710907404
2015-07-06,-0.0028216660172338446,-0.0028256544211863336,-2821.6660172338447,0.9583606956156738,-0.04163930438432617
2015-07-07,0.003440024031044745,0.003434120682943276,3440.0240310447452,0.9616574794390006,-0.038342520560999405
2015-07-08,-0.011509160120665033,-0.011575903101973577,-11509.160120665032,0.950589609526902,-0.04941039047309803
2015-07-09,-0.005439965172795564,-0.005454815665263698,-5439.965172795564,0.9454184351574544,-0.054581564842545616
2015-07-10,0.011306169975716207,0.011242732941408099,11306.169975716208,0.9561074966835201,-0.04389250331647987
2015-07-13,0.0012388517841538382,0.0012380850404714744,1238.8517841538383,0.9572919721616293,-0.04270802783837069
2015-07-14,-0.002331315599773583,-0.002334037346977111,-2331.315599773583,0.9550602224533908,-0.04493977754660916
2015-07-15,0.00676013679314787,0.006737389527291305,6760.13679314787,0.9615165602028699,-0.03848343979713009
2015-07-16,0.008286952963298769,0.008252804695606531,8286.952963298769,0.9694846027107039,-0.030515397289296087
2015-07-17,-0.007224109080617157,-0.007250329311475142,-7224.109080617157,0.9624809401887431,-0.037519059811256916
2015-07-20,-0.007971393257889443,-0.008003334671411578,-7971.393257889443,0.9548086261112754,-0.04519137388872463
2015-07-21,-0.00448669108871369,-0.00449678649514051,-4486.69108871369,0.950524694757075,-0.04947530524292498
2015-07-22,-0.0025638265913882075,-0.0025671188231283135,-2563.8265913882074,0.9480877142688856,-0.051912285731114394
2015-07-23,-0.0042549004887486395,-0.004263978337212291,-4254.90048874864,0.9440536953900663,-0.05594630460993366
2015-07-24,-0.007194207914417049,-0.007220211017719414,-7194.207914417049,0.9372619768230565,-0.06273802317694355
2015-07-27,-0.016050102375488224,-0.016180300274460924,-16050.102375488224,0.9222188261423939,-0.07778117385760608
2015-07-28,0.005598388806370758,0.005582776071426482,5598.388806370757,0.9273817656956939,-0.07261823430430614
2015-07-29,0.025573887949658605,0.02525234659265687,25573.887949658605,0.951098523058152,-0.04890147694184799
2015-07-30,0.003617508597000163,0.0036109811501025373,3617.508597000163,0.9545391301419092,-0.045460869858090835
2015-07-31,0.004287611125021906,0.004278445510164086,4287.611125021906,0.9586318227355742,-0.041368177264425765
2015-08-04,-0.0013550756104101689,-0.001355994555619105,-1355.0756104101688,0.9573328041332222,-0.04266719586677781
2015-08-05,0.00777821306214114,0.00774811871567968,7778.213062141141,0.9647791426551474,-0.035220857344852585
2015-08-06,-0.008457341237160501,-0.00849330747697073,-8457.3412371605,0.9566196762272178,-0.043380323772782226
2015-08-07,-0.005346688042695021,-0.00536103273311146,-5346.688042695021,0.951504929242927,-0.048495070757073044
2015-08-10,0.012094900187200977,0.012022341357222315,12094.900187200978,0.9630132863897499,-0.03698671361025008
2015-08-11,-0.008626109240416327,-0.008663529470129227,-8626.109240416326,0.9547062285813797,-0.04529377141862034
2015-08-12,-0.006820223072739107,-0.00684358708657523,-6820.223072739107,0.9481949191335212,-0.051805080866478836
2015-08-13,-0.008868641507001248,-0.008908201980213408,-8868.641507001248,0.9397857183169659,-0.06021428168303411
2015-08-14,0.00517980509079824,0.00516643604656511,5179.80509079824,0.9446536251649637,-0.05534637483503635
2015-08-17,-0.007968195450658853,-0.008000111173566056,-7968.195450658853,0.9371264404464758,-0.06287355955352425
2015-08-18,-1.6960749881224065e-6,-1.6960764264592155e-6,-1.6960749881224064,0.9371248510097594,-0.0628751489902406
2015-08-19,-0.009116634387028625,-0.009158445208283655,-9116.634387028625,0.9285814263681048,-0.07141857363189519
2015-08-20,-0.019096587405636575,-0.019281282373813106,-19096.587405636576,0.9108486899962156,-0.0891513100037844
2015-08-21,-0.017700672667340746,-0.01785920308963755,-17700.672667340747,0.8947260554851165,-0.10527394451488348
2015-08-24,-0.027272881714417014,-0.027651690102353233,-27272.881714417013,0.870324297607064,-0.12967570239293602
2015-08-25,0.022169713187789444,0.021927537865734065,22169.713187789443,0.8896191376653768,-0.11038086233462319
2015-08-26,0.030001352252787914,0.029560115107466978,30001.352252787914,0.9163089147852973,-0.0836910852147027
2015-08-27,0.02674139298007009,0.026390091038845015,26741.39298007009,0.9408122915667125,-0.05918770843328747
2015-08-28,-0.005213899320187251,-0.005227539124950809,-5213.899320187251,0.9359069909992891,-0.06409300900071091
2015-08-31,-0.0015893862766997815,-0.0015906506910074952,-1589.3862766997815,0.9344194732715274,-0.06558052672847259
2015-09-01,-0.026999630408673963,-0.027370816949003684,-26999.630408673962,0.9091904928465284,-0.09080950715347158
2015-09-02,2.9534823804607446e-4,2.953046313411137e-4,295.34823804607447,0.909459020656639,-0.09054097934336103
2015-09-03,0.009528428739380423,0.009483319582141086,9528.428739380424,0.9181247361263524,-0.08187526387364763
2015-09-04,-0.011093281724221343,-0.011155271043579083,-11093.281724221342,0.9079397197705265,-0.09206028022947355
2015-09-08,0.013797000207914707,0.013702688093275642,13797.000207914707,0.9204665642729744,-0.07953343572702565
2015-09-09,-0.00328292733407709,-0.003288327963172091,-3282.92733407709,0.9174447394290186,-0.08255526057098139
2015-09-10,0.0018957128739205964,0.001893918277938295,1895.7128739205964,0.9191839512326648,-0.08081604876733517
2015-09-11,-0.003626848349750855,-0.003633441310165975,-3626.8483497508546,0.9158502104360192,-0.08414978956398078
2015-09-14,2.2834691626074277e-4,2.2832084907182585e-4,228.34691626074277,0.9160593420073291,-0.08394065799267092
2015-09-15,0.00429186932899045,0.004282685525567995,4291.8693289904495,0.9199909490008255,-0.08000905099917455
2015-09-16,0.01987066264005018,0.019675817922926855,19870.66264005018,0.9382717787803204,-0.06172822121967958
2015-09-17,-0.0043904543030913725,-0.004400120651067123,-4390.454303091373,0.9341523394117052,-0.06584766058829483
2015-09-18,-0.017887959855908554,-0.0180498833027905,-17887.959855908553,0.9174422598650056,-0.0825577401349944
2015-09-21,0.0149806359819656,0.014869534461485957,14980.635981965599,0.9311861283945151,-0.06881387160548491
2015-09-22,-0.014914428298876403,-0.015026766759971374,-14914.428298876403,0.9172980196496667,-0.08270198035033327
2015-09-23,-0.005830332891700244,-0.005847395635823148,-5830.332891700244,0.9119498668342118,-0.08805013316578825
2015-09-24,-0.005028347828923881,-0.005041032509725535,-5028.347828923881,0.9073642657012285,-0.09263573429877148
2015-09-25,0.008547818315835731,0.008511492573965808,8547.818315835731,0.9151202505907242,-0.08487974940927578
2015-09-28,-0.010375097723690533,-0.010429294238747236,-10375.097723690533,0.9056257885619173,-0.09437421143808267
2015-09-29,0.01130673370487878,0.011243290368053153,11306.73370487878,0.9158654581894579,-0.08413454181054214
2015-09-30,0.02199623912963248,0.021757811862444812,21996.23912963248,0.9360110538183636,-0.06398894618163642
2015-10-01,0.004399390000223731,0.004389740973573356,4399.3900002237315,0.940128931488631,-0.05987106851136903
2015-10-02,-0.019509232395583498,-0.01970204939780128,-19509.232395583498,0.9217877376824077,-0.07821226231759226
2015-10-05,0.01526903673202325,0.015153638191065164,15269.03673202325,0.9358625485082089,-0.06413745149179106
2015-10-06,0.010964961751123232,0.010905282416127171,10964.961751123232,0.9461242455569101,-0.053875754443089896
2015-10-07,0.011556736377335192,0.011490467379677283,11556.736377335192,0.9570583540430164,-0.042941645956983576
2015-10-08,0.004492208026833236,0.004482148176397751,4492.2080268332365,0.9613576592631964,-0.038642340736803615
2015-10-09,-0.007427171350148049,-0.007454890120603977,-7427.171350148049,0.9542174911990714,-0.0457825088009286
2015-10-13,-0.005672995665264634,-0.005689148223068092,-5672.995665264634,0.9488042195077794,-0.05119578049222062
2015-10-14,-0.008298236744160673,-0.008332858778288184,-8298.236744160673,0.9409308174704453,-0.05906918252955473
2015-10-15,0.0015451223995981609,0.0015439299261701955,1545.1223995981609,0.942384670752991,-0.05761532924700896
2015-10-16,0.005663579249586658,0.005647601483803509,5663.579249586658,0.9477219410193963,-0.05227805898060367
2015-10-19,4.6232404366902674e-4,4.6221720483652183e-4,462.32404366902676,0.9481600956594421,-0.05183990434055785
2015-10-20,0.009719006995511351,0.00967208124980411,9719.00699551135,0.957375270262021,-0.04262472973797904
2015-10-21,-6.4839365243106e-4,-6.486039505041871e-4,-648.39365243106,0.9567545142137885,-0.04324548578621146
2015-10-22,0.015301196206243595,0.015185313504434157,15301.196206243594,0.9713940027569832,-0.028605997243016823
2015-10-23,0.007377298940548688,0.0073502197699218605,7377.298940548689,0.9785602667043777,-0.02143973329562232
2015-10-26,-0.0019842163408282007,-0.001986187505982152,-1984.2163408282008,0.9766185914326976,-0.02338140856730242
2015-10-27,0.00685142890072395,0.0068280645206157215,6851.42890072395,0.9833098242750239,-0.01669017572497611
2015-10-28,0.011715870051860292,0.011647770626256682,11715.870051860293,0.9948301543969477,-0.0051698456030523365
2015-10-29,-0.0013672428519904318,-0.0013681783813263512,-1367.2428519904317,0.9934699799794039,-0.006530020020596106
2015-10-30,-0.021400400397970955,-0.021632709281061206,-21400.400397970956,0.9722093246244804,-0.027790675375519602
2015-11-02,7.574697120072785e-4,7.571829766114234e-4,757.4697120072785,0.9729457437416145,-0.027054256258385534
2015-11-03,0.0014508681148712177,0.0014498166226559893,1450.8681148712176,0.9743573596987088,-0.025642640301291153
2015-11-04,0.0026167447036414084,0.0026133269881137445,2616.7447036414083,0.9769070041591544,-0.023092995840845565
2015-11-05,0.003929145560250535,0.003921446628061143,3929.1455602505353,0.9807454139773241,-0.019254586022675935
2015-11-06,0.003925662507578013,0.003917977201229552,3925.6625075780134,0.984595489478454,-0.015404510521546011
2015-11-09,-0.007655054836991618,-0.007684505161439699,-7655.054836991618,0.9770583570142419,-0.02294164298575807
2015-11-10,0.0012174183183267608,0.0012166778655454532,1217.4183183267608,0.9782478457561452,-0.021752154243854793
2015-11-11,5.733668921296491e-4,5.732025801375247e-4,573.366892129649,0.978808740683199,-0.021191259316800992
2015-11-12,-0.014402043484309585,-0.014506759545442605,-14402.043484309585,0.9647118946370572,-0.0352881053629428
2015-11-13,-0.014043414567118346,-0.014142956350028846,-14043.414567118345,0.9511640455628388,-0.048835954437161155
2015-11-16,0.016620041073096073,0.01648343965997413,16620.041073096072,0.9669724310673455,-0.03302756893265446
2015-11-17,0.0045783619105836575,0.004567913091869002,4578.361910583658,0.9713995808143288,-0.028600419185671244
2015-11-18,0.0023921011968656334,0.002389244677279968,2392.1011968656335,0.9737232669142296,-0.026276733085770387
2015-11-19,0.004143621334658657,0.0041350601770913644,4143.621334658656,0.9777580074170689,-0.022241992582931136
2015-11-20,-0.0019060844481506762,-0.0019079033387860214,-1906.0844481506763,0.9758943180850764,-0.02410568191492357
2015-11-23,-0.004425246661930671,-0.004435067048404327,-4425.246661930671,0.9715757450115733,-0.02842425498842671
2015-11-24,-8.27436781487519e-4,-8.277792962537758e-4,-827.4367814875189,0.9707718275041496,-0.029228172495850413
2015-11-25,4.053439314137266e-4,4.0526180175544916e-4,405.3439314137266,0.9711653239732159,-0.028834676026784134
2015-11-26,0.0037302946882578807,0.0037233543932364043,3730.294688257881,0.9747880568226532,-0.025211943177346763
2015-11-27,0.001234367958656927,0.0012336067528692116,1234.367958656927,0.9759913039664765,-0.024008696033523513
2015-11-30,0.004271826291203595,0.004262727943111212,4271.826291203595,0.9801605692787466,-0.01983943072125338
2015-12-01,0.00904454980864581,0.009003892833497132,9044.54980864581,0.9890256803680588,-0.010974319631941176
2015-12-02,-0.001685664509805303,-0.0016870868408317965,-1685.664509805303,0.9873585148793763,-0.012641485120623686
2015-12-03,-0.011925805204178075,-0.011997488106640539,-11925.805204178076,0.9755834695642384,-0.02441653043576164
2015-12-04,0.0021247550900970373,0.0021225009903757834,2124.7550900970373,0.9776563455070095,-0.022343654492990472
2015-12-07,-0.01707666112248007,-0.01722414877588315,-17076.661122480073,0.960961239400544,-0.03903876059945599
2015-12-08,-0.01376378934749217,-0.013859388514211838,-13763.789347492171,0.94773477133033,-0.05226522866966998
2015-12-09,0.003572334247704385,0.0035659686173175153,3572.3342477043852,0.9511203967116936,-0.04887960328830643
2015-12-10,-0.0023564513051204288,-0.002359232105903823,-2356.451305120429,0.9488791278115356,-0.051120872188464395
2015-12-11,-0.019044024139820516,-0.019227697222769187,-19044.024139820514,0.930808650795721,-0.06919134920427905
2015-12-14,-0.004628743139907465,-0.004639488943968625,-4628.743139907465,0.9265001766387837,-0.0734998233612163
2015-12-15,0.014977895050095351,0.014866833980832437,14977.89505009535,0.9403771990483742,-0.059622800951625754
2015-12-16,0.013911259334150454,0.01381538588973526,13911.259334150454,0.9534590301362581,-0.0465409698637419
2015-12-17,-0.0010923605814862625,-0.0010929576421495472,-1092.3605814862624,0.9524175090756751,-0.04758249092432487
2015-12-18,-0.01005274431385241,-0.010103614357475131,-10052.74431385241,0.9428430993769011,-0.05715690062309886
2015-12-21,9.802636642300966e-4,9.797835195576902e-4,980.2636642300965,0.9437673342082905,-0.05623266579170949
2015-12-22,-9.84689155768918e-4,-9.851742806265996e-4,-984.6891557689179,0.9428380167487267,-0.05716198325127331
2015-12-23,0.0097511917094976,0.009703955663211758,9751.1917094976,0.9520318110010462,-0.04796818899895383
2015-12-24,0.005474288166111803,0.005459358711290793,5474.288166111803,0.9572435074777712,-0.042756492522228795
2015-12-29,0.00472569978494954,0.0047145687199929304,4725.69978494954,0.9617671529152033,-0.038232847084796684
2015-12-30,-0.005758024626142388,-0.005774665961499308,-5758.024626142388,0.9562292739641027,-0.04377072603589727
2015-12-31,-0.015282969976594264,-0.015400958246666999,-15282.969976594264,0.9416152506793688,-0.0583847493206312
2016-01-04,-0.009172108249233238,-0.009214431025604894,-9172.108249233239,0.9329786536710087,-0.06702134632899126
2016-01-05,0.0016562164831889028,0.0016548464691539327,1656.2164831889029,0.934523868295682,-0.06547613170431799
2016-01-06,-0.01597447840046904,-0.016103445681341845,-15974.478400469041,0.9195953369468698,-0.08040466305313021
2016-01-07,-0.018058520225160947,-0.01822356530071099,-18058.520225160948,0.902988805955651,-0.09701119404434899
2016-01-08,-4.2623188609473367e-4,-4.263227487250464e-4,-426.2318860947337,0.9026039233337662,-0.09739607666623384
2016-01-11,-7.18890838702154e-4,-7.191493646298451e-4,-718.8908387021539,0.9019550496423049,-0.09804495035769512
2016-01-12,0.0040017201540191545,0.003993734568885646,4001.7201540191545,0.9055644213424779,-0.09443557865752206
2016-01-13,-0.024992656987215884,-0.02531027671748674,-24992.656987215883,0.8829319603800387,-0.11706803961996126
2016-01-14,0.006317289446105026,0.006297419014071852,6317.289446105026,0.8885096971349764,-0.1114903028650236
2016-01-15,-0.029778115177133913,-0.03023048640330126,-29778.115177133914,0.8620515530376907,-0.13794844696230935
2016-01-18,-2.0560133380335488e-4,-2.0562247265508614e-4,-205.6013338033549,0.861874314088579,-0.13812568591142105
2016-01-19,0.012502071212049787,0.012424565637995487,12502.071212049788,0.872649528139151,-0.12735047186084902
2016-01-20,-0.022750449949557956,-0.02301323473338756,-22750.449949557955,0.8527963587257158,-0.1472036412742842
2016-01-21,0.01478345927093938,0.014675249113639282,14783.45927093938,0.8654036389613429,-0.13459636103865713
2016-01-22,0.03950027178058916,0.03874008976908461,39500.27178058916,0.8995873179002268,-0.10041268209977317
2016-01-25,-0.029044948739031975,-0.029475102945631135,-29044.948739031977,0.8734588503655315,-0.1265411496344685
2016-01-26,0.011433326457484442,0.011368459939036766,11433.326457484442,0.8834453905489397,-0.11655460945106033
2016-01-27,0.014806482941973991,0.014697937116330599,14806.48294197399,0.8965261096542682,-0.10347389034573184
2016-01-28,0.029195957044380456,0.028777873167037324,29195.957044380455,0.9227010474408998,-0.07729895255910024
2016-01-29,0.01580575714928963,0.015682146970137603,15805.75714928963,0.9372850361181457,-0.06271496388185427
2016-02-01,-0.013818289773837608,-0.013914651068645565,-13818.289773837609,0.9243333598883834,-0.07566664011161661
2016-02-02,-0.013735395900898319,-0.013830599226639971,-13735.395900898318,0.9116372752459089,-0.08836272475409113
2016-02-03,0.0025411590146621754,0.002537935729525211,2541.159014662175,0.9139538905260021,-0.08604610947399793
2016-02-04,0.015087915861707324,0.014975225355268,15087.915861707324,0.9277435499277384,-0.07225645007226156
2016-02-05,-0.0027244607696897774,-0.0027281788676761036,-2724.4607696897774,0.9252159490216275,-0.07478405097837248
2016-02-08,-0.02246084962599424,-0.02271693639114774,-22460.84962599424,0.9044348127190812,-0.09556518728091878
2016-02-09,-0.023529703010695825,-0.023810946957728615,-23529.703010695826,0.8831537301832669,-0.11684626981673307
2016-02-10,-0.017854911399905193,-0.018016233476071928,-17854.911399905195,0.867385098578349,-0.132614901421651
2016-02-11,-0.0160497859615261,-0.016179978699234366,-16049.785961526099,0.8534637533999493,-0.1465362466000507
2016-02-12,0.03696316821261758,0.03629641098173271,36963.16821261758,0.8850104776802437,-0.11498952231975634
2016-02-16,0.020624890013247743,0.020415076978469362,20624.890013247743,0.9032637214429705,-0.09673627855702949
2016-02-17,0.019798490759654598,0.01960504970024191,19798.490759654596,0.9211469798854904,-0.07885302011450956
2016-02-18,0.0027233776292314715,0.0027196759555562513,2723.3776292314715,0.9236556109637447,-0.07634438903625529
2016-02-19,-0.004222805031945794,-0.004231746253349011,-4222.805031945793,0.9197551934019821,-0.08024480659801791
2016-02-22,-0.006768997579085278,-0.006792011154549737,-6768.997579085278,0.913529372724493,-0.08647062727550703
2016-02-23,-0.009782743322793625,-0.009830908740294034,-9782.743322793625,0.9045925493532966,-0.09540745064670342
2016-02-24,-0.020332441188292083,-0.02054199056991221,-20332.441188292083,0.8861999745442034,-0.1138000254557966
2016-02-25,0.005591151238832119,0.005575578771127767,5591.151238832119,0.8911548526297292,-0.10884514737027084
2016-02-26,0.007821467961638443,0.0077910388450200185,7821.467961638443,0.8981249917584312,-0.10187500824156881
2016-02-29,0.007634003591600713,0.0076050120404348755,7634.003591600713,0.9049812811712215,-0.09501871882877855
2016-03-01,0.02451799231015398,0.02422225058277639,24517.992310153983,0.9271696052638108,-0.07283039473618924
2016-03-02,8.731671913162857e-4,8.727862026060549e-4,873.1671913162858,0.9279791793439127,-0.07202082065608728
2016-03-03,0.010443648169267461,0.01038949002179884,10443.64816926746,0.9376706674013862,-0.06232933259861384
2016-03-04,0.0072961463230475174,0.007269658210195297,7296.146323047517,0.9445120497935763,-0.05548795020642372
2016-03-07,0.012263475537113266,0.01218888830100803,12263.475537113267,0.9560950502107284,-0.04390494978927162
2016-03-08,0.010151568782379956,0.010100387695443257,10151.568782379956,0.9658009148754355,-0.03419908512456449
2016-03-09,0.0073556447781636764,0.007328723955845501,7355.644778163676,0.9729050033316848,-0.027094996668315163
2016-03-10,-0.0012543373651516623,-0.0012551247047263017,-1254.3373651516622,0.9716846522332628,-0.028315347766737164
2016-03-11,0.010692583031926585,0.010635821624859505,10692.583031926584,0.9820744710581157,-0.01792552894188426
2016-03-14,0.0011218938945513623,0.0011212650418894084,1121.8938945513623,0.9831762544111907,-0.01682374558880928
2016-03-15,0.004259405282521777,0.004250359692633729,4259.405282521777,0.9873640005428796,-0.01263599945712035
2016-03-16,1.221773733178777e-4,1.221699102704731e-4,122.17737331787771,0.9874846340829747,-0.01251536591702529
2016-03-17,0.02011700825052635,0.019917334688139533,20117.00825052635,1.00734987061409,0.007349870614089982
2016-03-18,-0.005666600468097064,-0.005682716559667788,-5666.600468097064,1.0016416213657306,0.00164162136573065
2016-03-21,0.0030138084942070344,0.003009276077660699,3013.8084942070345,1.0046603773923541,0.0046603773923541425
2016-03-22,-0.002929304465451236,-0.0029336032748437622,-2929.304465451236,1.0017174212625968,0.0017174212625967744
2016-03-23,-0.0036917763502795626,-0.0036986077751678488,-3691.776350279563,0.9980193045771165,-0.0019806954228834828
2016-03-24,-0.013440062508104273,-0.0135311976440116,-13440.062508104273,0.9846058627393053,-0.015394137260694718
2016-03-28,0.009687005752474977,0.00964038753111947,9687.005752474977,0.9941437453955815,-0.00585625460441852
2016-03-29,0.0024372979769929914,0.0024343325836660564,2437.2979769929916,0.9965667699350743,-0.0034332300649256853
2016-03-30,0.007712486381831787,0.007682897198804623,7712.486381831787,1.0042527775767847,0.004252777576784661
2016-03-31,-0.005070706548643203,-0.005083606206490598,-5070.706548643203,0.999160506441033,-8.394935589669528e-4
2016-04-01,0.0020781742746963463,0.0020760178576285006,2078.1742746963464,1.0012369361018112,0.0012369361018111924
2016-04-04,-0.0026402864295511823,-0.002643778133185555,-2640.286429551182,0.9985933838066563,-0.0014066161933437016
2016-04-05,-0.005617033882372427,-0.0056328687416570865,-5617.033882372427,0.9929842509351013,-0.007015749064898658
2016-04-06,-0.001988177121400462,-0.00199015616910013,-1988.177121400462,0.9910100223654812,-0.008989977634518809
2016-04-07,-0.011624563948079349,-0.011692657410497603,-11624.563948079349,0.9794899629873062,-0.020510037012693827
2016-04-08,0.011227265522971078,0.011164707578365629,11227.265522971078,0.9904869568788497,-0.00951304312115031
2016-04-11,0.0016061259957655394,0.0016048375548229042,1606.1259957655393,0.9920778037287596,-0.007922196271240356
2016-04-12,0.01076064604295838,0.010703162298468525,10760.64604295838,1.0027532018217602,0.0027532018217601983
2016-04-13,0.01298245052556135,0.012898900857408888,12982.45052556135,1.0157713956537595,0.015771395653759512
2016-04-14,0.0063407000174002795,0.006320682351826071,6340.70001740028,1.022212097359856,0.022212097359856076
2016-04-15,4.076357023132249e-4,4.0755264145193973e-4,407.6357023132249,1.0226287875060764,0.022628787506076442
2016-04-18,6.197538185730433e-4,6.195618504864336e-4,619.7538185730433,1.0232625656021161,0.023262565602116148
2016-04-19,0.009786015059105405,0.009738442128224181,9786.015059105404,1.033276228478517,0.03327622847851708
2016-04-20,0.008436209957187486,0.008400824014177839,8436.209957187486,1.0419931636857327,0.04199316368573269
2016-04-21,-0.004086688858768672,-0.004095062192274746,-4086.688858768672,1.037734861832785,0.03773486183278507
2016-04-22,5.201553576001198e-4,5.20020123695161e-4,520.1553576001198,1.038274645180936,0.03827464518093593
2016-04-25,-0.0038338725736772883,-0.0038412407014706525,-3833.872573677288,1.0342940324948322,0.034294032494832205
2016-04-26,0.004406795391671195,0.004397113901336473,4406.795391671195,1.0388519546708634,0.03885195467086344
2016-04-27,0.002539667584251134,0.0025364480783629665,2539.667584251134,1.0414902933049768,0.04149029330497678
2016-04-28,-0.0020180540475582633,-0.0020200930623175176,-2018.0540475582634,1.0393885096030802,0.03938850960308016
2016-04-29,0.0019364484533728001,0.001934575954009162,1936.4484533728,1.0414012318749544,0.04140123187495437
2016-05-02,-0.005213072849716966,-0.005226708323106671,-5213.072849716966,1.0359723313874054,0.03597233138740541
2016-05-03,-0.017635838499804452,-0.0177932028123093,-17635.838499804453,1.0177020906607912,0.017702090660791203
2016-05-04,-0.006104556898992697,-0.006123265885367157,-6104.556898992697,1.0114894703421284,0.011489470342128438
2016-05-05,-0.00413669003683779,-0.004145269808480118,-4136.69003683779,1.0073052519277979,0.007305251927797851
2016-05-06,-4.0697316453706467e-4,-4.0705600059085434e-4,-406.9731645370647,1.006895305721766,0.0068953057217659985
2016-05-09,-0.005002734286894406,-0.005015289854349669,-5002.734286894406,1.0018580760525189,0.0018580760525188644
2016-05-10,0.011370894787309608,0.011306732096530842,11370.894787309608,1.0132500988271285,0.013250098827128465
2016-05-11,0.0037667838674017755,0.0037597073020776625,3766.7838674017753,1.0170667929530337,0.017066792953033705
2016-05-12,0.0056344278677978865,0.005618613853240903,5634.427867797886,1.0227973824346601,0.02279738243466012
2016-05-13,-0.0021375045039471,-0.0021397922272932885,-2137.5045039470997,1.0206111484230806,0.02061114842308065
2016-05-16,0.00227112650950186,0.002268551399886898,2271.12650950186,1.0229290854581574,0.022929085458157417
2016-05-17,-0.0024444513502900516,-0.0024474438992469587,-2444.451350290052,1.0204285850739583,0.020428585073958283
2016-05-18,0.009557784691107091,0.009512398035090215,9557.784691107092,1.0301816217827462,0.030181621782746193
2016-05-19,-0.0072015161556903675,-0.00722757224408455,-7201.516155690368,1.0227627521901825,0.022762752190182534
2016-05-20,0.006041533894456644,0.00602335700268899,6041.533894456644,1.0289418080235273,0.028941808023527305
2016-05-24,0.01040608193278706,0.010352311367765193,10406.081932787061,1.0396490607818902,0.03964906078189023
2016-05-25,0.00987481165938427,0.009826374318779519,9874.81165938427,1.0499153994489672,0.04991539944896717
2016-05-26,-2.7102700482358366e-4,-2.710637392797585e-4,-271.02700482358364,1.0496308440229363,0.04963084402293627
2016-05-27,0.0030006989951160317,0.002996205883958464,3000.6989951160317,1.0527804702418389,0.05278047024183885
2016-05-30,-0.0014333493325465554,-0.0014343775603583263,-1433.3493325465554,1.0512714680574995,0.05127146805749949
2016-05-31,-0.01089031908251007,-0.010950052681884653,-10890.31908251007,1.0398227863280147,0.039822786328014725
2016-06-01,0.002419893955106278,0.002416970726714661,2419.893955106278,1.0423390472030316,0.04233904720303161
2016-06-02,0.008849499575295239,0.008810572243630101,8849.499575295238,1.0515632261585686,0.051563226158568565
2016-06-03,6.623012516981199e-4,6.620820270139676e-4,662.3012516981199,1.0522596777994933,0.052259677799493254
2016-06-06,0.004066571090740748,0.004058324938672263,4066.571090740748,1.0565387665851849,0.05653876658518486
2016-06-07,0.014202364343532392,0.01410245561598975,14202.364343532392,1.0715441150912939,0.07154411509129388
2016-06-08,-0.0030245637298217387,-0.003029146966560416,-3024.563729821739,1.0683031616258847,0.06830316162588468
2016-06-09,-0.0063579219492976655,-0.006378219614774566,-6357.921949297665,1.0615109735060795,0.06151097350607948
2016-06-10,-0.00897880293788054,-0.009019355312669052,-8978.80293788054,1.0519798756585708,0.05197987565857076
2016-06-13,-0.0055523673267162295,-0.005567839014421092,-5552.367326716229,1.046138896968601,0.04613889696860096
2016-06-14,-0.010873569233557293,-0.010933118556727146,-10873.569233557293,1.0347636332444956,0.034763633244495606
2016-06-15,8.925728070267407e-4,8.921747007937389e-4,892.5728070267406,1.03568723512523,0.03568723512522998
2016-06-16,-0.0028214152306725304,-0.0028254029250183647,-2821.4152306725305,1.0327651313858346,0.03276513138583459
2016-06-17,0.0017369964457970566,0.0017354896121281776,1736.9964457970566,1.0345590407483949,0.03455904074839489
2016-06-20,0.0056230202931509075,0.005607270129285988,5623.0202931509075,1.040376387228986,0.040376387228985955
2016-06-21,0.00754514894331911,0.007516826681602223,7545.14894331911,1.0482261820277408,0.04822618202774076
2016-06-22,-5.784858617641404e-4,-5.786532492675867e-4,-578.4858617641404,1.0476197980015067,0.04761979800150673
2016-06-23,0.009684701058492506,0.0096381049459226,9684.701058492506,1.0577656825681099,0.05776568256810988
2016-06-24,-0.024103796597194933,-0.02439904719703331,-24103.796597194934,1.032269513707995,0.03226951370799491
2016-06-27,-0.016942055745460278,-0.01708721422987803,-16942.05574546028,1.014780746062415,0.014780746062414973
2016-06-28,0.016699056486715103,0.01656116028312042,16699.056486715104,1.0317266270625423,0.031726627062542256
2016-06-29,-4.1424348520835715e-5,-4.142520653285604e-5,-41.424348520835714,1.0316838884591646,0.03168388845916459
2016-06-30,-0.004355469945726886,-0.004364982636492175,-4355.469945726886,1.02719042028949,0.027190420289489925
2016-07-04,0.006524023331302123,0.00650283400094806,6524.023331302124,1.0338918345571486,0.033891834557148615
2016-07-05,-0.0029540320716643547,-0.002958403836082186,-2954.0320716643546,1.030837684919235,0.03083768491923511
2016-07-06,-0.0028709443831097707,-0.0028750734487073093,-2870.9443831097706,1.0278782072578183,0.02787820725781831
2016-07-07,-0.0015543035468034705,-0.0015555127296818555,-1554.3035468034705,1.0262805725145954,0.02628057251459537
2016-07-08,0.004966499133189102,0.004954206759610682,4966.499133189102,1.0313775940883978,0.0313775940883978
2016-07-11,0.007566964087017254,0.007538478225015548,7566.964087017254,1.0391819913030191,0.03918199130301914
2016-07-12,0.011318725371479228,0.011255147893673408,11318.725371479228,1.0509442068735648,0.050944206873564823
2016-07-13,0.0038532033198891797,0.003845798746765714,3853.20331988918,1.0549937085805086,0.05499370858050856
2016-07-14,0.002175010644712353,0.0021726487332284334,2175.010644712353,1.0572883311267756,0.05728833112677556
2016-07-15,0.0032892798662310834,0.003283882018660608,3289.2798662310834,1.0607660483471522,0.06076604834715216
2016-07-18,-0.0024912297858673917,-0.002494338062150491,-2491.229785867392,1.0581234363716727,0.05812343637167272
2016-07-19,3.4130444293086387e-4,3.412462118187964e-4,341.3044429308639,1.0584845786016757,0.05848457860167566
2016-07-20,0.005579788405319437,0.0055642790518559545,5579.7884053194375,1.0643906985805667,0.06439069858056667
2016-07-21,-0.002684781066254212,-0.002688391554636186,-2684.781066254212,1.0615330425859206,0.06153304258592063
2016-07-22,0.0030525149205584317,0.0030478654561916277,3052.5149205584316,1.0647733880370798,0.06477338803707977
2016-07-25,8.704016689916238e-5,8.703637912362629e-5,87.04016689916239,1.0648660660904843,0.06486606609048429
2016-07-26,0.00455445256080896,0.004544112425627714,4554.45256080896,1.0697159480721088,0.06971594807210879
2016-07-27,-0.0053214065072032515,-0.005335615621543634,-5321.406507203252,1.0640235546651786,0.06402355466517862
2016-07-28,-3.055712718037874e-4,-3.056179682178273e-4,-305.5712718037874,1.0636984196343506,0.06369841963435063
2016-07-29,-0.0018389059129966245,-0.0018405987761374203,-1838.9059129966245,1.0617423783208397,0.06174237832083973
2016-08-02,-0.012458215529420814,-0.012536469714117976,-12458.215529420815,1.0485149629349988,0.048514962934998795
2016-08-03,6.609837717619546e-4,6.607654182021632e-4,660.9837717619546,1.0492080143099485,0.04920801430994848
2016-08-04,-0.0012148313931858257,-0.001215569899010056,-1214.8313931858256,1.0479334034761827,0.04793340347618269
2016-08-05,0.010853037649751058,0.010794566118696175,10853.037649751059,1.0593066641585414,0.059306664158541356
2016-08-08,0.007094282286869147,0.007069236252279825,7094.282286869146,1.0668216846624439,0.06682168466244387
2016-08-09,0.005858661362897033,0.005841566143983051,5858.661362897033,1.0730718316474763,0.07307183164747633
2016-08-10,-0.001469072204304274,-0.0014701523488781932,-1469.072204304274,1.0714954116463813,0.07149541164638129
2016-08-11,0.0034263951208449712,0.0034205384035549515,3426.395120844971,1.0751667782968541,0.07516677829685414
2016-08-12,-0.0027821897701866454,-0.002786067253745293,-2782.1897701866455,1.072175460285032,0.07217546028503197
2016-08-15,7.396214513867849e-4,7.393480662338198e-4,739.6214513867849,1.0729684642551094,0.07296846425510939
2016-08-16,-0.004065733243392711,-0.004074020807773979,-4065.733243392711,1.0686060607008754,0.06860606070087538
2016-08-17,0.0029496573032193507,0.002945315599712461,2949.6573032193505,1.0717580823720863,0.07175808237208625
2016-08-18,-0.003611261313467451,-0.0036177976586496494,-3611.261313467451,1.0678876838718199,0.06788768387181987
2016-08-19,0.00418862403891912,0.004179876172424471,4188.62403891912,1.072360663895351,0.0723606638953509
2016-08-22,0.0028174159286146563,0.002813454451365631,2817.4159286146564,1.0753819499110295,0.07538194991102953
2016-08-23,0.012427863696757855,0.012351271728862285,12427.863696757855,1.0887466502064775,0.08874665020647754
2016-08-24,0.005701204429496175,0.005685014070738718,5701.204429496175,1.0949538174312339,0.09495381743123388
2016-08-25,0.002000169263251454,0.001998171588059441,2000.1692632514541,1.0971439104015395,0.09714391040153947
2016-08-26,9.554539401568177e-4,9.549977845749131e-4,955.4539401568177,1.0981921808736517,0.09819218087365167
2016-08-29,0.003946062870721208,0.0039382975861286945,3946.062870721208,1.1025257162635138,0.10252571626351381
2016-08-30,0.006982295536603196,0.006958032188229415,6982.2955366031965,1.1102238766511707,0.11022387665117073
2016-08-31,-0.007617133353288988,-0.007646291877500611,-7617.1333532889885,1.1017671533307134,0.1017671533307134
2016-09-01,0.002772949421679142,0.002769111889982181,2772.949421679142,1.1048222979213667,0.10482229792136666
2016-09-02,0.0021633346511904144,0.002160998012131894,2163.334651190414,1.1072123982818678,0.1072123982818678
2016-09-06,0.0010615769337791736,0.0010610138594485889,1061.5769337791737,1.1083877894246783,0.1083877894246783
2016-09-07,-2.1652060809292573e-4,-2.1654405206391982e-4,-216.52060809292573,1.108147800626509,0.10814780062650908
2016-09-08,-0.003802187398686873,-0.003809434087873091,-3802.1873986868727,1.1039344150230845,0.10393441502308454
2016-09-09,-0.004529034458456723,-0.0045393216073387754,-4529.034458456723,1.0989346580175687,0.09893465801756873
2016-09-12,-0.001881165470366264,-0.0018829370842776386,-1881.165470366264,1.096867380084717,0.09686738008471707
2016-09-13,-0.009955217634298574,-0.01000510216373049,-9955.217634298575,1.0859478266000109,0.08594782660001088
2016-09-14,-2.9052231458052524e-4,-2.905645243636137e-4,-290.52231458052523,1.0856323345239134,0.08563233452391339
2016-09-15,0.01024471868794156,0.01019259723493339,10244.71868794156,1.0967543323896443,0.09675433238964426
2016-09-16,-0.005574556193833143,-0.005590152019087142,-5574.556193833143,1.0906404137329082,0.09064041373290821
2016-09-19,0.0024875315927723367,0.0024844428073003623,2487.531592772337,1.093353416218423,0.09335341621842308
2016-09-20,0.003513640789243581,0.003507482374866985,3513.640789243581,1.097195067378707,0.09719506737870698
2016-09-21,0.0052562132399283455,0.005242447566922109,5256.2132399283455,1.1029621586186469,0.10296215861864688
2016-09-22,0.0037621259265834626,0.0037550668301067763,3762.1259265834624,1.1071116411516266,0.10711164115162664
2016-09-23,-0.005264551824626132,-0.005278458407005303,-5264.551824626133,1.101283194541137,0.10128319454113699
2016-09-26,-0.00465581986666902,-0.004666691954765706,-4655.81986666902,1.0961558183651634,0.0961558183651634
2016-09-27,-0.0015208002985218627,-0.0015219578890874337,-1520.8002985218627,1.0944887842693674,0.09448878426936735
2016-09-28,0.008525930841704757,0.00848979036883724,8525.930841704758,1.1038203199510694,0.10382031995106944
2016-09-29,-0.002095996984013267,-0.0020981966599052555,-2095.9969840132667,1.1015067158895593,0.10150671588955928
2016-09-30,-2.814566465433137e-4,-2.814962628989542e-4,-281.4566465433137,1.1011966895031602,0.10119668950316019
2016-10-03,-0.002402909148942182,-0.002405800768258978,-2402.9091489421817,1.0985506139031682,0.09855061390316822
2016-10-04,-0.0045319262013743256,-0.004542226510864665,-4531.9262013743255,1.0935720635924846,0.0935720635924846
2016-10-05,0.0024976767892682292,0.0024945627787131847,2497.676789268229,1.0963034531531115,0.0963034531531115
2016-10-06,-2.51331724787677e-4,-2.513633138986274e-4,-251.33172478767702,1.09602791731534,0.09602791731534
2016-10-07,-0.0025733080657589316,-0.002576624714019882,-2573.3080657589317,1.0932074998354153,0.09320749983541532
2016-10-11,-4.807881735429305e-4,-4.8090378923609697e-4,-480.7881735429305,1.092681898598266,0.09268189859826603
2016-10-12,0.0018013930485404523,0.001799772485971013,1801.3930485404524,1.0946502481746672,0.09465024817466716
2016-10-13,0.0037855943732455857,0.0037784470431157973,3785.5943732455858,1.098794149994829,0.09879414999482905
2016-10-14,-0.001346164786938146,-0.0013470716807319702,-1346.1647869381459,1.0973149920020124,0.09731499200201243
2016-10-17,0.0011430185833321744,0.0011423658349462606,1143.0185833321743,1.0985692434296397,0.09856924342963969
2016-10-18,0.00798981770524328,0.00795806811526298,7989.81770524328,1.1073466114212296,0.10734661142122959
2016-10-19,0.0030815873649797467,0.003076849006583627,3081.587364979747,1.1107589967476381,0.11075899674763812
2016-10-20,0.00295262718235952,0.00294827674010613,2952.6271823595202,1.1140386539544855,0.11403865395448554
2016-10-21,0.003846213133963383,0.003838835367817115,3846.2131339633834,1.1183234840570682,0.11832348405706816
2016-10-24,0.004259449335921964,0.004250403559187518,4259.449335921964,1.1230869262785812,0.1230869262785812
2016-10-25,-0.001827076539648938,-0.0018287476798340488,-1827.0765396489378,1.121034960503591,0.12103496050359097
2016-10-26,0.00325330158139181,0.0032480210454863706,3253.30158139181,1.124682025313393,0.1246820253133929
2016-10-27,0.0052692821395181975,0.005255448048259024,5269.282139518197,1.1306082922220138,0.13060829222201376
2016-10-28,-0.0022859094155336006,-0.002288526094883469,-2285.9094155336006,1.1280238240815432,0.12802382408154322
2016-10-31,0.0010153502600503035,0.0010148351406299493,1015.3502600503035,1.1291691633646672,0.12916916336466722
2016-11-01,-0.004311653059482927,-0.00432097504061784,-4311.653059482926,1.1243005776867723,0.12430057768677227
2016-11-02,-0.009534316571950825,-0.00958005914986711,-9534.316571950825,1.1135811400570794,0.11358114005707942
2016-11-03,7.956189182399633e-4,7.953025812864225e-4,795.6189182399634,1.114467126279104,0.11446712627910394
2016-11-04,-0.006703827872436192,-0.006726399460426019,-6703.827872436192,1.1069959304950403,0.1069959304950403
2016-11-07,0.012061527838310899,0.011989367276335042,12061.527838310898,1.120347992727603,0.12034799272760299
2016-11-08,0.004209414689045084,0.0042005798872517125,4209.414689045084,1.1250640020250327,0.12506400202503265
2016-11-09,0.004070964346290007,0.004062700391520227,4070.964346290007,1.129644097464571,0.12964409746457095
2016-11-10,0.010667604707225534,0.010611107251979468,10667.604707225533,1.1416946941561736,0.14169469415617364
2016-11-11,-0.0036881942462821207,-0.0036950124043047764,-3688.1942462821207,1.137483902354176,0.13748390235417607
2016-11-14,0.004972823840513155,0.004960500190712589,4972.823840513155,1.1431404094220028,0.1431404094220028
2016-11-15,0.0014247736633945147,0.0014237596364568748,1424.7736633945146,1.1447691257709094,0.1447691257709094
2016-11-16,-7.001171132102746e-4,-7.003623096472068e-4,-700.1171132102746,1.1439676533152823,0.14396765331528227
2016-11-17,0.00904621983929706,0.009005547893493806,9046.21983929706,1.1543162361962171,0.15431623619621715
2016-11-18,0.006635673040481145,0.006613753874314007,6635.673040481145,1.161975901324934,0.161975901324934
2016-11-21,0.008071071901981716,0.008038675002883583,8071.071901981716,1.1713542923728975,0.17135429237289745
2016-11-22,0.0016718275492933106,0.001670431601255713,1671.8275492933105,1.1733125947488694,0.1733125947488694
2016-11-23,0.003938924554410176,0.003931187302067836,3938.9245544101755,1.1779341845383244,0.17793418453832444
2016-11-24,8.366298810750611e-5,8.36594885549039e-5,83.66298810750611,1.178032734031997,0.17803273403199693
2016-11-25,0.0024558495621556835,0.002452838891781272,2455.8495621556835,1.1809258052060745,0.18092580520607449
2016-11-28,-0.002578358824348481,-0.0025816885161202515,-2578.358824348481,1.1778809547353206,0.17788095473532062
2016-11-29,0.006251997980370756,0.00623253531921962,6251.9979803707565,1.185245064085443,0.18524506408544306
2016-11-30,-0.006568622556447634,-0.006590290897149213,-6568.622556447634,1.1774596366225731,0.17745963662257314
2016-12-01,0.004643053402474358,0.00463230767916537,4643.053402474358,1.1829266445946698,0.18292664459466978
2016-12-02,0.005243746493982626,0.005230045929323937,5243.746493982626,1.189129612039902,0.18912961203990197
2016-12-05,0.0048783512902765835,0.004866490692422247,4878.351290276583,1.1949306040171028,0.19493060401710283
2016-12-06,0.011667121736152067,0.01159958566481784,11667.121736152067,1.2088720048404242,0.20887200484042423
2016-12-07,0.00895762031719475,0.008917738821582063,8957.62031719475,1.2197006212718708,0.21970062127187084
2016-12-08,0.011561499890287355,0.011495176459815832,11561.499890287356,1.2338021898708889,0.23380218987088885
2016-12-09,0.008057087656165047,0.00802480262502844,8057.087656165047,1.243743042265047,0.24374304226504706
2016-12-12,-0.0030494592337978466,-0.0030541183087908876,-3049.4592337978465,1.2399502985603401,0.23995029856034011
2016-12-13,0.006659011937693914,0.006636938654354358,6659.011937693914,1.2482071424006005,0.2482071424006005
2016-12-14,-0.0041492290404981,-0.00415786097684166,-4149.2290404980995,1.2430280450767948,0.24302804507679476
2016-12-15,0.00447349796704538,0.0044635216167381465,4473.49796704538,1.2485887285094261,0.24858872850942615
2016-12-16,6.503127916892928e-4,6.501014299549709e-4,650.3127916892928,1.2494007017311348,0.24940070173113482
2016-12-19,0.00113280883007368,0.0011321676863008043,1132.8088300736802,1.2508160338783563,0.25081603387835627
2016-12-20,0.0018031654994667041,0.0018015417481926329,1803.1654994667042,1.2530714621968255,0.2530714621968255
2016-12-21,9.939870940904316e-4,9.934934160314853e-4,993.9870940904316,1.2543169990582224,0.25431699905822236
2016-12-22,0.002680999121685105,0.0026774116541076476,2680.999121685105,1.2576798218310121,0.2576798218310121
2016-12-23,-0.002193105519632662,-0.002195513897404794,-2193.105519632662,1.254921597271824,0.25492159727182395
2016-12-28,2.6840672766287316e-4,2.683707130213831e-4,268.40672766287315,1.255258426671221,0.255258426671221
2016-12-29,-0.002885130509903114,-0.0028893005215492856,-2885.130509903114,1.2516368422866189,0.25163684228661887
2016-12-30,-0.0070114963860718835,-0.00703619243205176,-7011.4963860718835,1.2428609950902518,0.24286099509025183
2017-01-03,0.008403318073665048,0.008368206760233527,8403.318073665048,1.253305151353347,0.2533051513533471
2017-01-04,0.009581022868779893,0.009535415945089094,9581.022868779894,1.265313096670023,0.265313096670023
2017-01-05,0.002239741383569915,0.00223723690173454,2239.741383569915,1.268147070775808,0.268147070775808
2017-01-06,-6.979776210639942e-4,-6.982213208483426e-4,-697.9776210639942,1.2672619325001888,0.2672619325001888
2017-01-09,-0.004042021974750471,-0.0040502130252943035,-4042.021974750471,1.2621396319212583,0.26213963192125833
2017-01-10,0.0011538583924463792,0.001153193209486926,1153.8583924463792,1.2635959623279898,0.26359596232798976
2017-01-11,0.007494854890786421,0.00746690801750877,7494.854890786421,1.2730664307062218,0.27306643070622183
2017-01-12,-0.004044179150155313,-0.004052378957782005,-4044.179150155313,1.267917921990397,0.2679179219903971
2017-01-13,0.004258118100292011,0.004249077968959645,4258.118100292011,1.273316866243709,0.2733168662437091
2017-01-16,-0.002375111331700282,-0.0023779363827128694,-2375.111331700282,1.2702925969258485,0.2702925969258485
2017-01-17,-0.006973504923703799,-0.006997933443677781,-6973.504923703799,1.2614342052466416,0.2614342052466416
2017-01-18,4.232849108360414e-4,4.2319535105015007e-4,423.28491083604143,1.261968151311735,0.2619681513117349
2017-01-19,0.004168279582601316,0.004159616370711126,4168.279582601315,1.2672283873907406,0.2672283873907406
2017-01-20,0.006277078853652194,0.006257460050565308,6277.078853652194,1.2751828799039788,0.2751828799039788
2017-01-23,-8.373726587903769e-4,-8.377234511181625e-4,-837.3726587903769,1.2741150766253897,0.2741150766253897
2017-01-24,0.005722438701841451,0.005706127745541713,5722.438701841451,1.2814061220504707,0.28140612205047066
2017-01-25,0.006321285463463333,0.006301389938020273,6321.285463463333,1.2895062559425812,0.28950625594258117
2017-01-26,0.004337400448464904,0.004328021038862887,4337.400448464904,1.2950993609554047,0.2950993609554047
2017-01-27,2.0631671779876754e-4,2.0629543743169257e-4,206.31671779876754,1.2953665616047805,0.2953665616047805
2017-01-30,-0.005302283049910038,-0.005316390040949941,-5302.283049910038,1.2884981614417632,0.2884981614417632
2017-01-31,-0.007244326572841093,-0.007270694127212824,-7244.3265728410925,1.2791638599717736,0.2791638599717736
2017-02-01,6.780412548377432e-4,6.778114887208501e-4,678.0412548377433,1.280031185840532,0.280031185840532
2017-02-02,-0.0019001250224217796,-0.0019019325500207345,-1900.1250224217797,1.2775989665548362,0.2775989665548362
2017-02-03,0.008280835944363869,0.008246737933091958,8280.83594436387,1.2881785539995656,0.2881785539995656
2017-02-06,0.0013288260568735666,0.0013279439488877653,1328.8260568735666,1.289890319228026,0.289890319228026
2017-02-07,0.004909454609263693,0.0048974425360928,4909.454609263693,1.2962229772012044,0.2962229772012044
2017-02-08,0.0024407772534219734,0.0024378033946564808,2440.7772534219735,1.2993867687593201,0.29938676875932013
2017-02-09,0.005941885693002727,0.005924302308137057,5941.885693002728,1.3071075764102882,0.3071075764102882
2017-02-10,0.004784639413878189,0.004773229407420942,4784.639413878189,1.3133616148385596,0.3133616148385596
2017-02-13,0.003575492393306012,0.0035691155161753983,3575.4923933060118,1.318057529302075,0.3180575293020751
2017-02-14,0.0018868902946395278,0.001885112353316358,1886.8902946395278,1.3205445592618918,0.32054455926189185
2017-02-15,0.0076941734361351734,0.007664724245363285,7694.173436135174,1.3307050581309974,0.3307050581309974
2017-02-16,0.002881636183616994,0.00287749222907376,2881.636183616994,1.3345396659762299,0.33453966597622986
2017-02-17,-2.9053075822738192e-5,-2.9053497871520135e-5,-29.053075822738194,1.3345008934941258,0.3345008934941258
2017-02-21,0.002846367199884292,0.002842323967298643,2846.367199884292,1.3382993730655834,0.33829937306558344
2017-02-22,0.002512803340306291,0.002509651528810263,2512.803340306291,1.3416622562005527,0.3416622562005527
2017-02-23,7.118120977161097e-4,7.115588796402169e-4,711.8120977161096,1.3426172676255652,0.3426172676255652
2017-02-24,-0.014238157070220152,-0.014340492165420871,-14238.157070220152,1.3235008720839228,0.32350087208392275
2017-02-27,-0.008264756524354839,-0.008299098976796745,-8264.75652435484,1.3125624596163776,0.31256245961637763
2017-02-28,-0.005437760270466681,-0.005452598705193333,-5437.760270466681,1.3054250596209698,0.3054250596209698
2017-03-01,0.015392037900089101,0.01527478215718818,15392.0379000891,1.3255182116143818,0.32551821161438177
2017-03-02,0.004736151112659348,0.004724970836067176,4736.151112659348,1.3317960661671695,0.3317960661671695
2017-03-03,0.0037544286882000844,0.0037473984117659944,3754.4286882000843,1.3367961995248194,0.33679619952481943
2017-03-06,0.006234059817914509,0.006214708450419995,6234.059817914509,1.345129866997018,0.345129866997018
2017-03-07,-0.0010237604882314213,-0.001024284888937753,-1023.7604882314213,1.3437527761876464,0.34375277618764644
2017-03-08,-0.0025019540349569174,-0.0025050891523248774,-2501.9540349569174,1.3403907685072793,0.34039076850727934
2017-03-09,-0.0034528399596676458,-0.0034588147688992157,-3452.839959667646,1.3357626137002077,0.33576261370020766
2017-03-10,-0.011884805614253813,-0.011955994522923723,-11884.805614253813,1.3198873346895932,0.3198873346895932
2017-03-13,0.004004470260413395,0.0039964737102362756,4004.4702604133954,1.325172784268454,0.325172784268454
2017-03-14,-0.004542157346115183,-0.004552504286302114,-4542.157346115183,1.3191536409715172,0.3191536409715172
2017-03-15,-0.00864076573823245,-0.008678313605857258,-8640.76573823245,1.307755143387146,0.30775514338714594
2017-03-16,0.00419514085434632,0.004186365784162166,4195.14085434632,1.3132413604166508,0.31324136041665085
2017-03-17,-0.0063865927029191916,-0.006407074237479002,-6386.592702919192,1.304854222727042,0.3048542227270421
2017-03-20,-0.005605245120515097,-0.005621013458150031,-5605.245120515097,1.297540194962118,0.2975401949621179
2017-03-21,-0.01127908540988378,-0.011343176676693526,-11279.085409883779,1.282905128280383,0.28290512828038294
2017-03-22,-9.993219618244138e-4,-9.99821616921383e-4,-999.3219618244138,1.2816230930107553,0.2816230930107553
2017-03-23,0.01023220188960039,0.010180207290545654,10232.20188960039,1.2947369192448155,0.2947369192448155
2017-03-24,2.676193399038611e-4,2.675835362360094e-4,267.6193399038611,1.2950834158844928,0.29508341588449283
2017-03-27,0.0017737179813611854,0.00177214680123509,1773.7179813611854,1.29738052862661,0.29738052862661
2017-03-28,0.008644368068364326,0.00860721944942569,8644.368068364325,1.3085955634407873,0.3085955634407873
2017-03-29,0.0013678847244802392,0.0013669500224498337,1367.8847244802391,1.3103855713225407,0.31038557132254074
2017-03-30,-0.005746990653060483,-0.005763568148161279,-5746.990653060483,1.3028547976922447,0.30285479769224466
2017-03-31,-0.0024409035920581563,-0.0024438874537658054,-2440.9035920581564,1.2996746547366274,0.29967465473662735
2017-04-03,0.004326157500897598,0.004316826583203124,4326.157500897599,1.3052972519929427,0.30529725199294266
2017-04-04,0.0016909558114410934,0.0016895277552895576,1690.9558114410934,1.3075044519668582,0.30750445196685816
2017-04-05,-0.003278179274490071,-0.0032835642760555518,-3278.179274490071,1.303218217971117,0.3032182179711169
2017-04-06,0.005277882807779039,0.005264003598122108,5277.8828077790395,1.3100964509985313,0.31009645099853134
2017-04-07,-0.00288051185428867,-0.0028846685126815534,-2880.51185428867,1.3063227026411683,0.30632270264116834
2017-04-10,-0.0020495875308574143,-0.0020516908097749633,-2049.587530857414,1.3036452799185592,0.30364527991855916
2017-04-11,-0.005547739037191542,-0.005563184894282109,-5547.739037191542,1.2964129961085045,0.29641299610850447
2017-04-12,-0.008020641280426788,-0.008052979656114047,-8020.6412804267875,1.2860149325154349,0.28601493251543486
2017-04-13,-0.01087692135000758,-0.010936507529083093,-10876.92135000758,1.2720270492395291,0.27202704923952914
2017-04-17,0.012621989409283127,0.012542996108212415,12621.989409283127,1.2880825611833522,0.2880825611833522
2017-04-18,-0.006100503945663267,-0.006119188046904446,-6100.503945663267,1.280224608436513,0.280224608436513
2017-04-19,-6.716694226330808e-4,-6.71895093596246e-4,-671.6694226330808,1.2793647207129237,0.27936472071292373
2017-04-20,0.0037388871861566324,0.00373191492106556,3738.887186156632,1.284148121073618,0.2841481210736181
2017-04-21,-0.003091134025961931,-0.0030959214490015484,-3091.134025961931,1.2801786471221923,0.2801786471221923
2017-04-24,0.013739922473558003,0.013646385558181687,13739.922473558003,1.2977682024859556,0.2977682024859556
2017-04-25,0.006108887637491697,0.0060903040284575,6108.887637491697,1.305696122614452,0.3056961226144519
2017-04-26,-0.018181603321439456,-0.01834891982894585,-18181.603321439456,1.2819564736547342,0.2819564736547342
2017-04-27,-0.01965787039200567,-0.019853656397987963,-19657.87039200567,1.256755939447437,0.256755939447437
2017-04-28,0.002366781701907276,0.0023639852855638992,2366.781701907276,1.2597304064086845,0.2597304064086845
2017-05-01,-0.001852607926652002,-0.0018543261271461282,-1852.6079266520019,1.2573966198723272,0.2573966198723272
2017-05-02,-0.005569315785732109,-0.005584882248159808,-5569.315785732108,1.250393781028346,0.2503937810283461
2017-05-03,-0.001422315730690867,-0.0014233281818404235,-1422.315730690867,1.2486153262840316,0.2486153262840316
2017-05-04,-0.005644016675832715,-0.005660004322694022,-5644.016675832715,1.2415681205607842,0.24156812056078425
2017-05-05,0.013856957869453955,0.013761828028191928,13856.957869453954,1.258772477699452,0.258772477699452
2017-05-08,0.0028777389053427083,0.0028736061415174023,2877.738905342708,1.2623948962315024,0.26239489623150236
2017-05-09,-0.00952203498692102,-0.009567659418012417,-9522.034986921019,1.2503743278622754,0.2503743278622754
2017-05-10,0.007223705643704576,0.007197739654214385,7223.705643704576,1.2594066639511974,0.2594066639511974
2017-05-11,-0.011847256997263298,-0.011917995002428895,-11847.2569972633,1.2444861495393016,0.2444861495393016
2017-05-12,-0.0045454975348269335,-0.004555859721532542,-4545.497534826934,1.2388293408144444,0.2388293408144444
2017-05-15,0.008557347569679852,0.008520941019198468,8557.347569679852,1.249430434063311,0.2494304340633109
2017-05-16,-0.0056463047843426555,-0.00566230542127531,-5646.304784342656,1.242375769025756,0.24237576902575597
2017-05-17,-0.017045814122737236,-0.017192766353166643,-17045.814122737236,1.2211984625963501,0.22119846259635012
2017-05-18,0.005226401017821976,0.005212790785115457,5226.401017821976,1.2275809354842264,0.22758093548422642
2017-05-19,0.009738950533814053,0.009691832627374506,9738.950533814053,1.2395362854911607,0.23953628549116068
2017-05-23,0.010194075785669849,0.010142466637143606,10194.07578566985,1.2521722123245451,0.2521722123245451
2017-05-24,-0.011943514624288516,-0.012015411435586959,-11943.514624288515,1.2372168751945192,0.23721687519451917
2017-05-25,1.3453822546814304e-4,1.34529176012743e-4,134.53822546814303,1.237383328157427,0.2373833281574269
2017-05-26,0.0011845097326089922,0.0011838087544447028,1184.5097326089922,1.2388490207525977,0.23884902075259773
2017-05-29,0.004153996645187193,0.004145392620286776,4153.996645187192,1.2439951954286972,0.2439951954286972
2017-05-30,-0.0028276770265327857,-0.0028316824577083897,-2827.677026532786,1.2404775787934663,0.24047757879346632
2017-05-31,-4.3207752154518974e-4,-4.3217089393454445e-4,-432.07752154518977,1.239941596315689,0.239941596315689
2017-06-01,0.0054761743515162244,0.005461234625630384,5476.174351516224,1.246731732682811,0.2467317326828109
2017-06-02,8.850357814778608e-4,8.846443682367372e-4,885.0357814778607,1.247835134876139,0.24783513487613895
2017-06-05,-0.0030974703770305276,-0.0031022774675122365,-3097.4703770305277,1.2439700025104423,0.24397000251044232
2017-06-06,-0.004745676723892571,-0.004756973201466817,-4745.67672389257,1.2380665230243078,0.23806652302430775
2017-06-07,0.001085125363804044,0.0010845370408407743,1085.125363804044,1.239409980410518,0.2394099804105181
2017-06-08,0.010588372217397354,0.010532707988577594,10588.372217397355,1.252533314613062,0.25253331461306194
2017-06-09,0.014339991593662131,0.014238146399017371,14339.991593662131,1.2704946318153951,0.2704946318153951
2017-06-12,-0.006772484674993047,-0.00679552202162964,-6772.4846749930475,1.2618902263917644,0.2618902263917644
2017-06-13,-0.0024410495763616904,-0.0024440337952855626,-2441.0495763616905,1.2588098897892157,0.2588098897892157
2017-06-14,-0.007617485874053938,-0.007646647104136832,-7617.485874053938,1.249220923235627,0.24922092323562706
2017-06-15,0.003933946386502592,0.0039262286535601135,3933.946386502592,1.2541352913725334,0.25413529137253343
2017-06-16,0.0021684123172264385,0.0021660647043535933,2168.4123172264385,1.256854773785814,0.256854773785814
2017-06-19,0.007217438374605385,0.007191517313970967,7217.438374605385,1.2659260456614416,0.2659260456614416
2017-06-20,-0.003294879723029017,-0.0033003197920926115,-3294.879723029017,1.2617549716027374,0.2617549716027374
2017-06-21,-0.005878809302529764,-0.005896157526618766,-5878.809302529764,1.2543373547381662,0.2543373547381662
2017-06-22,0.01009656213224134,0.01004593235472498,10096.562132241339,1.2670018497750712,0.26700184977507124
2017-06-23,8.077019859845287e-4,8.073759702726614e-4,807.7019859845287,1.2680252096853806,0.26802520968538057
2017-06-26,-0.0015250494947552002,-0.0015262135663977054,-1525.0494947552002,1.266091408480013,0.266091408480013
2017-06-27,5.832027122548711e-5,5.8318570664586996e-5,58.320271225487105,1.2661652472743519,0.26616524727435187
2017-06-28,0.01084330484365344,0.010784937762653655,10843.304843653441,1.2798946630329873,0.27989466303298727
2017-06-29,-0.0027954410943077375,-0.0027993556367140733,-2795.4410943077373,1.2763167928955599,0.2763167928955599
2017-06-30,-0.0040266844228598045,-0.004034813345656526,-4026.6844228598043,1.271177467946973,0.27117746794697295
2017-07-04,0.002528618689976466,0.002525427112792452,2528.618689976466,1.2743917910507006,0.27439179105070055
2017-07-05,0.004766208516521912,0.004754886107100102,4766.208516521912,1.280465808058592,0.280465808058592
2017-07-06,7.86537946400508e-4,7.862287875294453e-4,786.537946400508,1.2814729430056984,0.28147294300569836
2017-07-07,-6.683081960666507e-4,-6.685316135358118e-4,-668.3081960666507,1.28061652413485,0.28061652413484994
2017-07-10,6.634134608901423e-4,6.63193499458304e-4,663.4134608901423,1.2814661023751992,0.2814661023751992
2017-07-11,9.999602313020364e-4,9.994606041137492e-4,999.9602313020364,1.282747517515336,0.282747517515336
2017-07-12,0.0034079203769782165,0.0034021265758075337,3407.9203769782166,1.2871190189187947,0.28711901891879466
2017-07-13,0.001703365215403892,0.0017019161341850283,1703.365215403892,1.2893114526837057,0.28931145268370573
2017-07-14,3.105839934486876e-4,3.1053577222442955e-4,310.5839934486876,1.2897118921834796,0.2897118921834796
2017-07-17,-0.0020512556350071503,-0.0020533623412689514,-2051.2556350071504,1.2870663633971025,0.28706636339710245
2017-07-18,-0.0012487186391636484,-0.0012494989379335983,-1248.7186391636485,1.2854591796392878,0.2854591796392878
2017-07-19,0.004303746760868717,0.004294512128975133,4303.746760868717,1.2909914704198893,0.29099147041988926
2017-07-20,0.00234941907916264,0.0023466635093061876,2349.41907916264,1.29402455041153,0.29402455041153
2017-07-21,-0.004475260298779371,-0.004485304253560636,-4475.260298779371,1.2882334537154274,0.2882334537154274
2017-07-24,-9.386728810061123e-4,-9.391137102794595e-4,-938.6728810061123,1.2870242239080198,0.28702422390801985
2017-07-25,2.777498509933992e-4,2.7771128564438384e-4,277.7498509933992,1.2873816946944352,0.2873816946944352
2017-07-26,-0.005095887516034791,-0.005108915830218717,-5095.887516034791,1.28082134238807,0.2808213423880701
2017-07-27,-0.0013225506532054305,-0.001323425995195112,-1322.5506532054305,1.2791273912850554,0.27912739128505537
2017-07-28,-0.0017995810962657675,-0.0018012022875955919,-1799.5810962657674,1.276825497811983,0.27682549781198307
2017-07-31,0.0028630007277981595,0.002858910146911928,2863.0007277981595,1.2804810501414898,0.28048105014148983
2017-08-01,0.0014169068041090895,0.0014159039388626153,1416.9068041090895,1.282295372453968,0.2822953724539681
2017-08-02,0.004005733307400912,0.003997731718771564,4005.733307400912,1.287431905737333,0.2874319057373329
2017-08-03,-0.0035561820069483123,-0.003562520253281548,-3556.1820069483124,1.2828535635589786,0.2828535635589786
2017-08-04,0.002129634112094732,0.0021273696557747366,2129.634112094732,1.285585572268756,0.2855855722687559
2017-08-08,0.0038154028552321675,0.0038081426669274248,3815.4028552321674,1.2904905991318354,0.2904905991318354
2017-08-09,-0.0044439261946587205,-0.004453829786114934,-4443.92619465872,1.2847557541543928,0.2847557541543928
2017-08-10,-0.012015848809546998,-0.012088622668141862,-12015.848809546998,1.269318323255278,0.26931832325527805
2017-08-11,-0.005488833560942577,-0.005503952557020751,-5488.833560942578,1.262351246243075,0.26235124624307504
2017-08-14,0.009193967891755934,0.009151960648151032,9193.967891755934,1.273957263069152,0.273957263069152
2017-08-15,-8.085850862324755e-4,-8.08912167480546e-4,-808.5850862324755,1.2729271602257366,0.2729271602257366
2017-08-16,-0.002935872056208914,-0.0029401901822889128,-2935.872056208914,1.2691900089464405,0.2691900089464405
2017-08-17,-0.0031009108291546643,-0.003105728615401485,-3100.9108291546645,1.2652543639034437,0.2652543639034437
2017-08-18,-0.0020015972742505697,-0.002003603147154811,-2001.5972742505696,1.262721834217421,0.2627218342174209
2017-08-21,0.002524392727814203,0.0025212118006403992,2524.3927278142028,1.2659094400329716,0.26590944003297157
2017-08-22,-9.452610706299213e-4,-9.457081116115724e-4,-945.2610706299213,1.2647128251203656,0.26471282512036565
2017-08-23,0.006605047125607536,0.006583329380542149,6605.047125607536,1.2730663129306459,0.27306631293064587
2017-08-24,-0.00280030172440345,-0.00280422990438395,-2800.30172440345,1.2695013431392663,0.2695013431392663
2017-08-25,0.0014019210446749952,0.0014009392708397266,1401.9210446749953,1.2712810837884563,0.2712810837884563
2017-08-28,-0.003272458525956608,-0.003277824728674056,-3272.458525956608,1.2671208691669256,0.26712086916692557
2017-08-29,-0.005311027092031202,-0.00532518073223766,-5311.027092031202,1.2603911559019019,0.26039115590190187
2017-08-30,0.007213621697879201,0.007187727979302893,7213.621697879202,1.2694831408919307,0.2694831408919307
2017-08-31,0.005233561976643801,0.005219914487107701,5233.561976643801,1.276127059588093,0.2761270595880929
2017-09-01,-0.001302220559786978,-0.001303069185792303,-1302.2205597869781,1.2744652606941966,0.27446526069419663
2017-09-05,-0.0089840797358741,-0.009024679933431645,-8984.0797358741,1.2630153631715184,0.2630153631715184
2017-09-06,4.38902684741782e-4,4.388063951319272e-4,438.902684741782,1.2635697040052845,0.26356970400528446
2017-09-07,-0.0030155592892186127,-0.0030201152496165213,-3015.559289218613,1.2597593346467961,0.2597593346467961
2017-09-08,0.00168237494766064,0.0016809613401848357,1682.37494766064,1.2618787221914876,0.26187872219148756
2017-09-11,0.008319561502587761,0.008285144707461022,8319.561502587761,1.2723769998295666,0.27237699982956665
2017-09-12,0.00587848493983989,0.005861274063558857,5878.48493983989,1.2798566488608634,0.27985664886086337
2017-09-13,0.003403261524220454,0.0033974835353463404,3403.261524220454,1.2842123357504494,0.28421233575044935
2017-09-14,0.001525782353509808,0.0015246195302745119,1525.782353509808,1.2861717642704968,0.28617176427049684
2017-09-15,-0.001669357357445796,-0.0016707522870794116,-1669.357357445796,1.2840246839728728,0.28402468397287284
2017-09-18,6.364937336694926e-4,6.362912574450021e-4,636.4937336694926,1.2848419576380987,0.2848419576380987
2017-09-19,0.004068440907334565,0.0040601871805859245,4068.4409073345646,1.2900692612180134,0.29006926121801335
2017-09-20,0.005681412490759855,0.0056653341365775454,5681.412490759855,1.2973986768326429,0.29739867683264287
2017-09-21,0.008833953763252687,0.008795162678748022,8833.953763252686,1.3088598367562876,0.3088598367562876
2017-09-22,0.0030464336794420914,0.003041802703284447,3046.4336794420915,1.312847191444651,0.3128471914446509
2017-09-25,0.00276864760483736,0.0027648219596729156,2768.6476048373597,1.3164820026767616,0.31648200267676163
2017-09-26,-9.99055123882171e-5,-9.991050327633414e-5,-99.9055123882171,1.3163504788677343,0.31635047886773426
2017-09-27,0.008655587907788753,0.008618343069779029,8655.587907788753,1.3277442661550338,0.3277442661550338
2017-09-28,0.004048479797933416,0.004040306755102735,4048.479797933416,1.3331196119933844,0.33311961199338436
2017-09-29,0.002562257154825979,0.0025589801704198234,2562.257154825979,1.3365354072574533,0.33653540725745335
2017-10-02,0.007694260281095173,0.007664810427221378,7694.260281095173,1.3468190585557918,0.34681905855579176
2017-10-03,0.007248807665113932,0.007222661335939815,7248.807665113932,1.3565818908709728,0.3565818908709728
2017-10-04,-7.397975438997448e-4,-7.400713291414857e-4,-739.7975438997448,1.3555782949200075,0.3555782949200075
2017-10-05,0.003647271231294269,0.003640636066180757,3647.271231294269,1.3605224566368361,0.36052245663683613
2017-10-06,-0.0015116004413080661,-0.0015127440618653296,-1511.6004413080661,1.3584658902909745,0.35846589029097453
2017-10-10,0.004094964897432736,0.004086603347739498,4094.964897432736,1.3640287604260757,0.3640287604260757
2017-10-11,0.003360069991116561,0.0033544375693051456,3360.069991116561,1.3686119925310032,0.3686119925310032
2017-10-12,-0.004069250675697281,-0.004077552605637968,-4069.250675697281,1.363042767255629,0.3630427672556289
2017-10-13,0.00402699909805689,0.004018912439895863,4026.9990980568896,1.36853173924998,0.36853173924998006
2017-10-16,-2.0539975270171068e-4,-2.0542085011990142e-4,-205.3997527017107,1.3682506431691737,0.36825064316917366
2017-10-17,0.0014730201224016541,0.0014719362924661438,1473.0201224016541,1.370266103899051,0.3702661038990509
2017-10-18,0.003289302950899353,0.003283905027645621,3289.302950899353,1.3747733242381233,0.37477332423812326
2017-10-19,0.004468231356363002,0.004458278447555569,4468.231356363002,1.3809161295133756,0.3809161295133756
2017-10-20,7.37396113801303e-5,7.373689274863346e-5,73.7396113801303,1.3810179577321144,0.38101795773211444
2017-10-23,0.0014671621815907456,0.0014660869507207635,1467.1621815907456,1.3830441350517968,0.3830441350517968
2017-10-24,0.006935252059294646,0.006911313813514159,6935.252059294646,1.3926358947375101,0.39263589473751015
2017-10-25,-4.5425037575280713e-4,-4.543535787092474e-4,-454.25037575280714,1.3920032893590388,0.39200328935903883
2017-10-26,0.004389320854439419,0.004379715881606255,4389.320854439419,1.3981132384264707,0.39811323842647073
2017-10-27,8.997686773909439e-4,8.993641282034752e-4,899.7686773909439,1.3993712169258523,0.3993712169258523
2017-10-30,3.672030339887389e-4,3.671356314544255e-4,367.20303398873887,1.399885070282384,0.39988507028238396
2017-10-31,0.0017168395310222144,0.0017153674466821298,1716.8395310222145,1.4022884483099327,0.4022884483099327
2017-11-01,-5.221309940026859e-4,-5.222673518566421e-4,-522.130994002686,1.4015562700485382,0.4015562700485382
2017-11-02,0.004140473595892128,0.0041319254226266176,4140.473595892127,1.4073593767778312,0.4073593767778312
2017-11-03,8.818058647760048e-4,8.814173023920432e-4,881.8058647760048,1.4086003945301213,0.4086003945301213
2017-11-06,0.0011599475408115751,0.00115927532143878,1159.9475408115752,1.4102342970937427,0.4102342970937427
2017-11-07,0.0014319418971189637,0.001430917645982757,1431.9418971189637,1.4122536706685052,0.41225367066850516
2017-11-08,-0.0022130024443646015,-0.0022154547529185374,-2213.0024443646016,1.409128349843253,0.40912834984325297
2017-11-09,-0.004914391489970711,-0.004926506821114221,-4914.3914899707115,1.4022033414725068,0.4022033414725068
2017-11-10,-0.005843546767190862,-0.005860687092748278,-5843.546767190862,1.3940095006695008,0.3940095006695008
2017-11-13,0.0014680535135608666,0.0014669769764820925,1468.0535135608666,1.396055981214896,0.39605598121489605
2017-11-14,-8.967336485738255e-4,-8.971359547176865e-4,-896.7336485738256,1.3948040908412478,0.3948040908412478
2017-11-15,0.0011332401509065078,0.0011325985189896443,1133.2401509065078,1.396384738839638,0.396384738839638
2017-11-16,0.008099546702855323,0.008066921422718037,8099.546702855323,1.407694822247024,0.407694822247024
2017-11-17,0.004369629490268238,0.004360110379245275,4369.629490268238,1.4138459270556123,0.4138459270556123
2017-11-20,0.0019127376546951105,0.00191091070131133,1912.7376546951105,1.4165502433982289,0.4165502433982289
2017-11-21,-8.783768328552247e-4,-8.787628318370682e-4,-878.3768328552247,1.4153059784818525,0.41530597848185247
2017-11-22,1.3756175141255134e-4,1.3755229066244045e-4,137.56175141255133,1.4155006704510371,0.4155006704510371
2017-11-23,-0.002339635049006953,-0.002342376271563132,-2339.635049006953,1.4121889154705571,0.41218891547055714
2017-11-24,1.8502428735926268e-4,1.8500717247688634e-4,185.02428735926267,1.4124502047182588,0.4124502047182588
2017-11-27,-7.509938974487039e-5,-7.510220984523318e-5,-75.0993897448704,1.4123441305698394,0.41234413056983943
2017-11-28,-0.0027923869886459785,-0.0027962929742366117,-2792.3869886459784,1.4084003191961458,0.40840031919614583
2017-11-29,0.003170282128096946,0.003165267379693872,3170.282128096946,1.4128653455572995,0.4128653455572995
2017-11-30,-0.0012632277797560894,-0.001264026324534669,-1263.2277797560894,1.4110805748037367,0.4110805748037367
2017-12-01,0.006405786686150475,0.006385356834382968,6405.786686150475,1.4201196559629001,0.42011965596290013
2017-12-04,-0.0012005012262770731,-0.0012012224051160527,-1200.501226277073,1.4184148005744566,0.41841480057445657
2017-12-05,-0.0064733575081728865,-0.00649440054879566,-6473.357508172887,1.4092328944754542,0.4092328944754542
2017-12-06,0.0038673323824952406,0.0038598734771428194,3867.3323824952404,1.4146828664827367,0.41468286648273667
2017-12-07,0.005747037529031624,0.00573058630927542,5747.037529031624,1.422813102008091,0.42281310200809097
2017-12-08,0.004129537858289438,0.004121034718149206,4129.537858289438,1.4286886625781037,0.4286886625781037
2017-12-11,-0.002010598538022046,-0.0020126225046405146,-2010.5985380220459,1.4258161432418353,0.42581614324183525
2017-12-12,-6.593158280880174e-5,-6.593375639114658e-5,-65.93158280880174,1.4257221369267172,0.42572213692671723
2017-12-13,-0.0010077236683195083,-0.0010082317631901858,-1007.7236683195083,1.424285402984889,0.42428540298488904
2017-12-14,-0.004885756951080973,-0.004897731279934993,-4885.7569510809735,1.4173266906769324,0.4173266906769324
2017-12-15,-2.925966749186106e-6,-2.9259710298351646e-6,-2.925966749186106,1.4173225436261627,0.4173225436261627
2017-12-18,0.005738524742031033,0.005722122130202684,5738.524742031033,1.4254558841101999,0.42545588411019986
2017-12-19,8.591229427739233e-4,8.58754107893078e-4,859.1229427739233,1.4266805259641508,0.42668052596415085
2017-12-20,-0.0010140481204228093,-0.001014562615062365,-1014.0481204228093,1.4252338032583531,0.42523380325835314
2017-12-21,0.004151301834471655,0.004142708953896432,4151.301834471655,1.4311503789603706,0.43115037896037056
2017-12-22,-0.0026062872310383582,-0.002609689510434312,-2606.287231038358,1.4274203900019904,0.4274203900019904
2017-12-27,-0.001541051630915354,-0.001542240272308719,-1541.0516309153538,1.425220661481976,0.425220661481976
2017-12-28,0.002286241307165408,0.00228363183400817,2286.241307165408,1.4284790598300816,0.4284790598300816
2017-12-29,0.001993146800831587,0.001991163119155275,1993.1468008315871,1.4313262282982369,0.43132622829823686
2018-01-02,6.0605119710436584e-5,6.060328329436613e-5,60.60511971043658,1.4314129739956478,0.4314129739956478
2018-01-03,0.0045618647051512235,0.00455149093754223,4561.8647051512235,1.4379428863202142,0.43794288632021416
2018-01-04,0.0077298069470919835,0.007700085054113558,7729.806947091984,1.4490579072324135,0.44905790723241346
2018-01-05,0.002900440691926187,0.0028962425295441245,2900.4406919261874,1.4532608137515077,0.45326081375150773
2018-01-08,-0.0023952661669645785,-0.002398139406001703,-2395.2661669645786,1.4497798672925533,0.44977986729255326
2018-01-09,0.00299508449462534,0.002990608164823742,2995.08449462534,1.4541220804937014,0.4541220804937014
2018-01-10,-2.1066624037761384e-5,-2.1066845942202082e-5,-21.066624037761382,1.4540914470505266,0.4540914470505266
2018-01-11,-0.0013840950588889787,-0.0013850538032193062,-1384.0950588889787,1.4520788462634913,0.45207884626349126
2018-01-12,-0.0010712609007371514,-0.001071835110818378,-1071.2609007371514,1.4505232909707015,0.45052329097070154
2018-01-15,-1.6017814534006577e-4,-1.601909752292516e-4,-160.17814534006578,1.4502909488401814,0.4502909488401814
2018-01-16,-6.363611060588951e-4,-6.365636697278663e-4,-636.3611060588951,1.4493680400878701,0.4493680400878701
2018-01-17,0.004284208903550264,0.004275057808078735,4284.208903550264,1.4555774355497357,0.45557743554973573
2018-01-18,0.0018621420586562572,0.0018604104215026083,1862.1420586562572,1.458287927512104,0.4582879275121039
2018-01-19,0.005936153669619415,0.005918604126367407,5936.153669619415,1.4669445487443664,0.4669445487443664
2018-01-22,0.002819194881863551,0.002815228405071209,2819.194881863551,1.4710801513081642,0.47108015130816416
2018-01-23,-0.0032228685680524656,-0.0032280731945157916,-3222.8685680524654,1.4663390533274272,0.4663390533274272
2018-01-24,-0.0033140634230216883,-0.003319567094248707,-3314.0634230216883,1.4614795127050466,0.4614795127050466
2018-01-25,-7.925304906382472e-4,-7.928447089569109e-4,-792.5304906382472,1.4603212456297847,0.4603212456297847
2018-01-26,-0.0018466076842545602,-0.0018483147660883345,-1846.6076842545601,1.4576246051961246,0.4576246051961246
2018-01-29,-0.002889346408696517,-0.002893528627893943,-2889.346408696517,1.4534130227778734,0.45341302277787343
2018-01-30,7.344094383033848e-4,7.341398916555114e-4,734.4094383033848,1.4544804230195543,0.45448042301955427
2018-01-31,-3.089295937962476e-4,-3.0897732237330887e-4,-308.92959379624756,1.4540310909732863,0.4540310909732863
2018-02-01,-0.005081820236689387,-0.00509477659838837,-5081.820236689387,1.4466419663504029,0.4466419663504029
2018-02-02,-0.011536641763030726,-0.011603705104057033,-11536.641763030726,1.4299525762252518,0.42995257622525185
2018-02-05,-0.025088785615633786,-0.025408874300581797,-25088.785615633788,1.3940768025998134,0.39407680259981337
2018-02-06,0.0014465932103752688,0.0014455479023859792,1446.5932103752689,1.3960934646371959,0.39609346463719586
2018-02-07,8.50650018287824e-4,8.502884206085361e-4,850.6500182878241,1.397281051568421,0.3972810515684211
2018-02-08,-0.019329394732978806,-0.019518650249116788,-19329.394732978806,1.3702724545697436,0.37027245456974356
2018-02-09,-0.001222458715968137,-0.0012232065281327185,-1222.458715968137,1.3685973530644036,0.36859735306440355
2018-02-12,0.007510022022232166,0.007481962205833383,7510.022022232166,1.3788755493254858,0.37887554932548584
2018-02-13,4.1503453405916646e-4,4.149484310499267e-4,415.03453405916645,1.379447830296626,0.379447830296626
2018-02-14,0.009493780265144542,0.009448997548351903,9493.780265144542,1.3925440048846924,0.39254400488469243
2018-02-15,0.0025973282682704157,0.0025939610404742265,2597.3282682704157,1.39616089879339,0.39616089879339
2018-02-16,-0.002842696938588777,-0.002846745075101421,-2842.696938588777,1.3921920364806128,0.39219203648061285
2018-02-20,-0.0010708066516456616,-0.0010713803746891346,-1070.8066516456615,1.3907012679875812,0.3907012679875812
2018-02-21,0.014644334391654652,0.014538141619657849,14644.334391654651,1.4110671623948896,0.4110671623948896
2018-02-22,-8.995526932650451e-4,-8.999575335907039e-4,-899.552693265045,1.4097978331285794,0.4097978331285794
2018-02-23,0.010499188649444286,0.01044445494131951,10499.188649444286,1.4245995665361741,0.42459956653617414
2018-02-26,0.0028570781787941217,0.0028530044883244314,2857.078178794122,1.4286697588712445,0.4286697588712445
2018-02-27,0.001853591494190491,0.0018518757133874437,1853.591494190491,1.4313179289842952,0.4313179289842952
2018-02-28,-0.014454224682231174,-0.014559704642333375,-14454.224682231174,1.4106293380470505,0.4106293380470505
2018-03-01,9.497732961213925e-4,9.493225468482173e-4,949.7732961213925,1.411969116123053,0.411969116123053
2018-03-02,-0.0037092245514587043,-0.0037161207832417096,-3709.2245514587044,1.406731805611628,0.40673180561162803
2018-03-05,0.0040494656445939445,0.004041288626194,4049.4656445939445,1.4124283177296098,0.41242831772960975
2018-03-06,0.002385147690581864,0.0023823077407323723,2385.147690581864,1.415797167869755,0.41579716786975496
2018-03-07,-0.0013608904757074214,-0.0013618173281427246,-1360.8904757074215,1.4138704229884675,0.41387042298846755
2018-03-08,0.00655742545583445,0.0065360190710857,6557.425455834449,1.4231417728914235,0.4231417728914235
2018-03-09,0.004363809558883528,0.004354315751375206,4363.809558883528,1.4293520925636138,0.42935209256361384
2018-03-12,-3.285084807838068e-4,-3.285624515149991e-4,-328.5084807838068,1.4288825382791805,0.42888253827918055
2018-03-13,9.736357120148456e-4,9.731620361985176e-4,973.6357120148456,1.4302737493467237,0.4302737493467237
2018-03-14,0.002123353493408327,0.0021211023644444847,2123.353493408327,1.4333107261089293,0.4333107261089293
2018-03-15,0.0023483009744390175,0.0023455480246997672,2348.3009744390174,1.4366765710837248,0.4366765710837248
2018-03-16,3.164356152665822e-4,3.163855600764958e-4,316.4356152665822,1.4371311867184347,0.43713118671843465
2018-03-19,-0.0028172936717291894,-0.0028212697130855576,-2817.2936717291896,1.433082366120648,0.433082366120648
2018-03-20,0.0029178980696359194,0.0029136492681034612,2917.8980696359195,1.4372639543903807,0.4372639543903807
2018-03-21,-2.2602268836583676e-5,-2.2602524271710905e-5,-22.602268836583676,1.4372314689640944,0.43723146896409437
2018-03-22,-0.015174352502188328,-0.015290661094180055,-15174.352502188327,1.4154224120267953,0.4154224120267953
2018-03-23,-0.017686648132303785,-0.01784492593955532,-17686.648132303784,1.3903883338667007,0.3903883338667007
2018-03-26,0.002162888329969285,0.002160552654269474,2162.8883299692848,1.3933955885681464,0.3933955885681464
2018-03-27,-0.006046513708833134,-0.006064867896145907,-6046.513708833134,1.3849704030400416,0.3849704030400416
2018-03-28,-7.234868539600277e-4,-7.237486968748425e-4,-723.4868539600277,1.3839683951603183,0.38396839516031833
2018-03-29,0.008273629341895497,0.0082395904916591,8273.629341895497,1.3954188366827727,0.39541883668277267
2018-04-02,-0.008115891262740982,-0.008149004391636282,-8115.891262740982,1.3840937691382746,0.38409376913827464
2018-04-03,-0.0052631190369895236,-0.005277018037500663,-5263.119036989524,1.3768091188729445,0.37680911887294455
2018-04-04,-0.004730371475030137,-0.004741595090744877,-4730.371475030137,1.3702963002904665,0.37029630029046645
2018-04-05,0.009252921415928076,0.009210375387227101,9252.921415928076,1.3829755442735912,0.38297554427359115
2018-04-06,-0.010459708295398976,-0.010514795511725671,-10459.708295398976,1.3685100235008187,0.36851002350081874
2018-04-09,0.006011283995029518,0.005993288309501168,6011.283995029518,1.3767365259021265,0.3767365259021265
2018-04-10,-7.293646950529697e-4,-7.296308108870285e-4,-729.3646950529698,1.3757323828857435,0.3757323828857435
2018-04-11,-0.009073411811518956,-0.009114825914280603,-9073.411811518956,1.363249796433379,0.36324979643337896
2018-04-12,-0.002397926273058385,-0.0024008059026112056,-2397.9262730583846,1.35998082392977,0.35998082392976993
2018-04-13,-0.0055713148059470434,-0.005586892465921489,-5571.314805947043,1.3524039426296057,0.3524039426296057
2018-04-16,0.0028062321862611,0.002802302067553061,2806.2321862610997,1.3561991021022395,0.3561991021022395
2018-04-17,-6.374420559530819e-4,-6.376453085195098e-4,-637.4420559530819,1.3553346037583138,0.3553346037583138
2018-04-18,0.0037023633554611832,0.0036955264781264453,3702.3633554611833,1.360352544929657,0.36035254492965696
2018-04-19,-0.0036521290923213576,-0.0036588143978041115,-3652.129092321358,1.355384361824506,0.35538436182450606
2018-04-20,0.004585469547256323,0.004574988310486229,4585.469547256323,1.3615994355404797,0.3615994355404797
2018-04-23,0.006483628191000197,0.006462699885931855,6483.628191000197,1.3704275400255999,0.37042754002559986
2018-04-24,9.266138729715488e-4,9.261848313535786e-4,926.6138729715489,1.3716973971960897,0.37169739719608974
2018-04-25,0.0029283667384900993,0.0029240874248435307,2928.366738490099,1.3757142302293122,0.37571423022931216
2018-04-26,0.010534949863517957,0.010479843966567462,10534.949863517957,1.390207310671306,0.390207310671306
2018-04-27,0.005651512919806256,0.005635603035795513,5651.512919806256,1.398064085248774,0.398064085248774
2018-04-30,-0.0032698943892674097,-0.0032752521767134466,-3269.8943892674097,1.3934925633405828,0.3934925633405828
2018-05-01,0.002184555248339955,0.0021821725769439904,2184.5552483399547,1.3965367248333511,0.3965367248333511
2018-05-02,0.0019065333363992296,0.0019047182084196612,1906.5333363992297,1.3991992686547519,0.39919926865475186
2018-05-03,-0.001996329902280565,-0.0019983252248102056,-1996.3299022805652,1.3964060053154872,0.3964060053154872
2018-05-04,0.003262780439447647,0.0032574691213237304,3262.780439447647,1.4009621715151577,0.4009621715151577
2018-05-07,0.006501442471003888,0.006480399252175339,6501.442471003888,1.4100704464773162,0.41007044647731616
2018-05-08,0.0034734882141372507,0.0034674695870105664,3473.488214137251,1.4149683095542582,0.41496830955425823
2018-05-09,0.007231812545033245,0.00720578838128283,7231.8125450332445,1.4252010951261174,0.42520109512611737
2018-05-10,0.0029805208892625945,0.002976087943018538,2980.5208892625947,1.4294489367615406,0.4294489367615406
2018-05-11,0.003925388212654646,0.003917703978847573,3925.388212654646,1.4350600787684962,0.4350600787684962
2018-05-14,0.005511750955316603,0.0054966168408653775,5511.750955316603,1.442969772528585,0.44296977252858505
2018-05-15,3.473266801782282e-4,3.472663762298891e-4,347.32668017822823,1.4434709544292748,0.44347095442927476
2018-05-16,0.0020928368153462587,0.0020906498831084015,2092.836815346259,1.4464919035845876,0.44649190358458757
2018-05-17,-6.645022213749852e-4,-6.64723100831438e-4,-664.5022213749852,1.4455307065014547,0.44553070650145465
2018-05-18,-0.002340478548530977,-0.002343221749553676,-2340.478548530977,1.4421474728916452,0.44214747289164524
2018-05-22,0.004659836016472129,0.0046490125911888775,4659.836016472129,1.44886764362689,0.4488676436268899
2018-05-23,-0.005681668412247561,-0.005697870489252332,-5681.668412247561,1.4406356581025674,0.44063565810256744
2018-05-24,-0.004165246014242082,-0.004173944814921236,-4165.246014242082,1.4346350561696808,0.4346350561696808
2018-05-25,-2.7017146299129774e-4,-2.70207965875845e-4,-270.17146299129774,1.4342474587176965,0.43424745871769654
2018-05-28,-2.6107661542251753e-4,-2.6111070185498716e-4,-261.07661542251753,1.4338730102454962,0.4338730102454962
2018-05-29,-0.019639960639575384,-0.019835387685162287,-19639.960639575384,1.4057118007621252,0.4057118007621252
2018-05-30,0.0035708345398624735,0.0035644742467462144,3570.8345398624733,1.4107313650133788,0.4107313650133788
2018-05-31,0.004910546278979873,0.004898528871899685,4910.546278979873,1.4176588266684853,0.4176588266684853
2018-06-01,-0.005889744184668884,-0.005907157133488891,-5889.744184668884,1.4093091788382701,0.4093091788382701
2018-06-04,0.002868960484550709,0.002864852871929846,2868.9604845507088,1.4133524311828716,0.41335243118287157
2018-06-05,5.356607502524831e-4,5.355173352450441e-4,535.660750252483,1.41410950860653,0.41410950860653006
2018-06-06,0.004903635162944138,0.004891651503733436,4903.635162944138,1.4210437857171867,0.4210437857171867
2018-06-07,0.002566191368457408,0.002562904321647473,2566.191368457408,1.4246904560142941,0.4246904560142941
2018-06-08,0.0017959131257663796,0.0017943024019803834,1795.9131257663796,1.4272490763044043,0.42724907630440434
2018-06-11,-7.943979145472548e-4,-7.947136157765784e-4,-794.3979145472548,1.4261152726146484,0.42611527261464843
2018-06-12,0.0013989415219029335,0.0013979639148492707,1398.9415219029336,1.428110324484529,0.428110324484529
2018-06-13,0.00311972205430235,0.0031148658189026606,3119.72205430235,1.4325656317598003,0.43256563175980034
2018-06-14,-0.0011917155073199643,-0.0011924261649023714,-1191.7155073199644,1.4308584210811786,0.43085842108117856
2018-06-15,-0.001118240331872485,-0.0011188660290891335,-1118.240331872485,1.4292583774855263,0.4292583774855263
2018-06-18,0.0026506587886995225,0.002647151988213266,2650.6587886995226,1.4330468537651309,0.43304685376513086
2018-06-19,-0.0015947145811071595,-0.0015959874918709896,-1594.7145811071596,1.430761553052022,0.4307615530520219
2018-06-20,0.006167429768049255,0.006148489010378426,6167.429768049255,1.4395856744452953,0.4395856744452953
2018-06-21,0.0033390560083249956,0.003333493739191234,3339.0560083249957,1.4443925316410504,0.4443925316410504
2018-06-22,0.004402194813373228,0.00439253349740518,4402.194813373228,1.4507510289523158,0.4507510289523158
2018-06-25,-0.013481004164221062,-0.013572697915927853,-13481.004164221062,1.4311934482897617,0.4311934482897617
2018-06-26,3.1748687872880843e-4,3.1743649043452534e-4,317.48687872880845,1.4316478334305163,0.43164783343051627
2018-06-27,-0.0022657646355134413,-0.0022683353640498218,-2265.764635513441,1.42840405639902,0.4284040563990199
2018-06-28,-0.0034028444135463056,-0.0034086472564518254,-3402.8444135463055,1.4235434196354155,0.42354341963541553
2018-06-29,0.002140748745593631,0.0021384606079676897,2140.748745593631,1.4265908684252981,0.42659086842529814
2018-07-03,-5.964158929642009e-4,-5.965938196719526e-4,-596.4158929642009,1.4257400269586116,0.4257400269586116
2018-07-04,0.0021927520829600105,0.002190351510710722,2192.7520829600103,1.4288663213724846,0.4288663213724846
2018-07-05,2.5411166585872136e-4,2.540793849578785e-4,254.11166585872135,1.4292294129736982,0.4292294129736982
2018-07-06,0.004348383033017396,0.004338956133483377,4348.383033017396,1.4354442499033622,0.43544424990336217
2018-07-09,0.0048868777375215364,0.004874975710594373,4886.877737521537,1.4424590904516683,0.4424590904516683
2018-07-10,0.0022653392658924893,0.002262777253386502,2265.3392658924895,1.4457267496687118,0.44572674966871184
2018-07-11,-0.003455975128827245,-0.003461960805752257,-3455.975128827245,1.4407303539787766,0.4407303539787766
2018-07-12,0.004531707066009878,0.004521469798091742,4531.707066009878,1.447259321904117,0.447259321904117
2018-07-13,-0.0015018764279381425,-0.001503005374841287,-1501.8764279381426,1.4450857172434355,0.4450857172434355
2018-07-16,0.002994283700473499,0.002989809761637227,2994.283700473499,1.4494127138523645,0.4494127138523645
2018-07-17,0.0010991096980370967,0.001098506119198689,1099.1096980370967,1.451005777422618,0.45100577742261794
2018-07-18,-0.002030891245282644,-0.0020329563013175753,-2030.891245282644,1.4480589424923958,0.44805894249239575
2018-07-19,4.99645409380578e-4,4.995206281755278e-4,499.645409380578,1.4487824584955247,0.44878245849552467
2018-07-20,-9.810246158099185e-4,-9.815061354058077e-4,-981.0246158099185,1.447361167240787,0.4473611672407869
2018-07-23,0.003339322801614493,0.0033337596445723004,3339.322801614493,1.4521943733887255,0.4521943733887255
2018-07-24,0.0013162052607130954,0.001315339821882457,1316.2052607130954,1.4541057592625577,0.4541057592625577
2018-07-25,0.0027052644232157803,0.0027016117815075093,2705.2644232157804,1.4580394998406838,0.4580394998406838
2018-07-26,-1.9167848192599052e-4,-1.9169685459400815e-4,-191.67848192599052,1.4577600250427662,0.45776002504276625
2018-07-27,0.001984304896320843,0.0019823387638679304,1984.3048963208432,1.4606526653981193,0.46065266539811933
2018-07-30,0.0018154799893346785,0.0018138339974146651,1815.4799893346785,1.463304451083518,0.46330445108351803
2018-07-31,0.002027522223316184,0.002025469574192695,2027.522223316184,1.4662713333775672,0.4662713333775672
2018-08-01,0.001569528606279106,0.0015682981835436784,1569.528606279106,1.4685726881798704,0.4685726881798704
2018-08-02,0.0011016315757566377,0.0011010252249682114,1101.6315757566376,1.4701905142244631,0.4701905142244631
2018-08-03,-0.00113429429075886,-0.0011349380894120212,-1134.29429075886,1.4685228855178505,0.4685228855178505
2018-08-07,-0.006713949039381717,-0.0067365889877740275,-6713.949039381717,1.4586632977013179,0.45866329770131786
2018-08-08,0.005464015377611171,0.005449141800625141,5464.015377611171,1.4666334563907146,0.46663345639071463
2018-08-09,0.006667273781660358,0.006645145812851311,6667.273781660358,1.4764119031818146,0.4764119031818146
2018-08-10,-0.00539731786525599,-0.005411936008227653,-5397.31786525599,1.4684432388402946,0.4684432388402946
2018-08-13,0.0012822611914975837,0.0012814397967027737,1282.2611914975837,1.4703261666173766,0.4703261666173766
2018-08-14,0.0068628749253265555,0.006839432592621746,6862.874925326556,1.4804168311983066,0.4804168311983066
2018-08-15,-0.0040381260527761476,-0.004046301299658886,-4038.1260527761474,1.4744387214232761,0.47443872142327614
2018-08-16,0.0060179970527306495,0.005999961231972416,6017.99705273065,1.4833118893032333,0.4833118893032333
2018-08-17,0.007635443900063395,0.007606441435858376,7635.443900063395,1.4946376340203051,0.49463763402030514
2018-08-20,8.295579145274159e-4,8.292140215335999e-4,829.5579145274158,1.4958775224989573,0.49587752249895733
2018-08-21,-0.0012457624972131618,-0.0012465391043585997,-1245.7624972131619,1.494014014381004,0.4940140143810039
2018-08-22,0.004774763869905997,0.004763400841063427,4774.763869905996,1.5011475785180037,0.5011475785180037
2018-08-23,-0.0011880046627771312,-0.0011887108997137806,-1188.0046627771312,1.4993642081952077,0.49936420819520766
2018-08-24,-7.602313397008785e-4,-7.605204620883639e-4,-760.2313397008785,1.498224344534512,0.49822434453451203
2018-08-27,0.0022803491913918985,0.0022777531410264006,2280.3491913918983,1.501640819207095,0.5016408192070949
2018-08-28,-0.002381366462654818,-0.002384206425326657,-2381.366462654818,1.4980648621212815,0.49806486212128154
2018-08-29,0.001610153446907532,0.0016088585396594678,1610.153446907532,1.500476976422717,0.500476976422717
2018-08-30,-7.089246316299147e-4,-7.091760375221557e-4,-708.9246316299148,1.4994132513349376,0.49941325133493764
2018-08-31,-0.003985075260232914,-0.003993036831326981,-3985.0752602329135,1.4934379766821773,0.49343797668217726
2018-09-04,-0.0013053932744842383,-0.0013062460424973126,-1305.3932744842382,1.491488452791557,0.49148845279155706
2018-09-05,0.0026534035118855326,0.002649889451561206,2653.4035118855327,1.4954459734901309,0.49544597349013086
2018-09-06,0.0019829595364144743,0.0019809960673775767,1982.9595364144743,1.4984113823444556,0.4984113823444556
2018-09-07,-0.0013524477407996414,-0.0013533631236768606,-1352.4477407996415,1.4963848592556153,0.49638485925561526
2018-09-10,-0.0013966343919053308,-0.0013976105947558395,-1396.6343919053309,1.4942949566976527,0.49429495669765267
2018-09-11,0.0011554475860811226,0.0011547805702707954,1155.4475860811226,1.496021536198262,0.49602153619826206
2018-09-12,-0.006411386900898393,-0.006432028115067698,-6411.386900898393,1.4864299633176188,0.4864299633176188
2018-09-13,-7.637388488129411e-4,-7.640306459081789e-4,-763.7388488129411,1.4852947190085934,0.48529471900859344
2018-09-14,0.002917177532771505,0.002912930827317199,2917.177532771505,1.4896275873924294,0.4896275873924294
2018-09-17,0.0042285892422107745,0.0042196738828131795,4228.5892422107745,1.4959266105833773,0.4959266105833773
2018-09-18,0.0044148621530921695,0.004405145237907064,4414.862153092169,1.5025309203602453,0.5025309203602453
2018-09-19,5.014987334985843e-4,5.013730250354014e-4,501.49873349858433,1.5032844377138483,0.5032844377138483
2018-09-20,0.0049377724509356655,0.004925621634775108,4937.772450935666,1.510707314196312,0.5107073141963121
2018-09-21,0.0017965537750320357,0.0017949419025537182,1796.5537750320357,1.5134213811245998,0.5134213811245998
2018-09-24,-4.312294503421668e-4,-4.3132245650054547e-4,-431.2294503421668,1.5127687492542814,0.5127687492542814
2018-09-25,-0.005815010270331156,-0.005831983273328663,-5815.010270331156,1.5039719834407317,0.5039719834407317
2018-09-26,0.0039084384789220454,0.0039008203767210647,3908.4384789220453,1.5098501654120322,0.5098501654120322
2018-09-27,7.436916532833995e-4,7.434152516757074e-4,743.6916532833994,1.5109730283777578,0.5109730283777578
2018-09-28,-0.009907634521581924,-0.009957041742483793,-9907.634521581924,1.4960028598406232,0.4960028598406232
2018-10-01,9.133931142523327e-4,9.129762245985306e-4,913.3931142523327,1.4973692985517035,0.49736929855170353
2018-10-02,-0.006185345081271275,-0.006204553576568756,-6185.345081271275,1.4881075527260603,0.4881075527260603
2018-10-03,0.001307686208596226,0.00130683193165583,1307.686208596226,1.490053530449668,0.49005353044966804
2018-10-04,-0.002627574196594114,-0.0026310323286674294,-2627.574196594114,1.4861383042415146,0.4861383042415146
2018-10-05,-0.0036615522964749308,-0.0036682721875883166,-3661.5522964749307,1.4806967311207397,0.48069673112073974
2018-10-09,-0.0038678331021478876,-0.0038753325124917613,-3867.8331021478875,1.474969643289869,0.4749696432898689
2018-10-10,-0.011694528724469022,-0.011763447568038495,-11694.528724469023,1.4577205684286958,0.4577205684286958
2018-10-11,-0.021697648646396797,-0.02193650401187723,-21697.648646396796,1.426091459710304,0.42609145971030404
2018-10-12,-0.0013621913112071282,-0.0013631199371979285,-1362.1913112071281,1.4241488503149,0.4241488503149
2018-10-15,-0.0039496390539267194,-0.0039574594769455134,-3949.6390539267195,1.4185239763970914,0.4185239763970914
2018-10-16,0.010955723844002375,0.01089614466192471,10955.723844002376,1.434064933348594,0.434064933348594
2018-10-17,0.0037215620684568256,0.003714654189770286,3721.5620684568257,1.4394018950082481,0.4394018950082481
2018-10-18,-0.008597159033398711,-0.008634327788914752,-8597.159033398711,1.4270271280038866,0.42702712800388665
2018-10-19,-9.724674513039709e-4,-9.729406045515205e-4,-972.467451303971,1.425639390569775,0.42563939056977507
2018-10-22,-0.0061182261463300636,-0.006137019184500472,-6118.226146330064,1.416917006375153,0.41691700637515305
2018-10-23,5.142761927432826e-5,5.1426296919652993e-05,51.427619274328265,1.4169898750435,0.41698987504349994
2018-10-24,-0.022780004307335656,-0.023043477576356716,-22780.004307335657,1.3847108395865582,0.38471083958655816
2018-10-25,0.0046494871095382004,0.00463871163173489,4649.4871095382005,1.3911490347856537,0.39114903478565366
2018-10-26,-0.005278127131631837,-0.005292105653279271,-5278.127131631837,1.383806373321008,0.383806373321008
2018-10-29,-0.005545324820555142,-0.005560757212430807,-5545.324820555142,1.3761327174921887,0.3761327174921887
2018-10-30,0.011278083363602993,0.011214959945481082,11278.083363602993,1.3916528569994473,0.3916528569994473
2018-10-31,0.0035579543442200157,0.003551639798140855,3557.9543442200156,1.3966042943276544,0.3966042943276544
2018-11-01,-5.811814906951189e-4,-5.81350442121815e-4,-581.1814906951189,1.3957926137619658,0.39579261376196584
2018-11-02,0.002148305023613202,0.0021460007160228594,2148.305023613202,1.3987912020460331,0.39879120204603313
2018-11-05,0.0033004085931497285,0.0032949741985743835,3300.4085931497284,1.4034077845492883,0.4034077845492883
2018-11-06,9.825686916947922e-4,9.820862870491168e-4,982.5686916947923,1.4047867291000673,0.4047867291000673
2018-11-07,6.591009257072564e-4,6.588838140858648e-4,659.1009257072565,1.4057126253336385,0.4057126253336385
2018-11-08,0.00507858269205615,0.005065730187614036,5078.58269205615,1.4128516531426625,0.4128516531426625
2018-11-09,-0.005746863171340229,-0.0057634399295781995,-5746.863171340229,1.4047321880106498,0.4047321880106498
2018-11-12,-0.007121882218623532,-0.007147363878790492,-7121.882218623532,1.3947278508189287,0.3947278508189287
2018-11-13,0.005988015565632739,0.005970158649960136,5988.015565632739,1.4030795028994538,0.4030795028994538
2018-11-14,-1.97093050830488e-5,-1.9709499313954336e-5,-19.7093050830488,1.4030518491774753,0.4030518491774753
2018-11-15,0.0020885094275333582,0.002086331523573702,2088.509427533358,1.4059821361918006,0.40598213619180057
2018-11-16,-0.003262369085770914,-0.003267702214044224,-3262.369085770914,1.4013953035355422,0.4013953035355422
2018-11-19,-0.007331308721245007,-0.007358314839445242,-7331.308721245007,1.3911212419248205,0.39112124192482045
2018-11-20,-0.013595310262247806,-0.013688572745745626,-13595.310262247805,1.372208517028449,0.37220851702844904
2018-11-21,0.012176959718227446,0.012103416960452062,12176.959718227447,1.388917844865313,0.388917844865313
2018-11-22,-0.004044338427563243,-0.004052538881964717,-4044.3384275632434,1.383300591052596,0.38330059105259595
2018-11-23,0.002908408318726296,0.0029041870819914634,2908.4083187262963,1.3873237939989123,0.38732379399891226
2018-11-26,2.8950335216289628e-5,2.8949916163422853e-5,28.950335216289627,1.387363957487802,0.38736395748780206
2018-11-27,0.004068310104101043,0.004060056907352834,4068.310104101043,1.3930081842941153,0.3930081842941153
2018-11-28,0.019219269395232254,0.019036912049534588,19219.269395232255,1.4197807838578271,0.41978078385782713
2018-11-29,-0.005256535927187889,-0.005270400118587228,-5256.535927187889,1.4123176551587475,0.4123176551587475
2018-11-30,-0.003067387766269099,-0.0030721018425248084,-3067.387766269099,1.4079855292612276,0.40798552926122755
2018-12-03,-0.0022566887473382904,-0.002259238906722502,-2256.6887473382903,1.4048081441609286,0.4048081441609286
2018-12-04,-0.01530526150614982,-0.015423596000653095,-15305.26150614982,1.3833071881485766,0.38330718814857656
2018-12-05,0.001469263494904079,0.0014681851833819668,1469.263494904079,1.3853396309023616,0.38533963090236156
2018-12-06,-0.013128068792802186,-0.013215003583451354,-13128.068792802187,1.3671527969264803,0.3671527969264803
2018-12-07,-0.007540111605753259,-0.007568681953612408,-7540.111605753259,1.356844312255537,0.3568443122555369
2018-12-10,-0.0035163707736118317,-0.0035225677367990023,-3516.3707736118317,1.3520731445715801,0.3520731445715801
2018-12-11,-0.0064023074376561295,-0.006422890105997829,-6402.30743765613,1.3434167566218345,0.34341675662183446
2018-12-12,0.0056465952969675754,0.005630713036825594,5646.595296967575,1.3510024873616426,0.35100248736164263
2018-12-13,-0.0017101260330694332,-0.0017115899678406346,-1710.1260330694333,1.348692102837264,0.34869210283726404
2018-12-14,-0.001222955948245119,-0.00122370436912353,-1222.955948245119,1.347042711807748,0.34704271180774793
2018-12-17,-0.010725033211409699,-0.010782960936933457,-10725.033211409698,1.3325956339864224,0.33259563398642245
2018-12-18,2.1139987264643723e-5,2.1139763818262046e-5,21.13998726464372,1.332623805041154,0.3326238050411541
2018-12-19,-0.01096695721231535,-0.011027537616541011,-10966.95721231535,1.3180089767911547,0.3180089767911547
2018-12-20,-0.008434850861878024,-0.008470625527765714,-8434.850861878025,1.306891767637305,0.3068917676373051
2018-12-21,-0.01904019198150388,-0.019223790675558412,-19040.19198150388,1.2820082974824438,0.2820082974824438
2018-12-24,-0.007114205811195448,-0.007139632438631016,-7114.2058111954475,1.2728878266024932,0.2728878266024932
2018-12-27,0.022112840986263614,0.02187189761050185,22112.840986263614,1.301034992705505,0.30103499270550493
2018-12-28,0.006140936603228822,0.006122157892081942,6140.936603228823,1.3090245661142916,0.30902456611429163
2018-12-31,0.002951913371943412,0.00294756503084811,2951.9133719434117,1.3128886932352068,0.31288869323520685
2019-01-02,0.00495256639850868,0.004940342783772471,4952.56639850868,1.3193908616623053,0.31939086166230535
2019-01-03,-0.008174788991202608,-0.008208385801899025,-8174.7889912026085,1.3086051197712951,0.3086051197712951
2019-01-04,0.01148559959041684,0.011420140836645606,11485.59959041684,1.3236352341989577,0.3236352341989577
2019-01-07,0.002105102303609755,0.002102889680410101,2105.102303609755,1.326421621779609,0.326421621779609
2019-01-08,0.0035175355830487733,0.0035113635241496156,3517.5355830487733,1.331087357032344,0.33108735703234404
2019-01-09,0.016890809231716448,0.016749745748461442,16890.80923171645,1.353570499650727,0.35357049965072695
2019-01-10,0.008485195280649727,0.008449398364516587,8485.195280649727,1.3650558096663898,0.36505580966638984
2019-01-11,0.0032437693680938033,0.003238519697653784,3243.769368093803,1.3694837358875243,0.36948373588752426
2019-01-14,-0.001426474401125144,-0.0014274927843139214,-1426.474401125144,1.3675302023955234,0.36753020239552336
2019-01-15,0.005276385398293116,0.005262514049185675,5276.385398293116,1.374745818787168,0.37474581878716795
2019-01-16,0.011258409404254856,0.01119550520691977,11258.409404254855,1.3902232700418615,0.3902232700418615
2019-01-17,0.007963419204971232,0.007931878519403092,7963.419204971232,1.4012942007297107,0.40129420072971067
2019-01-18,0.00832007273096443,0.008285651717606006,8320.07273096443,1.4129530703972606,0.4129530703972606
2019-01-21,0.004805488762468076,0.004793979259142751,4805.488762468076,1.4197430004989493,0.4197430004989493
2019-01-22,-0.0024203463572733583,-0.0024232801303052157,-2420.3463572733585,1.4163067306994273,0.41630673069942725
2019-01-23,-0.002664285829186911,-0.002667841355372877,-2664.285829186911,1.4125332847470429,0.41253328474704287
2019-01-24,0.0038080036930609644,0.003800771601072043,3808.0036930609645,1.4179122167119311,0.41791221671193113
2019-01-25,0.002559908570944939,0.002556637586091361,2559.908570944939,1.4215419423483395,0.4215419423483395
2019-01-28,0.0019486006287841213,0.0019467045692878042,1948.6006287841212,1.4243119598710423,0.4243119598710423
2019-01-29,0.004978007930247422,0.004965658615140027,4978.007930247422,1.4314021961024268,0.4314021961024268
2019-01-30,0.0032485849048001407,0.0032433196528553,3248.5849048001405,1.4360522276693828,0.4360522276693828
2019-01-31,0.0010899239690330687,0.0010893304331374499,1089.9239690330687,1.4376174154131032,0.4376174154131032
2019-02-01,-0.0031469149774321545,-0.003151876926993186,-3146.9149774321545,1.4330933556367225,0.43309335563672247
2019-02-04,0.005011115779753957,0.004998601927239566,5011.115779753956,1.4402747523650141,0.4402747523650141
2019-02-05,0.005015601249389046,0.005003065021781638,5015.601249389046,1.4474985962124396,0.4474985962124396
2019-02-06,0.0014495169126385596,0.0014484673770891513,1449.5169126385597,1.44959676990867,0.44959676990867004
2019-02-07,-0.003960154188649312,-0.003968016363061435,-3960.154188649312,1.4438561431884636,0.44385614318846356
2019-02-08,-0.002069203497849799,-0.002071347257167568,-2069.203497849799,1.4408685110065862,0.4408685110065862
2019-02-11,-0.0018442128841142382,-0.00184591553838854,-1844.2128841142382,1.4382112427342733,0.43821124273427325
2019-02-12,0.006340739503866785,0.006320721589497498,6340.739503866785,1.4473305655759838,0.44733056557598383
2019-02-13,4.792609730171111e-4,4.7914616415778823e-4,479.2609730171111,1.4480242146311193,0.4480242146311193
2019-02-14,-0.0031659676660280942,-0.0031709899447086055,-3165.9676660280943,1.4434398167879714,0.4434398167879714
2019-02-15,0.008142147067529434,0.00810917862314403,8142.147067529434,1.4551925160593866,0.4551925160593866
2019-02-19,0.002325458625788035,0.0023227589314195455,2325.458625788035,1.4585765060480391,0.4585765060480391
2019-02-20,0.008019562987450211,0.007987577186494453,8019.562987450211,1.4702736522103064,0.47027365221030637
2019-02-21,-0.002087420039232568,-0.002089601737051214,-2087.4200392325683,1.4672045735255268,0.4672045735255268
2019-02-22,-6.201805082025428e-4,-6.203728996829964e-4,-620.1805082025428,1.4662946418474807,0.4662946418474807
2019-02-25,0.0031072112444112117,0.003102393840101409,3107.2112444112117,1.4708507290462491,0.47085072904624914
2019-02-26,-0.001692989055487186,-0.001694423781003247,-1692.989055487186,1.4683605948597185,0.4683605948597185
2019-02-27,0.004130330665777227,0.004121824264860979,4130.330665777227,1.4744254096530864,0.47442540965308644
2019-02-28,-0.008859378374506401,-0.008898856004900412,-8859.378374506401,1.461362917063983,0.461362917063983
2019-03-01,7.066769836895357e-4,7.064274050839466e-4,706.6769836895357,1.4623956286022894,0.46239562860228944
2019-03-04,0.001734857599902791,0.0017333544726801766,1734.857599902791,1.4649326767726347,0.4649326767726347
2019-03-05,4.041827945781377e-4,4.041011347153546e-4,404.1827945781377,1.4655247773558016,0.46552477735580156
2019-03-06,-3.8967046164406494e-5,-3.896780539947338e-5,-38.9670461644065,1.4654676701841471,0.46546767018414714
2019-03-07,-0.0039088200447330475,-0.003916479447804697,-3908.8200447330473,1.4597394207800232,0.45973942078002317
2019-03-08,-0.00285739328589533,-0.002861483427377106,-2857.3932858953303,1.4555683711599297,0.45556837115992965
2019-03-11,0.0029766117979327378,0.002972190460598637,2976.6117979327378,1.4599010331462219,0.4599010331462219
2019-03-12,-0.001000501516263482,-0.0010010023519913085,-1000.501516263482,1.4584403999489643,0.45844039994896435
2019-03-13,-8.6204191141744e-4,-8.624136832165638e-4,-862.04191141744,1.4571831631989038,0.45718316319890384
2019-03-14,0.0012571197720994132,0.001256330258644757,1257.1197720994132,1.4590150169649316,0.45901501696493163
2019-03-15,0.007060386825367137,0.0070355789944485285,7060.386825367137,1.4693162273687237,0.4693162273687237
2019-03-18,0.006720234230227716,0.006697754114401635,6720.234230227716,1.479190376574916,0.4791903765749159
2019-03-19,-0.0038549551443950256,-0.0038624046351089674,-3854.955144395026,1.473488164023199,0.47348816402319893
2019-03-20,-0.007386741957481383,-0.007414159034542803,-7386.741957481383,1.4626038871781566,0.4626038871781566
2019-03-21,-0.00350703121485805,-0.003513195264725654,-3507.03121485805,1.45747448969085,0.45747448969085003
2019-03-22,-0.012555763495424735,-0.01263525316377002,-12555.763495424735,1.4391747846976768,0.4391747846976768
2019-03-25,-0.0027169669394258023,-0.002720664593221478,-2716.966939425802,1.435264594387598,0.4352645943875979
2019-03-26,1.6978395193171603e-4,1.6976954026777234e-4,169.78395193171602,1.4355082792825007,0.4355082792825007
2019-03-27,-0.0032238338629270724,-0.0032290416109366457,-3223.8338629270725,1.4308804390812375,0.4308804390812375
2019-03-28,-4.4504483732799027e-4,-4.451438991740055e-4,-445.04483732799025,1.430243633128991,0.43024363312899094
2019-03-29,-0.007429313074658309,-0.007457047873424825,-7429.313074658309,1.4196179054054388,0.41961790540543875
2019-04-01,0.0163441587707193,0.016212030744764024,16344.158770719298,1.4428203658451413,0.4428203658451413
2019-04-02,0.003198779192929583,0.003193673982829778,3198.779192929583,1.4474356296105417,0.44743562961054173
2019-04-03,0.0030472232378987805,0.0030425898633992966,3047.2232378987806,1.4518462890964539,0.45184628909645386
2019-04-04,0.002872730797495726,0.002868612391873425,2872.730797495726,1.4560170526443712,0.4560170526443712
2019-04-05,0.0018464832415984547,0.0018447805870442425,1846.4832415984547,1.4587055637315607,0.4587055637315607
2019-04-08,-0.0013017076953920994,-0.0013025556527958848,-1301.7076953920994,1.4568067554739401,0.4568067554739401
2019-04-09,-0.0029576124041911416,-0.0029619947828091677,-2957.6124041911416,1.452498085743441,0.4524980857434411
2019-04-10,0.0018869839630004655,0.0018852058452638685,1886.9839630004656,1.4552389263375278,0.4552389263375278
2019-04-11,0.0010501220846690733,0.0010495710921785697,1050.1220846690733,1.4567671048725448,0.4567671048725448
2019-04-12,0.008214248132349129,0.008180694814450357,8214.248132349128,1.4687333513430116,0.46873335134301164
2019-04-15,0.0038864900198474954,0.0038789571288725057,3886.490019847495,1.4744415688548234,0.47444156885482336
2019-04-16,0.004666705185923899,0.004655849876528956,4666.705185923899,1.48132235297054,0.48132235297053994
2019-04-17,0.004948393444587528,0.004936190386212062,4948.393444587528,1.4886525187913004,0.48865251879130045
2019-04-18,0.003527473101272364,0.003521266160294468,3527.4731012723637,1.493903700508478,0.4939037005084781
2019-04-22,-0.0021510147422898287,-0.002153331497346325,-2151.0147422898285,1.490690291625123,0.490690291625123
2019-04-23,0.003568107355499783,0.0035617567623650714,3568.107355499783,1.496009234619443,0.4960092346194429
2019-04-24,-0.005877915059077457,-0.00589525799539614,-5877.915059077457,1.4872158194107543,0.4872158194107543
2019-04-25,0.002576882523175024,0.002573568054182995,2576.8825231750243,1.4910481998639835,0.4910481998639835
2019-04-26,0.004544866057054656,0.004534569339663232,4544.866057054656,1.4978248142169777,0.49782481421697766
2019-04-29,0.004864616527251638,0.004852822513709747,4864.616527251637,1.5051111575631453,0.5051111575631453
2019-04-30,0.0026914646247280603,0.0026878491196979538,2691.4646247280602,1.50916211100001,0.50916211100001
2019-05-01,-6.652140360142538e-4,-6.65435389041313e-4,-665.2140360142538,1.5081581951811518,0.5081581951811518
2019-05-02,-0.0022913458412368395,-0.0022939749910811033,-2291.3458412368395,1.5047024831726963,0.5047024831726963
2019-05-03,0.003541216268757104,0.003534960925757895,3541.216268757104,1.5100309600857467,0.5100309600857467
2019-05-06,-3.287845709292562e-4,-3.288386324263456e-4,-328.78457092925623,1.509534485204445,0.509534485204445
2019-05-07,-0.007240646427238188,-0.007266987133759876,-7240.646427238188,1.4986044797273566,0.49860447972735655
2019-05-08,-0.0027821019676439645,-0.0027859792062416137,-2782.1019676439646,1.494435209255587,0.49443520925558704
2019-05-09,-0.004594563505866289,-0.00460515095502327,-4594.563505866289,1.4875689317812597,0.4875689317812597
2019-05-10,-0.0025553049397495364,-0.0025585753037899745,-2555.3049397495365,1.483767739541661,0.4837677395416611
2019-05-13,-0.011102214712841488,-0.01116430428079147,-11102.214712841487,1.4672946315132822,0.4672946315132822
2019-05-14,0.0030626190960675683,0.0030579388316802937,3062.6190960675685,1.4717883960713123,0.4717883960713123
2019-05-15,0.001214146254941706,0.0012134097754464487,1214.1462549417058,1.473575362440469,0.47357536244046905
2019-05-16,0.004995625670765835,0.004983188935164475,4995.625670765835,1.4809367933488848,0.48093679334888484
2019-05-17,-0.0025614416171040135,-0.0025647277213250905,-2561.4416171040134,1.4771434602141005,0.4771434602141005
2019-05-21,0.005046478867913761,0.005033788071415351,5046.478867913761,1.4845978334709478,0.48459783347094776
2019-05-22,-0.01123255045705899,-0.01129611197211431,-11232.550457058991,1.4679220133980448,0.46792201339804484
2019-05-23,-0.012224422577591116,-0.01229975539425057,-12224.422577591116,1.4499775143953189,0.44997751439531886
2019-05-24,0.007157163145195192,0.007131672209308998,7157.163145195192,1.4603552400227107,0.46035524002271067
2019-05-27,0.0030508195158776927,0.0030461752095810608,3050.8195158776925,1.4648105202890862,0.4648105202890862
2019-05-28,-0.005494458787482855,-0.005509608845898218,-5494.458787482855,1.4567621792538865,0.4567621792538865
2019-05-29,-0.011429294498847923,-0.011495110855473044,-11429.294498847923,1.4401124152924103,0.4401124152924103
2019-05-30,-0.006094644555834472,-0.0061132927098200285,-6094.644555834472,1.4313354420007587,0.4313354420007587
2019-05-31,-0.009650705404543566,-0.009697575257144146,-9650.705404543565,1.417522045314927,0.4175220453149271
2019-06-03,0.0030984242048420203,0.0030936339807789326,3098.42420484202,1.421914129931028,0.42191412993102806
2019-06-04,0.014296208306648385,0.014194981156257041,14296.208306648385,1.4422421105266887,0.4422421105266887
2019-06-05,5.99538766793972e-4,5.993591152293262e-4,599.5387667939721,1.4431067905830521,0.44310679058305213
2019-06-06,-0.0018220116470131034,-0.001823673529186611,-1822.0116470131034,1.4404774332027261,0.44047743320272614
2019-06-07,4.962879214286396e-4,4.961648113085213e-4,496.28792142863966,1.441192324753915,0.4411923247539149
2019-06-10,0.002706536142361937,0.0027028800687947372,2706.536142361937,1.445092963868956,0.445092963868956
2019-06-11,-1.1074822165944376e-4,-1.1075435469656361e-4,-110.74822165944376,1.444932922393075,0.4449329223930749
2019-06-12,-0.007888715917196086,-0.007919996454057525,-7888.715917196086,1.433534257048912,0.433534257048912
2019-06-13,0.0023684672856361297,0.0023656668878898977,2368.46728563613,1.436929536039571,0.4369295360395711
2019-06-14,0.006043068011363857,0.006024881905673447,6043.068011363857,1.445612998953396,0.4456129989533959
2019-06-17,8.678010237079258e-4,8.674247020986662e-4,867.8010237079258,1.4468675033937732,0.44686750339377324
2019-06-18,0.00985349708130856,0.009805267937308052,9853.49708130856,1.461124208115504,0.46112420811550403
2019-06-19,2.7479501137052853e-4,2.747572621367672e-4,274.7950113705285,1.461525717758887,0.46152571775888696
2019-06-20,0.001687653156035862,0.0016862306696658507,1687.6531560358621,1.4639922662490905,0.4639922662490905
2019-06-21,-0.0014988153827822,-0.0014999397301578943,-1498.8153827822,1.4617980121201621,0.46179801212016214
2019-06-24,5.198762246040692e-4,5.197411357772333e-4,519.8762246040692,1.462557966151837,0.4625579661518371
2019-06-25,-0.006151280613007959,-0.006170277683872841,-6151.280613007959,1.4535613616892469,0.4535613616892469
2019-06-26,-0.003535642345574537,-0.0035419075008973804,-3535.642345574537,1.4484220885869674,0.4484220885869674
2019-06-27,-0.0019176388541680502,-0.0019194798775440292,-1917.6388541680503,1.4456445381126577,0.4456445381126577
2019-06-28,0.006919483881155115,0.006895654115862244,6919.483881155114,1.455647652192008,0.4556476521920081
2019-07-02,0.0077992681673321185,0.007769011095543838,7799.2681673321185,1.4670006385886012,0.4670006385886012
2019-07-03,0.005393393484117714,0.005378901222440665,5393.393484117713,1.4749127502739614,0.4749127502739614
2019-07-04,4.803177303461803e-4,4.802024147090903e-4,480.3177303461803,1.4756211770186314,0.4756211770186314
2019-07-05,0.0014632577297444826,0.0014621882113462416,1463.2577297444827,1.4777803911120786,0.4777803911120786
2019-07-08,-0.003620770021688942,-0.003627340875292111,-3620.770021688942,1.4724296881733001,0.4724296881733001
2019-07-09,0.003089198112824154,0.0030844363445107228,3089.198112824154,1.4769783151872713,0.4769783151872713
2019-07-10,-0.002792306132846219,-0.0027962118920272236,-2792.306132846219,1.472854139579693,0.472854139579693
2019-07-11,-7.928710735952876e-4,-7.931855621085112e-4,-792.8710735952876,1.4716863561367952,0.4716863561367952
2019-07-12,-0.005157830757147929,-0.005171178282172532,-5157.830757147929,1.4640956469842379,0.4640956469842379
2019-07-15,-0.00202460314658992,-0.00202665542604266,-2024.6031465899202,1.461131434330445,0.4611314343304449
2019-07-16,-8.120922266236692e-4,-8.124221521480029e-4,-812.0922266236691,1.4599448608505496,0.45994486085054964
2019-07-17,-0.0029304523954376176,-0.0029347545780084535,-2930.4523954376177,1.4556665619358633,0.4556665619358633
2019-07-18,0.0026420052570000716,0.0026385212961904407,2642.0052570000717,1.459512440644937,0.4595124406449369
2019-07-19,7.020930036431006e-4,7.018466516514809e-4,702.0930036431006,1.4605371541182437,0.4605371541182437
2019-07-22,-4.9055153565606246e-5,-4.905635680900227e-5,-49.05515356560625,1.4604655072438602,0.46046550724386015
2019-07-23,0.004991030194185712,0.0049786162912947044,4991.030194185712,1.467754734688081,0.46775473468808104
2019-07-24,0.0062705110522902245,0.0062509331973421255,6270.511052290224,1.4769583069739942,0.4769583069739942
2019-07-25,-8.423605583442646e-4,-8.427155433636444e-4,-842.3605583442646,1.4757141755498802,0.47571417554988016
2019-07-26,6.642939133280807e-4,6.640733677924048e-4,664.2939133280807,1.4766944834945102,0.47669448349451016
2019-07-29,9.149124043605905e-4,9.144941271120176e-4,914.9124043605905,1.47804552959491,0.47804552959491
2019-07-30,-0.00415873224364773,-0.0041674038207803535,-4158.73224364773,1.4718987339934044,0.47189873399340443
2019-07-31,0.0013925278178758365,0.0013915591501742612,1392.5278178758365,1.4739483939255864,0.4739483939255864
2019-08-01,-0.01015525813962929,-0.010207174555713674,-10155.25813962929,1.4589800675007802,0.45898006750078024
2019-08-02,-0.007469117719335005,-0.007497151256848124,-7469.117719335005,1.4480827736264534,0.44808277362645343
2019-08-06,-0.013530855340670165,-0.01362323159673062,-13530.855340670165,1.4284889750951977,0.4284889750951977
2019-08-07,0.0032738579966586166,0.003268510591485687,3273.8579966586167,1.4331656451494519,0.4331656451494519
2019-08-08,0.005718873899081396,0.005702583219795198,5718.873899081396,1.4413617387505573,0.4413617387505573
2019-08-09,-0.004246979147643937,-0.004256023179209633,-4246.979147643937,1.4352403055018719,0.43524030550187187
2019-08-12,-0.008556209439721258,-0.008593023945206233,-8556.209439721259,1.4229600888516682,0.42296008885166825
2019-08-13,0.0046277666593310856,0.004617091469393214,4627.766659331086,1.4295452161084148,0.4295452161084148
2019-08-14,-0.020297529364242006,-0.020506354805835923,-20297.529364242007,1.4005289801069425,0.4005289801069425
2019-08-15,-0.006505380612234619,-0.006526632819963421,-6505.380612234619,1.3914180060328822,0.39141800603288224
2019-08-16,0.008305150275260537,0.008270852283845161,8305.150275260537,1.4029739416686886,0.4029739416686886
2019-08-19,0.0077951722604131515,0.007764946878222318,7795.172260413152,1.4139103652208667,0.41391036522086666
2019-08-20,-0.010618061533840262,-0.010674835392389006,-10618.061533840262,1.398897377959617,0.398897377959617
2019-08-21,0.005343268328766896,0.005329043718657939,5343.268328766896,1.4063720620144635,0.4063720620144635
2019-08-22,0.0037619191560221052,0.0037548608345055147,3761.919156022105,1.41166272001505,0.41166272001505
2019-08-23,-0.01416348235966358,-0.014264741736646233,-14163.48235966358,1.3916686599823223,0.39166865998232225
2019-08-26,0.003952601473973175,0.003944810467847378,3952.601473973175,1.3971693715790507,0.39716937157905075
2019-08-27,-0.005202945557494583,-0.0052165280117288495,-5202.945557494583,1.389899975404126,0.3898999754041259
2019-08-28,0.006581541789287696,0.006559978006704935,6581.541789287696,1.399047660175178,0.399047660175178
2019-08-29,0.013371234404171168,0.01328262842310668,13371.234404171168,1.4177546543819877,0.41775465438198767
2019-08-30,0.003356623529625661,0.0033510026434862383,3356.623529625661,1.4225135230141224,0.42251352301412237
2019-09-03,-0.005176608200289423,-0.005190053256449327,-5176.608200289423,1.415149727845865,0.4151497278458649
2019-09-04,-3.7831814991334806e-4,-3.783897302786285e-4,-378.31814991334807,1.414614351018976,0.4146143510189759
2019-09-05,0.01373419453791121,0.013640735241268886,13734.19453791121,1.4340429397119916,0.4340429397119916
2019-09-06,0.003295963106826838,0.003290543326092409,3295.963106826838,1.438769492334888,0.43876949233488793
2019-09-09,0.005867085022954409,0.005849940705050889,5867.085022954409,1.4472108752748494,0.4472108752748494
2019-09-10,0.009855059749726483,0.009806815357021294,9855.059749726483,1.461473224921137,0.46147322492113707
2019-09-11,0.008724933914536215,0.008687091633596959,8724.933914536216,1.474224482226438,0.4742244822264381
2019-09-12,0.006247220282121842,0.006227787294270773,6247.220282121842,1.4834342873122037,0.4834342873122037
2019-09-13,0.007197787466364143,0.00717200702831607,7197.787466364143,1.4941117320325943,0.4941117320325943
2019-09-16,2.3540834979912667e-4,2.3538064560133014e-4,235.40834979912668,1.4944634584098475,0.4944634584098475
2019-09-17,0.002648741923707583,0.002645240188916603,2648.7419237075833,1.4984219064255868,0.4984219064255868
2019-09-18,0.003402133138165323,0.003396358975826885,3402.1331381653226,1.50351973724839,0.5035197372483899
2019-09-19,0.003845812552778438,0.003838436321369931,3845.812552778438,1.5093019923272502,0.5093019923272502
2019-09-20,0.004113851593369022,0.004105412841833689,4113.851593369022,1.5155110367332605,0.5155110367332605
2019-09-23,-0.0022430392632488507,-0.002245558643901947,-2243.0392632488506,1.512111685973981,0.5121116859739809
2019-09-24,-0.0030195853356779767,-0.0030241534817333176,-3019.5853356779767,1.5075457357011064,0.5075457357011064
2019-09-25,0.005699526937067323,0.005683346086430377,5699.526937067323,1.5161380332305956,0.5161380332305956
2019-09-26,0.0022067170856181293,0.0022042858614957357,2206.717085618129,1.5194837209326812,0.5194837209326812
2019-09-27,0.003235680856099487,0.003230457305593446,3235.6808560994873,1.5244002853196577,0.5244002853196577
2019-09-30,6.506054753338171e-4,6.503939233444985e-4,650.605475333817,1.5253920684918871,0.5253920684918871
2019-10-01,-0.00870682658497901,-0.008744952464504614,-8706.826584979011,1.512110744277426,0.512110744277426
2019-10-02,-0.013728409730958659,-0.013823515787603834,-13728.409730958658,1.4913518684214004,0.49135186842140044
2019-10-03,-0.0025576125947316393,-0.00256088887331718,-2557.612594731639,1.4875375680995493,0.4875375680995493
2019-10-04,0.006647227118051175,0.006625231722329551,6647.227118051175,1.4974255681613404,0.4974255681613404
2019-10-07,-3.941671968926328e-4,-3.942449012018499e-4,-394.1671968926328,1.496835332122583,0.4968353321225829
2019-10-08,-0.004562242561039616,-0.004572681351261399,-4562.242561039616,1.4900064062635054,0.49000640626350545
2019-10-09,0.007672323106060548,0.00764304051675812,7672.3231060605485,1.501438216842459,0.5014382168424589
2019-10-10,0.0015523203307746998,0.001551116726994781,1552.3203307746999,1.5037689299118657,0.5037689299118657
2019-10-11,0.007421104132735742,0.007393703219310282,7421.1041327357425,1.5149285557323142,0.5149285557323142
2019-10-15,0.004733054598959526,0.004721888914044162,4733.054598959526,1.5220987953001182,0.5220987953001182
2019-10-16,0.003339566256689445,0.0033340022893484818,3339.566256689445,1.52718194507625,0.52718194507625
2019-10-17,-0.0032212186973124,-0.003226417990636606,-3221.2186973124003,1.5222625580405726,0.5222625580405726
2019-10-18,0.0019326563897162177,0.0019307912121341343,1932.6563897162177,1.5252045685001954,0.5252045685001954
2019-10-21,0.002356204519820511,0.0023534330225733926,2356.204519820511,1.5287982623981464,0.5287982623981464
2019-10-22,6.785872437658862e-4,6.783571075479679e-4,678.5872437658862,1.529835685397301,0.529835685397301
2019-10-23,5.002152190515806e-4,5.000901531237442e-4,500.2152190515806,1.5306009324897851,0.5306009324897851
2019-10-24,-0.001100855506889172,-0.0011014618933828202,-1100.8555068891721,1.528915962024404,0.5289159620244039
2019-10-25,0.002959672301558543,0.002955301094262455,2959.672301558543,1.5334410522486184,0.5334410522486184
2019-10-28,8.546596489783879e-4,8.542946353807152e-4,854.6596489783878,1.5347516224400624,0.5347516224400624
2019-10-29,0.0023833592723193626,0.0023805235763699633,2383.359272319363,1.538409486950112,0.5384094869501119
2019-10-30,0.003374512417189557,0.003368831526732154,3374.512417189557,1.5436008688665472,0.5436008688665472
2019-10-31,-0.0027967369746576543,-0.002800655150620574,-2796.736974657654,1.5392838232424744,0.5392838232424744
2019-11-01,0.0037532792355426206,0.003746253257849098,3753.2792355426204,1.545061185253857,0.5450611852538569
2019-11-04,0.005282789117584322,0.005268884137042223,5282.789117584322,1.553223417669318,0.553223417669318
2019-11-05,0.004043479000738518,0.004035326109497341,4043.4790007385177,1.5595038439421192,0.5595038439421192
2019-11-06,0.002642504951512377,0.0026390196738618,2642.504951512377,1.5636248405716389,0.5636248405716389
2019-11-07,0.003555193070894376,0.003548888310683163,3555.193070894376,1.5691838287703175,0.5691838287703175
2019-11-08,0.0018338587786869511,0.0018321793126324353,1833.8587786869512,1.5720614903100816,0.5720614903100816
2019-11-11,-8.313106632544069e-4,-8.316563935833128e-4,-831.3106632544069,1.5707546188298953,0.5707546188298953
2019-11-12,-5.4108944584592894e-5,-5.411040852634339e-5,-54.10894458459289,1.5706696269552691,0.5706696269552691
2019-11-13,-0.0024790203798604376,-0.0024820982386509955,-2479.0203798604375,1.5667759049400192,0.5667759049400192
2019-11-14,0.002160574876649446,0.0021582441912271475,2160.5748766494457,1.570161041597572,0.570161041597572
2019-11-15,0.0033822989672365553,0.003376591859227715,3382.298967236555,1.5754717956669626,0.5754717956669626
2019-11-18,0.0010401456452127829,0.0010396050685509888,1040.145645212783,1.577110515794381,0.577110515794381
2019-11-19,8.896710831246918e-4,8.89275560379333e-4,889.6710831246918,1.5785136254151753,0.5785136254151753
2019-11-20,-0.001209228476034737,-0.0012099601827148781,-1209.228476034737,1.5766048417895142,0.5766048417895142
2019-11-21,0.0015765848442771582,0.0015753433391124119,1576.5848442771583,1.5790904930884937,0.5790904930884937
2019-11-22,3.114132955118013e-4,3.113648164559111e-4,311.4132955118013,1.5795822428628579,0.5795822428628579
2019-11-25,0.0026197439021334126,0.0026163183544778102,2619.7439021334126,1.583720343811516,0.5837203438115159
2019-11-26,-0.003916483677991152,-0.003924173183973983,-3916.483677991152,1.5775177289344755,0.5775177289344755
2019-11-27,0.0012533237199045346,0.0012525389653636459,1253.3237199045345,1.5794948693227193,0.5794948693227193
2019-11-28,4.154880988083698e-4,4.154018075294163e-4,415.4880988083698,1.5801511306430516,0.5801511306430516
2019-11-29,-5.798785500890266e-4,-5.8004674468022e-4,-579.8785500890266,1.5792348348964929,0.5792348348964929
2019-12-02,-0.005847589325106742,-0.005864753420660673,-5847.589325106742,1.5700001181341154,0.5700001181341154
2019-12-03,-0.009063636850500415,-0.00910496149755893,-9063.636850500416,1.555770207208105,0.555770207208105
2019-12-04,0.0021138591342976243,0.002111628077617602,2113.859134297624,1.5590588862714798,0.5590588862714798
2019-12-05,-0.010745028605837129,-0.010803173311830828,-10745.02860583713,1.5423067539403081,0.5423067539403081
2019-12-06,0.001757786010652314,0.0017562429128485455,1757.786010652314,1.545017799176519,0.545017799176519
2019-12-09,-0.003699385759698267,-0.0037062454100854967,-3699.385759698267,1.539302182331765,0.539302182331765
2019-12-10,-0.0010658034039226123,-0.0010663717762551858,-1065.8034039226122,1.5376615888261704,0.5376615888261704
2019-12-11,-8.418473335250846e-4,-8.422018859915645e-4,-841.8473335250845,1.5363671125177532,0.5363671125177532
2019-12-12,0.003109075109127594,0.0031042519296095653,3109.075109127594,1.5411437932657643,0.5411437932657643
2019-12-13,0.0035565853395555696,0.0035502756461332054,3556.5853395555696,1.5466250026870405,0.5466250026870405
2019-12-16,0.0016980966126874755,0.0016966564767306295,1698.0966126874755,1.5492513213652008,0.5492513213652008
2019-12-17,0.0025723895087902586,0.002569086577968289,2572.389508790259,1.5532365992107604,0.5532365992107604
2019-12-18,-0.006656659284437575,-0.006678913655676292,-6656.659284437575,1.5428972323816958,0.5428972323816958
2019-12-19,3.348242097076146e-4,3.3476816859084424e-4,334.8242097076146,1.543413831728188,0.543413831728188
2019-12-20,0.005362960293216368,0.00534863083105635,5362.960293216368,1.5516910988237473,0.5516910988237473
2019-12-23,-0.005523654824994635,-0.005538966617041026,-5523.654824994635,1.5431200927988282,0.5431200927988282
2019-12-24,-3.511199053509717e-4,-3.5118156237803395e-4,-351.1199053509717,1.5425782726178996,0.5425782726178996
2019-12-27,-0.001096211776888826,-0.0010968130564787308,-1096.211776888826,1.540887280148683,0.540887280148683
2019-12-30,-0.002082935091412737,-0.002085107417777654,-2082.9350914127367,1.5376777119609497,0.5376777119609497
2019-12-31,-0.0018649433045405304,-0.001866684476433117,-1864.9433045405303,1.534810030207487,0.534810030207487
2020-01-02,0.0028985738680023148,0.0028943811028405296,2898.5738680023146,1.539258790453394,0.5392587904533941
2020-01-03,-0.0017340618163665573,-0.001735567041912497,-1734.0618163665574,1.5365896205593623,0.5365896205593623
2020-01-06,-0.0014854564295522232,-0.0014865608137661845,-1485.4564295522232,1.5343070836279191,0.5343070836279191
2020-01-07,-0.0018237260209125199,-0.0018253910338717908,-1823.72602091252,1.5315089278754366,0.5315089278754366
2020-01-08,0.006723508847133242,0.006701006866723907,6723.508847133242,1.5418060417014707,0.5418060417014707
2020-01-09,7.004808114018194e-4,7.002355892271847e-4,700.4808114018194,1.542886047248586,0.5428860472485859
2020-01-10,-6.239591200902227e-4,-6.241538635941983e-4,-623.9591200902227,1.5419233494281452,0.5419233494281452
2020-01-13,0.004154216287783933,0.004145611354239389,4154.216287783933,1.548328832520854,0.548328832520854
2020-01-14,0.0015571155841197317,0.0015559045366461803,1557.1155841197317,1.550739759475314,0.5507397594753141
2020-01-15,0.0034395954705817946,0.0034336935915933154,3439.5954705817944,1.5560736769280563,0.5560736769280563
2020-01-16,0.004273411455421891,0.004264306363341443,4273.41145542189,1.562723420004521,0.562723420004521
2020-01-17,0.002298696543524529,0.0022960585824328443,2298.696543524529,1.5663156469285704,0.5663156469285704
2020-01-20,0.0013190749495901968,0.0013182057345181338,1319.0749495901969,1.568381734661585,0.5683817346615849
2020-01-21,-0.0010889364200623401,-0.0010895297420915624,-1088.9364200623402,1.5666738666701514,0.5666738666701514
2020-01-22,0.0027498065642115135,0.0027460327627076776,2749.8065642115134,1.5709819167526997,0.5709819167526997
2020-01-23,0.0020100095654118633,0.002007992199016856,2010.0095654118632,1.5741396054324617,0.5741396054324617
2020-01-24,-0.0011529635195379193,-0.0011536286933064924,-1152.9635195379194,1.5723246798927382,0.5723246798927382
2020-01-27,-0.002237711787282992,-0.002240219205589161,-2237.711787282992,1.5688062704231065,0.5688062704231065
2020-01-28,0.0019430475185925147,0.0019411622434871503,1943.0475185925147,1.5718545355540043,0.5718545355540043
2020-01-29,-0.0010996102465283448,-0.0011002152614365403,-1099.6102465283448,1.570126108200657,0.570126108200657
2020-01-30,-0.001410254448352318,-0.0014112497930597926,-1410.2544483523181,1.567911830872093,0.567911830872093
2020-01-31,-0.00954408294278721,-0.009589919581328984,-9544.08294278721,1.5529475503112724,0.5529475503112724
2020-02-03,-0.0010513397045494401,-0.0010518927497962184,-1051.33970454944,1.5513148748925474,0.5513148748925474
2020-02-04,0.009048633242956499,0.00900793965784101,9048.633242956499,1.5653521542397928,0.5653521542397928
2020-02-05,0.005929090637964206,0.005911582749885833,5929.0906379642065,1.574633269042613,0.574633269042613
2020-02-06,0.007598413634058294,0.007569691094580783,7598.413634058294,1.5865979839427482,0.5865979839427482
2020-02-07,-3.653192216122591e-4,-3.6538596693516006e-4,-365.3192216122591,1.5860183692022427,0.5860183692022427
2020-02-10,-9.488848977180497e-4,-9.493353739819022e-4,-948.8848977180497,1.5845134203242033,0.5845134203242033
2020-02-11,0.0014982451751727375,0.00149712392566833,1498.2451751727374,1.5868874099112007,0.5868874099112007
2020-02-12,8.511397676056279e-4,8.507777535554346e-4,851.139767605628,1.5882380728924888,0.5882380728924888
2020-02-13,-8.793663084163221e-4,-8.797531777850646e-4,-879.3663084163221,1.586841429841443,0.586841429841443
2020-02-14,1.152088079489263e-4,1.1520217192389259e-4,115.20880794892629,1.5870242479509793,0.5870242479509793
2020-02-18,-0.0030762081925333473,-0.003080949446842179,-3076.2081925333473,1.5821422309576834,0.5821422309576834
2020-02-19,0.001622882114052963,0.0016215666638962848,1622.882114052963,1.5847098612861925,0.5847098612861925
2020-02-20,0.0022482286485725478,0.0022457051640834007,2248.2286485725476,1.5882726513960115,0.5882726513960115
2020-02-21,1.0890814391785923e-4,1.0890221385650416e-4,108.90814391785923,1.5884456272225105,0.5884456272225105
2020-02-24,-0.01222052849371861,-0.01229581312610206,-12220.528493718612,1.5690339821743151,0.5690339821743151
2020-02-25,-0.015397862411281235,-0.015517640637928782,-15397.862411281234,1.5448742127981703,0.5448742127981703
2020-02-26,-0.006146443842231563,-0.006165410988456819,-6146.4438422315625,1.5353787302058948,0.5353787302058948
2020-02-27,-0.022189328872467214,-0.022439215492016048,-22189.328872467213,1.5013097066175651,0.5013097066175651
2020-02-28,-0.022492636138809065,-0.022749453789159685,-22492.636138809066,1.4675412936549541,0.4675412936549541
2020-03-02,0.010186274692495738,0.010134744236584422,10186.274692495737,1.4824900723947039,0.4824900723947039
2020-03-03,-0.019243752074436144,-0.019431323353945866,-19243.752074436143,1.4539614009887272,0.45396140098872717
2020-03-04,0.011925457952013977,0.011854910002195221,11925.457952013976,1.4713005565400699,0.47130055654006986
2020-03-05,-0.02556800802057853,-0.025900550074282828,-25568.00802057853,1.4336823321097716,0.4336823321097716
2020-03-06,-0.033444623174640545,-0.03401668572539363,-33444.62317464055,1.3857333667602203,0.3857333667602203
2020-03-09,-0.11843846161163316,-0.12606046859011244,-118438.46161163316,1.2216092385972308,0.2216092385972308
2020-03-10,0.030331459942615248,0.02988055624270306,30331.45994261525,1.2586624302832714,0.2586624302832714
2020-03-11,-0.03732629589180003,-0.03804075730254689,-37326.29589180003,1.2116812239826258,0.2116812239826258
2020-03-12,-0.13435474785949877,-0.144280093905529,-134354.74785949878,1.0488860986483513,0.04888609864835125
2020-03-13,0.17068427814188905,0.15758843096246308,170684.27814188905,1.2279144652492076,0.22791446524920755
2020-03-16,-0.10902342217104742,-0.11543713936644344,-109023.42217104742,1.0940430281144071,0.09404302811440712
2020-03-17,0.01787025944159674,0.01771246348530824,17870.25944159674,1.1135938608670817,0.11359386086708168
2020-03-18,-0.0638513139433538,-0.06598096249566517,-63851.3139433538,1.0424894296514662,0.04248942965146618
2020-03-19,0.015907381639148805,0.01578218519699529,15907.381639148805,1.0590727068637107,0.05907270686371069
2020-03-20,-0.011106237421863153,-0.011168372160468691,-11106.237421863154,1.047310393934267,0.04731039393426695
2020-03-23,-0.08175804783262533,-0.0852943586361773,-81758.04783262534,0.9616843406513835,-0.03831565934861647
2020-03-24,0.13840870710411815,0.12963141630968614,138408.70710411816,1.094789826883218,0.09478982688321791
2020-03-25,0.08130716968774135,0.07817065156583242,81307.16968774135,1.1838040891100248,0.18380408911002477
2020-03-26,0.01901424181206105,0.018835730405983565,19014.241812061053,1.2063132263184697,0.2063132263184697
2020-03-27,-0.05306103580262786,-0.05452063961828096,-53061.03580262786,1.1423049970276018,0.1423049970276018
2020-03-30,0.022104352794166223,0.021863593021221157,22104.35279416622,1.1675549096804387,0.16755490968043874
2020-03-31,0.03852921653210816,0.037805497334642106,38529.21653210816,1.2125398856086422,0.21253988560864223
2020-04-01,-0.04932815067935129,-0.05058633453135975,-49328.15067935129,1.152727535426616,0.152727535426616
2020-04-02,0.00636311667328232,0.006342957517895787,6363.11667328232,1.1600624752270405,0.16006247522704053
2020-04-03,-0.018320982709007377,-0.01849089036255633,-18320.982709007378,1.1388089906770376,0.13880899067703756
2020-04-06,0.050946035627164515,0.049690744836485584,50946.035627164514,1.1968267940886053,0.19682679408860526
2020-04-07,0.008378596956459705,0.008343691350786085,8378.596956459705,1.2068545234229655,0.2068545234229655
2020-04-08,0.02792146390155807,0.02753876713165506,27921.46390155807,1.2405516684331521,0.24055166843315212
2020-04-09,0.010546403179691133,0.010491177816297017,10546.403179691133,1.2536350264936866,0.25363502649368663
2020-04-13,-0.0248082884399437,-0.025121200071808816,-24808.288439943703,1.2225344871580148,0.22253448715801483
2020-04-14,-0.002298573549404215,-0.0023012193247021907,-2298.573549404215,1.219724401722599,0.219724401722599
2020-04-15,-0.036579363156455005,-0.03726516416891178,-36579.36315645501,1.1751076598811983,0.17510765988119825
2020-04-16,-0.03125023831232504,-0.031748944314429955,-31250.23831232504,1.1383852654672721,0.13838526546727214
2020-04-17,0.04809875340567611,0.04697781180837756,48098.753405676114,1.1931401776316375,0.1931401776316375
2020-04-20,-0.003734379033319579,-0.003741369234836321,-3734.3790333195793,1.188684539968479,0.1886845399684789
2020-04-21,-0.040563656391668125,-0.0414093090303167,-40563.656391668126,1.1404671487311093,0.14046714873110933
2020-04-22,0.009877446544784061,0.009828983436198835,9877.446544784061,1.151732052028783,0.15173205202878304
2020-04-23,-0.006247612969001818,-0.006267210972708543,-6247.612969001818,1.1445364759237129,0.14453647592371288
2020-04-24,0.010024244322067239,0.009974334844344476,10024.24432206724,1.1560095891938902,0.15600958919389019
2020-04-27,0.03288258294638609,0.03235351760382547,32882.58294638609,1.194022170397376,0.1940221703973759
2020-04-28,0.017755714756153375,0.017599923473522034,17755.714756153375,1.2152228874674749,0.21522288746747487
2020-04-29,0.04010536706321344,0.03932202250517468,40105.36706321344,1.263959847432976,0.26395984743297607
2020-04-30,-0.03766356237583766,-0.03839116219671021,-37663.56237583766,1.21635461687863,0.2163546168786299
2020-05-01,-0.02153222153550982,-0.021767422208388676,-21532.22153550982,1.1901637998022592,0.19016379980225917
2020-05-04,0.003418772312709391,0.003412941596128731,3418.772312709391,1.1942326988486123,0.19423269884861227
2020-05-05,-0.0039214574806907074,-0.003929166555549846,-3921.4574806907076,1.1895495660980269,0.18954956609802687
2020-05-06,-0.0010142150505576355,-0.0010147297146581693,-1014.2150505576355,1.188343107024706,0.1883431070247059
2020-05-07,-0.010266742060588288,-0.010319808582852929,-10266.742060588289,1.1761426948654052,0.17614269486540524
2020-05-08,0.015015086294806263,0.014903475727928954,15015.086294806262,1.1938025789238151,0.19380257892381514
2020-05-11,0.010058779254614698,0.010008526441568709,10058.779254614697,1.2058107755387995,0.20581077553879945
2020-05-12,-0.01776088916222133,-0.017920506542631345,-17760.889162221327,1.1843945040038428,0.18439450400384283
2020-05-13,-0.03980220951699303,-0.04061598398874968,-39802.20951699303,1.137252985804707,0.1372529858047069
2020-05-14,-5.349226071947692e-4,-5.350657293344012e-4,-534.9226071947693,1.1366446434725002,0.13664464347250016
2020-05-15,-0.008355981411813242,-0.008391088329783936,-8355.981411813242,1.1271468619598068,0.12714686195980685
2020-05-19,0.02952690169285184,0.029099377977573174,29526.90169285184,1.1604280165463006,0.16042801654630057
2020-05-20,0.015824196344831416,0.015700299090321283,15824.196344831416,1.1787908573241723,0.17879085732417233
2020-05-21,-0.013718337619440097,-0.01381330352945048,-13718.337619440097,1.1626198063606903,0.1626198063606903
2020-05-22,-0.011681099653520988,-0.011749859684431433,-11681.099653520987,1.1490391285434336,0.1490391285434336
2020-05-25,0.01689112788272014,0.01675005910654362,16891.12788272014,1.1684476954059102,0.1684476954059102
2020-05-26,0.06398225213543392,0.06201871045649419,63982.25213543392,1.2432076104604377,0.2432076104604377
2020-05-27,0.043040461378250905,0.04213996853393421,43040.461378250904,1.2967158396036078,0.2967158396036078
2020-05-28,-0.014756491373103362,-0.014866451483007581,-14756.491373103363,1.2775808635031307,0.2775808635031307
2020-05-29,-0.025130991447754325,-0.025452167212911745,-25130.991447754324,1.245473989748619,0.2454739897486189
2020-06-01,0.02077547719251863,0.020562610193377275,20775.47719251863,1.2713493062165164,0.27134930621651643
2020-06-02,0.023362748181097254,0.023094016668800274,23362.748181097253,1.3010515199078656,0.3010515199078656
2020-06-03,0.02706432946169468,0.026704567214227426,27064.32946169468,1.3362636068892906,0.3362636068892906
2020-06-04,6.968769009655744e-4,6.966341950089289e-4,696.8769009655745,1.3371948181305326,0.33719481813053265
2020-06-05,0.02540792716414645,0.02509051113936187,25407.92716414645,1.3711701666738674,0.3711701666738674
2020-06-08,0.007463905739337268,0.007436188628053963,7463.905739337269,1.3814044515505126,0.3814044515505126
2020-06-09,-0.010502269928582126,-0.010557807957895366,-10502.269928582125,1.366896569119784,0.3668965691197841
2020-06-10,-0.018129088182562793,-0.018295433629614853,-18129.08818256279,1.342115980681769,0.34211598068176907
2020-06-11,-0.04191612370110864,-0.04281995129596138,-41916.12370110864,1.2858596812142773,0.2858596812142773
2020-06-12,0.020114876809052436,0.019915245277137266,20114.876809052435,1.31172459029563,0.31172459029563004
2020-06-15,-0.0028333064718866576,-0.0028373278823902595,-2833.3064718866576,1.3080080725246126,0.3080080725246126
2020-06-16,0.015790668455414252,0.015667292943338296,15790.668455414252,1.3286623943348541,0.3286623943348541
2020-06-17,-0.006423279815258254,-0.006443997843163095,-6423.279815258254,1.3201280239960305,0.32012802399603046
2020-06-18,-6.823175903764023e-4,-6.825504749636633e-4,-682.3175903764022,1.319227277423709,0.31922727742370904
2020-06-19,-0.005187141930643401,-0.005200641855601327,-5187.141930643401,1.312384258296936,0.31238425829693606
2020-06-22,-0.002902326560447698,-0.0029065464772083023,-2902.326560447698,1.3085752906065675,0.3085752906065675
2020-06-23,0.006394608594494625,0.006374249829751834,6394.608594494625,1.3169431174064234,0.31694311740642345
2020-06-24,-0.01809181010524456,-0.01825746797727625,-18091.81010524456,1.2931172326068978,0.2931172326068978
2020-06-25,0.00608049125050943,0.006062079660232433,6080.491250509431,1.300980020625647,0.300980020625647
2020-06-26,-0.02495257603748452,-0.02526916920562011,-24952.57603748452,1.2685172177377375,0.2685172177377375
2020-06-29,0.011891628704775815,0.011821478871027932,11891.628704775816,1.28360195349669,0.28360195349669004
2020-06-30,0.0066581073877036885,0.006636040087524977,6658.107387703689,1.292148313146137,0.2921483131461371
2020-07-02,0.002621946338643562,0.002618515033831595,2621.946338643562,1.2955362566847752,0.29553625668477523
2020-07-03,0.0013013380890276405,0.0013004920824974718,1301.3380890276405,1.2972221873613154,0.29722218736131545
2020-07-06,0.01004416663893585,0.009994059242549168,10044.16663893585,1.3102517031788974,0.3102517031788974
2020-07-07,-0.017022443839708558,-0.017168991079051014,-17022.443839708558,1.2879480171456523,0.2879480171456523
2020-07-08,-9.571183472577756e-4,-9.575766774972962e-4,-957.1183472577756,1.2867152984681278,0.2867152984681278
2020-07-09,-0.011871448858127428,-0.011942477206391472,-11871.448858127429,1.2714401236073933,0.27144012360739334
2020-07-10,0.021444673183828627,0.02121797148254899,21444.673183828625,1.2987057415309606,0.29870574153096063
2020-07-13,0.006678810266845728,0.006656605824894843,6678.810266845728,1.3073795507711092,0.30737955077110923
2020-07-14,0.0068353082369676885,0.006812053426676135,6835.308236967689,1.316315892983338,0.31631589298333807
2020-07-15,0.014741228437790315,0.014633632637219044,14741.228437790314,1.3357200062580994,0.3357200062580994
2020-07-16,7.331715397101795e-4,7.329029007544642e-4,733.1715397101794,1.3366993181517093,0.3366993181517093
2020-07-17,-0.0037681831449799157,-0.0037753006327110768,-3768.1831449799156,1.3316623903111438,0.33166239031114375
2020-07-20,-0.0031400910567862907,-0.0031450314876881867,-3140.0910567862907,1.3274808491486692,0.32748084914866915
2020-07-21,0.005354750628550544,0.00534046492629381,5354.750628550544,1.3345891780600367,0.33458917806003674
2020-07-22,-0.0036150176987613616,-0.0036215676655042693,-3615.0176987613618,1.3297646145607744,0.32976461456077444
2020-07-23,-0.0045937539567330226,-0.004604337669527341,-4593.753956733022,1.3236560031011122,0.3236560031011122
2020-07-24,-0.0065035772465892126,-0.006524817647567412,-6503.577246589212,1.3150475040370326,0.31504750403703263
2020-07-27,3.009650452254764e-4,3.009197643313357e-4,300.9650452254764,1.3154432873685586,0.31544328736855864
2020-07-28,-0.005763038644637285,-0.005779709030754198,-5763.038644637285,1.307862336868625,0.3078623368686251
2020-07-29,0.009262032740651108,0.009219403137756599,9262.032740651108,1.319975800652967,0.31997580065296694
2020-07-30,0.003243069164013031,0.0032378217572862464,3243.069164013031,1.324256573469308,0.3242565734693079
2020-07-31,-0.011278335077132402,-0.011342417784618326,-11278.335077132402,1.309321164105626,0.30932116410562593
2020-08-04,0.0019254150524545821,0.001923563816776283,1925.415052454582,1.3118421507834923,0.3118421507834923
2020-08-05,0.011620659269244568,0.011553657974894683,11620.659269244568,1.3270866214327801,0.3270866214327801
2020-08-06,0.0029734006337720866,0.002968988821334694,2973.4006337720866,1.3310325816340187,0.3310325816340187
2020-08-07,0.0123169763499991,0.012241739559992002,12316.976349999099,1.3474268784630832,0.3474268784630832
2020-08-10,0.013005955204074623,0.012922104029201832,13005.955204074624,1.3649514520851402,0.36495145208514024
2020-08-11,0.010529996750621124,0.010474942478463242,10529.996750621123,1.3793243864403524,0.3793243864403524
2020-08-12,0.008597770315037907,0.008561019984871524,8597.770315037907,1.3911835007048972,0.39118350070489716
2020-08-13,-0.006294623971348093,-0.006314518647094207,-6294.623971348093,1.3824265236928162,0.38242652369281616
2020-08-14,2.598341114135225e-4,2.59800360377116e-4,259.8341114135225,1.3827857252601943,0.3827857252601943
2020-08-17,-0.0034682568346312372,-0.0034742851799693464,-3468.2568346312373,1.3779898692177301,0.37798986921773015
2020-08-18,-0.004220553471854127,-0.004229485147594091,-4220.553471854127,1.3721739892910234,0.3721739892910234
2020-08-19,0.001856214958967613,0.0018544943209010411,1856.2149589676128,1.3747210391762517,0.37472103917625166
2020-08-20,-0.003997275627040313,-0.00400528608706323,-3997.275627040313,1.3692259002723728,0.3692259002723728
2020-08-21,-0.0015374267792967469,-0.001538609832574938,-1537.4267792967469,1.3671208157063874,0.36712081570638744
2020-08-24,0.015713083546298263,0.015590911190090475,15713.083546298263,1.3886024993014652,0.3886024993014652
2020-08-25,0.013159950999190317,0.013074111122935612,13159.950999190318,1.4068764401496259,0.4068764401496259
2020-08-26,0.025445959760055665,0.025127600662078295,25445.959760055666,1.4426757614330434,0.44267576143304344
2020-08-27,0.0076791132893212115,0.007649778977493121,7679.113289321212,1.4537542320448456,0.45375423204484555
2020-08-28,-0.006349707065378149,-0.0063699522012429675,-6349.707065378148,1.4445233185263069,0.4445233185263069
2020-08-31,-0.0064315862500497105,-0.006452358012382398,-6431.5862500497105,1.4352327422129971,0.4352327422129971
2020-09-01,-0.0036193476496644097,-0.0036259133354895026,-3619.34764966441,1.430038135960747,0.430038135960747
2020-09-02,0.002882005538228316,0.0028778605223298936,2882.0055382283163,1.4341595137884637,0.43415951378846374
2020-09-03,-0.006796539547555157,-0.006819741209566811,-6796.539547555158,1.424412191935498,0.42441219193549795
2020-09-04,-0.0038102573197810368,-0.0038175348422396964,-3810.2573197810366,1.4189848149547903,0.41898481495479034
2020-09-08,-0.00844912066878345,-0.008485016825804574,-8449.12066878345,1.406995641026066,0.406995641026066
2020-09-09,0.008864622096696435,0.008825561999848835,8864.622096696434,1.419468125675461,0.4194681256754611
2020-09-10,-0.00932376937791679,-0.009367507799220775,-9323.769377916791,1.4062333322323592,0.40623333223235925
2020-09-11,0.005739851991308146,0.005723441805614029,5739.851991308145,1.4143049034246171,0.4143049034246171
2020-09-14,0.0031573375652677775,0.0031523636418374127,3157.3375652677773,1.4187703414249422,0.4187703414249422
2020-09-15,-0.0016717999679340956,-0.0016731989849690008,-1671.7999679340955,1.4163984412136421,0.4163984412136421
2020-09-16,-0.008791769569876356,-0.00883064520074639,-8791.769569876356,1.4039457924993597,0.4039457924993597
2020-09-17,-8.682562501144039e-4,-8.686334028983129e-4,-868.2562501144039,1.4027268077902002,0.4027268077902002
2020-09-18,-0.007861600674048619,-0.00789266597909172,-7861.600674048619,1.3916991297725707,0.3916991297725707
2020-09-21,-0.012563734475886969,-0.012643325531140186,-12563.73447588697,1.374214191435785,0.37421419143578505
2020-09-22,-0.004227858804775645,-0.0042368214706565545,-4227.858804775645,1.3684042078668757,0.36840420786687567
2020-09-23,-0.010278845373157042,-0.01033203752077852,-10278.845373157043,1.3543385926062346,0.35433859260623457
2020-09-24,0.005133533764668481,0.005120402102260415,5133.533764668481,1.3612911355001724,0.36129113550017244
2020-09-25,0.0025996949267399665,0.0025963215650931797,2599.6949267399664,1.3648300771589483,0.36483007715894833
2020-09-28,0.019030705349001455,0.01885188661192367,19030.705349001455,1.3908037562088151,0.39080375620881513
2020-09-29,-0.013336790901747348,-0.013426524630592235,-13336.790901747348,1.3722548973268935,0.37225489732689354
2020-09-30,-0.003245568179151207,-0.0032508464593269935,-3245.568179151207,1.3678011504984449,0.36780115049844486
2020-10-01,-0.0011971830359376323,-0.0011979002320155292,-1197.1830359376322,1.3661636421645322,0.36616364216453223
2020-10-02,0.008193673238405363,0.008160287342602605,8193.673238405363,1.377357540638618,0.37735754063861804
2020-10-05,0.01451987170296524,0.014415467773478548,14519.87170296524,1.3973565954178027,0.39735659541780266
2020-10-06,0.0023454118849215444,0.002342665699585519,2345.4118849215442,1.4006339721841692,0.4006339721841692
2020-10-07,0.011069292807351472,0.011008476569327713,11069.292807351472,1.4161379997381993,0.4161379997381993
2020-10-08,0.0031293842076497063,0.003124497876374759,3129.3842076497062,1.4205696396304326,0.4205696396304326
2020-10-09,-0.007468100119435679,-0.007496125999704149,-7468.1001194356795,1.409960683335042,0.409960683335042
2020-10-13,-0.009463723602600818,-0.009508789185665655,-9463.723602600818,1.396617205137425,0.39661720513742504
2020-10-14,-0.004135514248260493,-0.004144089136523009,-4135.514248260492,1.3908414747862132,0.39084147478621323
2020-10-15,0.003572709243483111,0.003566342278184668,3572.709243483111,1.3958105469794018,0.39581054697940177
2020-10-16,7.110107777518377e-4,7.107581293388681e-4,711.0107777518377,1.396802983322004,0.3968029833220039
2020-10-19,-0.01042755865127461,-0.01048230656494638,-10427.55865127461,1.3822377382891384,0.38223773828913843
2020-10-20,8.646617977086101e-4,8.642881930420128e-4,864.66179770861,1.383432906456788,0.38343290645678807
2020-10-21,0.005501268269064922,0.005486191561514558,5501.268269064923,1.3910435420074592,0.39104354200745917
2020-10-22,0.007645576970857641,0.007616497671876469,7645.576970857641,1.4016788724776916,0.40167887247769163
2020-10-23,0.009832816432580455,0.009784788867275789,9832.816432580456,1.4154613235281912,0.4154613235281912
2020-10-26,-0.01271448833022426,-0.012796009171307849,-12714.488330224262,1.3974644570483081,0.39746445704830813
2020-10-27,-0.016828164080704033,-0.016971366462712637,-16828.164080704035,1.3739476958681474,0.37394769586814736
2020-10-28,-0.022665793873276698,-0.02292661160857477,-22665.793873276696,1.3428060806009365,0.34280608060093654
2020-10-29,0.014610545410173481,0.014504839759136913,14610.545410173481,1.3624252098186136,0.3624252098186136
2020-10-30,0.001877232526175813,0.0018754727272208534,1877.2325261758128,1.364982798736967,0.36498279873696693
2020-11-02,0.007471672921399163,0.00744389823638506,7471.672921399163,1.3751815037524653,0.3751815037524653
2020-11-03,0.016378068178367438,0.016245394287703364,16378.068178367437,1.397704320178553,0.39770432017855306
2020-11-04,0.008838187255403973,0.008799359091103853,8838.187255403973,1.4100574926879783,0.4100574926879783
2020-11-05,-0.004213547634199768,-0.004222449640852106,-4213.547634199768,1.404116148275577,0.40411614827557707
2020-11-06,-9.358399936389612e-4,-9.362781652795019e-4,-935.8399936389612,1.4028021202283065,0.4028021202283065
2020-11-09,0.030612179523599292,0.0301529747381383,30612.17952359929,1.445744950568821,0.4457449505688209
2020-11-10,0.024505263632468702,0.024209826441031267,24505.2636324687,1.4811733117278205,0.4811733117278205
2020-11-11,0.006075242474902431,0.006056862593263871,6075.242474902431,1.4901717987439211,0.49017179874392114
2020-11-12,-0.0055150127404147145,-0.005530276569186353,-5515.012740414714,1.4819534822884417,0.4819534822884417
2020-11-13,0.003669116080051752,0.0036624012935225266,3669.1160800517523,1.487390941640195,0.4873909416401949
2020-11-16,0.016650377770115576,0.016513279957399016,16650.377770115578,1.512156562710352,0.5121565627103519
2020-11-17,0.009697847750166595,0.00965112545229672,9697.847750166595,1.5268212268299322,0.5268212268299322
2020-11-18,0.010293113460327352,0.010240500096859605,10293.113460327353,1.5425369709513288,0.5425369709513288
2020-11-19,7.513228785278232e-4,7.510407767847427e-4,751.3228785278231,1.5436959142685795,0.5436959142685795
2020-11-20,0.006053708539856909,0.006035458463041019,6053.708539856909,1.5530409994077294,0.5530409994077294
2020-11-23,0.010939129709674623,0.010879730223459763,10939.129709674624,1.5700299163446931,0.5700299163446931
2020-11-24,0.017544579179788244,0.01739244983658348,17544.579179788245,1.5975754305266388,0.5975754305266388
2020-11-25,0.0010772986909511524,0.0010767188211410152,1077.2986909511524,1.5992964964466407,0.5992964964466407
2020-11-26,0.0010588514711792156,0.0010582912833624629,1058.8514711792157,1.600989913894755,0.600989913894755
2020-11-27,-0.0014150363196394622,-0.0014160384289913903,-1415.0363196394621,1.5987244550192174,0.5987244550192174
2020-11-30,-0.023291803539919827,-0.023567344570388876,-23291.803539919827,1.5614872790984444,0.5614872790984444
2020-12-01,0.020184684758115818,0.01998367439451354,20184.684758115818,1.5930054075808544,0.5930054075808544
2020-12-02,0.0011708605195991004,0.0011701755970013425,1170.8605195991004,1.5948705947200985,0.5948705947200985
2020-12-03,-5.318118824216473e-4,-5.31953344517162e-4,-531.8118824216474,1.5940224235869016,0.5940224235869016
2020-12-04,0.0028665185567736673,0.002862417926940779,2866.518556773667,1.5985917184440266,0.5985917184440266
2020-12-07,4.0213219749637074e-4,4.0205136401401034e-4,402.13219749637074,1.5992345636446639,0.5992345636446639
2020-12-08,0.004859345808702749,0.004847577297304232,4859.345808702749,1.6070057974186431,0.6070057974186431
2020-12-09,0.006099372488085156,0.006080846608373142,6099.372488085156,1.6168075243676117,0.6168075243676117
2020-12-10,-0.002095509854644776,-0.0020977085074896707,-2095.509854644776,1.6134194882672355,0.6134194882672355
2020-12-11,-0.001548913692383728,-0.001550114499321342,-1548.913692383728,1.6109204407302995,0.6109204407302995
2020-12-14,-0.006687076852907462,-0.006709535529249049,-6687.076852907462,1.6001480919392164,0.6001480919392164
2020-12-15,0.0025940334153650157,0.0025906747178135936,2594.0334153650156,1.6042989295592391,0.6042989295592391
2020-12-16,0.0018757815814479475,0.0018740245001013928,1875.7815814479475,1.6073082439424429,0.6073082439424429
2020-12-17,-0.0016211923750855302,-0.0016225079294808075,-1621.19237508553,1.6047024880729512,0.6047024880729512
2020-12-18,-0.003811003274861372,-0.0038182836507524368,-3811.0032748613717,1.5985869616357271,0.5985869616357271
2020-12-21,-0.0013152339225429945,-0.0013160996018089083,-1315.2339225429946,1.5964844458356489,0.5964844458356489
2020-12-22,-0.0016587577302723533,-0.0016601349921160902,-1658.7577302723532,1.5938362649198594,0.5938362649198594
2020-12-23,0.009173700865614013,0.00913187805719764,9173.700865614013,1.608457642043002,0.6084576420430019
2020-12-24,5.297216339970423e-5,5.297076042420215e-5,52.97216339970423,1.6085428455240376,0.6085428455240376
2020-12-29,-3.9662757513053714e-4,-3.967062526516848e-4,-396.62757513053714,1.6079048530757238,0.6079048530757238
2020-12-30,-0.0023896040603001065,-0.0023924637206282342,-2389.6040603001065,1.6040625971102378,0.6040625971102378
2020-12-31,-5.590815478611623e-4,-5.592378922252901e-4,-559.0815478611622,1.6031657953105791,0.6031657953105791
2021-01-04,-0.0028019822639776906,-0.0028059151646113857,-2801.9822639776908,1.5986737531859032,0.5986737531859032
2021-01-05,0.004045809982279343,0.004037647701025781,4045.809982279343,1.6051416834149508,0.6051416834149508
2021-01-06,0.017544465185673097,0.017392337807957056,17544.465185673096,1.6333030357976972,0.6333030357976972
2021-01-07,0.007162740436658137,0.007137209851520685,7162.740436658137,1.6450019614975218,0.6450019614975218
2021-01-08,0.001087729401524018,0.0010871382525331392,1087.729401524018,1.6467912784966074,0.6467912784966074
2021-01-11,4.598388814074002e-4,4.597331879090519e-4,459.8388814074002,1.6475485371560228,0.6475485371560228
2021-01-12,0.005857491957127389,0.0058404035487852,5857.491957127389,1.6571990394613914,0.6571990394613914
2021-01-13,1.9085531547896606e-4,1.9083710492026054e-4,190.85531547896605,1.6575153247068792,0.6575153247068792
2021-01-14,0.003341396876696175,0.0033358268145623673,3341.396876696175,1.663053741235931,0.663053741235931
2021-01-15,0.0022434451539107836,0.002240932388297608,2243.4451539107836,1.6667847110924001,0.6667847110924001
2021-01-18,0.0016117340908085958,0.0016104366413274831,1611.7340908085957,1.6694711248333063,0.6694711248333063
2021-01-19,-0.0023490207268458967,-0.0023517840042121562,-2349.0207268458967,1.6655495025582019,0.6655495025582019
2021-01-20,-0.0028836502084215354,-0.0028878159379490827,-2883.6502084215354,1.6607466403880136,0.6607466403880136
2021-01-21,-0.0056887331635981355,-0.0057049756347819,-5688.733163598135,1.6512990958985043,0.6512990958985043
2021-01-22,-0.006479335061942593,-0.006500417067624753,-6479.335061942593,1.640599775768695,0.640599775768695
2021-01-25,0.0018502817486445629,0.0018485720859501473,1850.2817486445629,1.6436353475906302,0.6436353475906302
2021-01-26,-0.0015375816469411587,-0.001538764938695664,-1537.5816469411586,1.641108124045911,0.6411081240459111
2021-01-27,-0.010946940542237306,-0.011007299195113344,-10946.940542237306,1.6231430109885978,0.6231430109885978
2021-01-28,0.009476826196464986,0.00943220278311293,9476.826196464986,1.6385252551957439,0.6385252551957439
2021-01-29,-0.017879868461810257,-0.018041644567863953,-17879.868461810256,1.6092286391614898,0.6092286391614898
2021-02-01,0.0059262638210925145,0.005908772590730576,5926.263821092514,1.6187653526256187,0.6187653526256187
2021-02-02,0.010064752091574128,0.010014439779903487,10064.752091574128,1.6350578245942253,0.6350578245942253
2021-02-03,0.002105861597813433,0.002103647379292458,2105.861597813433,1.6385010300772425,0.6385010300772425
2021-02-04,0.008363730660880142,0.00832894847027403,8363.730660880143,1.6522050113803832,0.6522050113803832
2021-02-05,9.605077859194213e-4,9.600467934836156e-4,960.5077859194213,1.653791967157749,0.653791967157749
2021-02-08,0.004743268554668685,0.0047320547026046544,4743.268554668685,1.661636346591532,0.661636346591532
2021-02-09,-5.856506525979688e-4,-5.85822212927629e-4,-585.6506525979688,1.6606632081807702,0.6606632081807702
2021-02-10,-0.0037517387310797568,-0.0037587941550995003,-3751.7387310797567,1.6544328337033594,0.6544328337033594
2021-02-11,-0.0010078184356343,-0.0010083266261050772,-1007.8184356343,1.6527654657930344,0.6527654657930344
2021-02-12,0.0038690558372604933,0.0038615902909390582,3869.0558372604933,1.6591601076660834,0.6591601076660834
2021-02-16,0.005033550122733025,0.005020924160531757,5033.550122733024,1.6675115732296597,0.6675115732296597
2021-02-17,0.0038681323747627445,0.003860670387175587,3868.1323747627443,1.6739617287313608,0.6739617287313608
2021-02-18,0.0042624110006420635,0.004253352658003506,4262.411000642063,1.6810968416185594,0.6810968416185594
2021-02-19,0.009349661004737367,0.009306223465225043,9349.661004737367,1.6968145272038277,0.6968145272038277
2021-02-22,0.006799146188660694,0.006776136234028379,6799.146188660694,1.7083514172293297,0.7083514172293297
2021-02-23,0.016704793564410826,0.016566803114666743,16704.793564410826,1.7368890749896144,0.7368890749896144
2021-02-24,0.021792763314905483,0.0215586955983335,21792.763314905482,1.7747406875051084,0.7747406875051084
2021-02-25,-0.006850317200563191,-0.006873888331596817,-6850.317200563191,1.762583150846953,0.7625831508469529
2021-02-26,-0.012667812462557252,-0.012748733318676281,-12667.812462557251,1.7402550780423605,0.7402550780423605
2021-03-01,0.01176301128383624,0.011694364867905855,11763.01128383624,1.760725718162126,0.7607257181621261
2021-03-02,0.009545029039211339,0.009499763064934975,9545.029039211338,1.7775318962720699,0.7775318962720699
2021-03-03,0.005161976132021554,0.005148698805123201,5161.976132021554,1.7867074734945336,0.7867074734945336
2021-03-04,-0.0019409134097163232,-0.0019427994229356887,-1940.9134097163233,1.7832396289999874,0.7832396289999874
2021-03-05,0.014354453638847834,0.014252403888823127,14354.453638847834,1.808837059581424,0.808837059581424
2021-03-08,0.01272833542174582,0.012648011039463183,12728.33542174582,1.8318605443990608,0.8318605443990608
2021-03-09,0.0011494161947827226,0.0011487561217389875,1149.4161947827226,1.8339661145753765,0.8339661145753765
2021-03-10,0.009521582096798762,0.009476537538561243,9521.582096798762,1.8514283734980528,0.8514283734980528
2021-03-11,-2.588041217205979e-4,-2.5883761728662605e-4,-258.8041217205979,1.850949216203921,0.8509492162039209
2021-03-12,0.003959229357306378,0.003951412235147572,3959.229357306378,1.8582775486795986,0.8582775486795986
2021-03-15,-0.0017910960822832462,-0.0017927020127415547,-1791.0960822832462,1.8549491950423638,0.8549491950423638
2021-03-16,0.0013138801284289605,0.0013130177432308882,1313.8801284289605,1.857386375928975,0.857386375928975
2021-03-17,0.0037668695863061577,0.0037597926993054847,3766.8695863061575,1.8643829081784815,0.8643829081784815
2021-03-18,0.008490868703869947,0.008455024036850079,8490.868703869946,1.880213138665564,0.880213138665564
2021-03-19,-0.002874173595667569,-0.0028783119640915897,-2874.173595667569,1.8748090797081842,0.8748090797081842
2021-03-22,-0.006000663342024462,-0.00601873967188676,-6000.6633420244625,1.8635589815902847,0.8635589815902847
2021-03-23,-0.006503687347937381,-0.006524928469661732,-6503.687347937382,1.851438976619581,0.8514389766195809
2021-03-24,0.00234218460451302,0.0023394459655838936,2342.18460451302,1.855775388486815,0.8557753884868149
2021-03-25,0.006849454827144421,0.006826103878302375,6849.454827144421,1.8684864381795818,0.8684864381795818
2021-03-26,0.005327664265052656,0.005313522468052875,5327.664265052656,1.8784411066060065,0.8784411066060065
2021-03-29,-0.004008523903786568,-0.004016579570491772,-4008.523903786568,1.870911330528321,0.8709113305283209
2021-03-30,0.0014948386245710228,0.0014937224654942832,1494.8386245710228,1.8737080410483422,0.8737080410483422
2021-03-31,-0.009048317807373992,-0.009089502457717875,-9048.317807373993,1.8567541352147046,0.8567541352147046
2021-04-01,0.004451685068932934,0.004441805628211049,4451.685068932934,1.8650198198751193,0.8650198198751193
2021-04-05,0.0048992017937958075,0.0048872397583952214,4899.201793795807,1.8741569283221164,0.8741569283221164
2021-04-06,-0.0016145347489064745,-0.0016158395147164637,-1614.5347489064745,1.8711310368364364,0.8711310368364364
2021-04-07,0.0021192251967605356,0.002116982806570911,2119.2251967605357,1.875096384876141,0.875096384876141
2021-04-08,0.0019179597403876831,0.0019161228040097994,1917.959740387683,1.87869274425168,0.8786927442516801
2021-04-09,0.0013698118163384398,0.0013688744800176217,1369.81181633844,1.8812661997720255,0.8812661997720255
2021-04-12,0.005986991898105993,0.005969141075166266,5986.991898105993,1.8925293252682411,0.8925293252682411
2021-04-13,-0.007154118380823988,-0.007179831797003718,-7154.1183808239875,1.878989946436091,0.8789899464360911
2021-04-14,0.0016580783550865783,0.0016567052607598962,1658.0783550865783,1.882105458995702,0.882105458995702
2021-04-15,-6.590176446774622e-5,-6.590393608443564e-5,-65.90176446774622,1.88198142492504,0.88198142492504
2021-04-16,0.004824967717761382,0.004813364868303982,4824.967717761382,1.8910619245457299,0.8910619245457299
2021-04-19,-0.0049733305176450915,-0.004985738682897486,-4973.330517645091,1.8816570485656299,0.8816570485656299
2021-04-20,-0.006395465054249093,-0.006416003656986907,-6395.465054249094,1.869622976667447,0.869622976667447
2021-04-21,0.007160198250540594,0.00713468574173797,7160.198250540594,1.8830098478341515,0.8830098478341515
2021-04-22,5.848232890120485e-4,5.84652346516551e-4,584.8232890120485,1.8841110758466038,0.8841110758466038
2021-04-23,0.010348106934798188,0.010294931802923346,10348.106934798188,1.903608058736502,0.9036080587365021
2021-04-26,0.0025800621747550934,0.002576739528204996,2580.0621747550936,1.9085194858844072,0.9085194858844072
2021-04-27,0.002768549233694369,0.002764723860128169,2768.549233694369,1.9138033160445433,0.9138033160445433
2021-04-28,0.00269581187661753,0.0026921846931210196,2695.8118766175303,1.9189625697534465,0.9189625697534465
2021-04-29,0.00298497894275455,0.002980532738796268,2984.9789427545497,1.9246906326160944,0.9246906326160944
2021-04-30,-0.003134118505418263,-0.0031390401408372902,-3134.1185054182633,1.9186584240872073,0.9186584240872073
2021-05-03,0.0016017254690780525,0.001600444074950832,1601.7254690780524,1.9217315881515291,0.9217315881515291
2021-05-04,-3.490400110311802e-4,-3.491009396739324e-4,-349.0400110311802,1.9210608269368017,0.9210608269368017
2021-05-05,0.007297824902282848,0.007271324629592263,7297.824902282848,1.935080392478421,0.935080392478421
2021-05-06,0.005904227439680221,0.00588686579340456,5904.22743968022,1.946505547229679,0.9465055472296791
2021-05-07,0.00451934762212521,0.004509166035222219,4519.3476221252095,1.9553024824460052,0.9553024824460052
2021-05-10,-6.007071685355895e-4,-6.00887665374204e-4,-600.7071685355895,1.9541279182281444,0.9541279182281444
2021-05-11,-0.005536685993634734,-0.005552070251010142,-5536.685993634734,1.94330852555352,0.9433085255535201
2021-05-12,-0.0013372421335439328,-0.0013381370396989077,-1337.2421335439328,1.9407098515146748,0.9407098515146748
2021-05-13,0.014328259394807972,0.014226579994457558,14328.259394807972,1.9685168456772362,0.9685168456772362
2021-05-14,0.0068247071472814875,0.006801524251338384,6824.707147281488,1.9819513966634739,0.9819513966634739
2021-05-17,0.006735278459387853,0.006712697806045779,6735.278459387853,1.9953003912129752,0.9953003912129752
2021-05-18,0.001993814572404588,0.0019918295621869637,1993.814572404588,1.9992786502093,0.9992786502093001
2021-05-19,-0.0038018240740885774,-0.0038090693766405976,-3801.824074088577,1.9916777445061231,0.9916777445061231
2021-05-20,0.0038623521771545084,0.00385491244540728,3862.3521771545084,1.9993703053788066,0.9993703053788066
2021-05-21,0.004436273697798291,0.004426462441879834,4436.27369779829,2.0082400592767176,1.0082400592767176
2021-05-25,0.0021837423742839626,0.002181361474456532,2183.7423742839624,2.0126255381918945,1.0126255381918945
2021-05-26,0.009549384628457261,0.009504077463723308,9549.384628457261,2.031844873569145,1.031844873569145
2021-05-27,0.008766370456367393,0.008728168927706956,8766.370456367393,2.049656778440723,1.0496567784407231
2021-05-28,-0.0010342170900332626,-0.001034752261548758,-1034.2170900332626,2.047536988371757,1.047536988371757
2021-05-31,-0.00401941275048362,-0.004027512300822207,-4019.4127504836197,2.0393070920936087,1.0393070920936087
2021-06-01,0.005227262971531995,0.005213648256964183,5227.262971531995,2.0499670865436923,1.0499670865436923
2021-06-02,0.0020025762126984667,0.0020005737299252117,2002.5762126984669,2.0540723018680196,1.0540723018680196
2021-06-03,0.003063526526687066,0.003058843491261624,3063.526526687066,2.0603650068525257,1.0603650068525257
2021-06-04,-0.0014543136520532482,-0.0014553721925769558,-1454.3136520532482,2.057368589894847,1.057368589894847
2021-06-07,1.1739844511042075e-4,1.1739155445226e-4,117.39844511042075,2.05761012176832,1.0576101217683198
2021-06-08,-0.0021713986892369177,-0.0021737595936330077,-2171.3986892369176,2.0531422298469515,1.0531422298469515
2021-06-09,-0.005199558636040287,-0.0052131233819367045,-5199.558636040288,2.042466796434732,1.042466796434732
2021-06-10,-0.0022856800692130363,-0.002288296223123244,-2285.6800692130364,2.0377983707860916,1.0377983707860916
2021-06-11,0.0024935213007464263,0.002490417634808546,2493.5213007464263,2.042879664430273,1.0428796644302731
2021-06-14,-0.001474760853398168,-0.0014758493835315743,-1474.760853398168,2.039866905472968,1.0398669054729681
2021-06-15,0.007133823206104302,0.007108497862355072,7133.823206104302,2.054418955340595,1.0544189553405952
2021-06-16,0.008544158547949321,0.008507863817391104,8544.15854794932,2.071972236618938,1.071972236618938
2021-06-17,-0.007893642179685837,-0.007924961899768445,-7893.642179685837,2.0556168291768246,1.0556168291768246
2021-06-18,-0.009307095444584152,-0.009350677080464739,-9307.095444584153,2.0364850071501825,1.0364850071501825
2021-06-21,0.007860572512806807,0.007829839162121684,7860.572512806807,2.0524929452201306,1.0524929452201306
2021-06-22,-9.591125235974458e-4,-9.595727663204792e-4,-959.1125235974458,2.050524373531774,1.0505243735317742
2021-06-23,-1.0427462527103548e-4,-1.0428006224773561e-4,-104.27462527103548,2.050310555871115,1.050310555871115
2021-06-24,0.0012534558402182612,0.0012526709202864209,1253.455840218261,2.052880529611633,1.0528805296116328
2021-06-25,0.00469692730593287,0.00468593116149157,4696.92730593287,2.0625227602269836,1.0625227602269836
2021-06-28,-0.008713093112751442,-0.008751274053059562,-8713.093112751441,2.044551807369957,1.044551807369957
2021-06-29,-0.0011011719432934366,-0.0011017786785719257,-1101.1719432934367,2.0423004042830715,1.0423004042830715
2021-06-30,-7.484486241804422e-5,-7.484766343452141e-5,-74.84486241804422,2.0421475485902962,1.0421475485902962
2021-07-02,0.0028380069983841016,0.0028339874597127167,2838.0069983841017,2.0479431776249286,1.0479431776249286
2021-07-05,0.003424103232835855,0.003418254339035948,3424.103232835855,2.0549555464800986,1.0549555464800986
2021-07-06,-0.0045514979138977325,-0.004561887518021974,-4551.497913897732,2.0456024205971417,1.0456024205971417
2021-07-07,-0.001302988493372792,-0.0013038381209965948,-1302.988493372792,2.042937024181088,1.042937024181088
2021-07-08,-0.01345857319948653,-0.013549960685503326,-13458.57319948653,2.015442006699206,1.0154420066992058
2021-07-09,0.010840898964643759,0.010782557688648872,10840.898964643759,2.0372912098629308,1.0372912098629308
2021-07-12,0.006974103413695309,0.006949896835436075,6974.1034136953085,2.051499489444327,1.051499489444327
2021-07-13,-6.28779360497822e-4,-6.2897712514448e-4,-628.779360497822,2.0502095489072927,1.0502095489072927
2021-07-14,8.324738001265763e-4,8.32127485997593e-4,832.4738001265763,2.0519162946415275,1.0519162946415275
2021-07-15,0.0020852716155572715,0.002083100454485068,2085.2716155572716,2.056195097448243,1.056195097448243
2021-07-16,-0.007872062561237587,-0.007903210820774739,-7872.062561237587,2.0400086010030205,1.0400086010030205
2021-07-19,-0.02104688982237631,-0.021271533229278324,-21046.88982237631,1.9970727647410096,0.9970727647410096
2021-07-20,0.0066737757135614615,0.006651604660847041,6673.775713561461,2.0104007804565533,1.0104007804565533
2021-07-21,0.006099053173789781,0.0060805292298370065,6099.053173789781,2.022662321717186,1.0226623217171862
2021-07-22,-0.0037057423277740975,-0.003712625601227664,-3705.7423277740977,2.015166856336805,1.0151668563368048
2021-07-23,0.0051023864252688345,0.00508941336199435,5102.3864252688345,2.0254490163492296,1.0254490163492296
2021-07-26,0.002711700907423435,0.0027080308796990074,2711.700907423435,2.0309414282848035,1.0309414282848035
2021-07-27,0.0021818850407637944,0.0021795081863191135,2181.885040763794,2.0353727090058453,1.0353727090058453
2021-07-28,0.00203763426361947,0.0020355611026748304,2037.63426361947,2.039520054176952,1.0395200541769518
2021-07-29,0.005973153169975154,0.005955384611684641,5973.153169975154,2.0517024198537865,1.0517024198537865
2021-07-30,-0.006267640227413014,-0.00628736434338883,-6267.640227413014,2.0388430872324306,1.0388430872324306
2021-08-03,0.0016846895735383631,0.0016832720758644976,1684.6895735383632,2.0422779049235715,1.0422779049235715
2021-08-04,5.41748694202741e-4,5.41602001356953e-4,541.7486942027409,2.043384306311763,1.0433843063117632
2021-08-05,0.006330131414579979,0.00631018028397141,6330.131414579979,2.056319197501207,1.0563191975012072
2021-08-06,0.010741348723556919,0.010684070237761183,10741.34872355692,2.078406839088512,1.0784068390885122
2021-08-09,9.913421304318566e-4,9.908510753310156e-4,991.3421304318566,2.0804672513522786,1.0804672513522786
2021-08-10,0.008419362965721692,0.008384117818957553,8419.362965721692,2.0979834602797105,1.0979834602797105
2021-08-11,0.006506827922566294,0.006485749902385401,6506.827922566294,2.111634677640141,1.111634677640141
2021-08-12,-8.594891954071631e-4,-8.598587680232952e-4,-859.489195407163,2.1098197504500624,1.1098197504500624
2021-08-13,-0.0014336078880605359,-0.0014346364870381641,-1433.6078880605357,2.106795096213431,1.106795096213431
2021-08-16,-9.946577260321887e-4,-9.951527262926103e-4,-994.6577260321887,2.1046995561938155,1.1046995561938155
2021-08-17,-0.004362824349855853,-0.004372369239912406,-4362.824349855853,2.0955171217209223,1.0955171217209223
2021-08-18,0.0019186536807172525,0.0019168154156977203,1918.6536807172524,2.0995376933595185,1.0995376933595185
2021-08-19,-0.005216947746914724,-0.005230603533868672,-5216.947746914724,2.088584514920584,1.088584514920584
2021-08-20,0.00834475312943772,0.008310128168187221,8344.75312943772,2.1060132370875624,1.1060132370875624
2021-08-23,0.004166245920646294,0.004157591148389648,4166.2459206462945,2.114787406145405,1.114787406145405
2021-08-24,0.0024436473026378893,0.0024406664516793846,2443.6473026378894,2.119955200686085,1.1199552006860851
2021-08-25,0.0042098175490067336,0.004200981058436675,4209.817549006733,2.128879825293041,1.128879825293041
2021-08-26,-0.013452296059776752,-0.013543597932182148,-13452.296059776752,2.1002415036075135,1.1002415036075135
2021-08-27,-0.004955210230778846,-0.004967527993243598,-4955.210230778846,2.0898343654217313,1.0898343654217313
2021-08-30,-0.00601174614748758,-0.006029889445171197,-6011.746147487581,2.07727081172652,1.0772708117265202
2021-08-31,-0.004705374340347235,-0.004716479463724381,-4705.3743403472345,2.06749647495107,1.0674964749510698
2021-09-01,0.0016297115872431212,0.0016283850483692743,1629.7115872431211,2.0708658979128822,1.0708658979128822
2021-09-02,8.962153540599625e-4,8.958139928656782e-4,896.2153540599625,2.072721839726791,1.0727218397267908
2021-09-03,-0.0015993893407852213,-0.0016006697293255683,-1599.3893407852213,2.069406750509919,1.069406750509919
2021-09-07,0.002676447428429725,0.0026728721210052394,2676.4474284297253,2.0749454088856965,1.0749454088856965
2021-09-08,-0.002761961886051804,-0.002765783140509763,-2761.961886051804,2.069214488750716,1.069214488750716
2021-09-09,0.0014794248887809076,0.0014783316179220506,1479.4248887809076,2.0722757361655995,1.0722757361655995
2021-09-10,-0.0017484815062788945,-0.0017500118842196466,-1748.4815062788946,2.0686524003650035,1.0686524003650035
2021-09-13,0.0033616108047646773,0.0033559732218700847,3361.610804764677,2.075606404625373,1.0756064046253728
2021-09-14,-0.0065320327526514985,-0.006553459837842618,-6532.032752651498,2.062048475608747,1.062048475608747
2021-09-15,0.007050670316276411,0.007025930560161503,7050.670316276411,2.0765872995864445,1.0765872995864445
2021-09-16,0.003314069585588367,0.0033085901597741142,3314.069585588367,2.0834692543978233,1.0834692543978233
2021-09-17,-0.00853924822959647,-0.00857591650532386,-8539.24822959647,2.065677993255788,1.0656779932557878
2021-09-20,-0.016977044168322127,-0.01712280627785938,-16977.04416832213,2.0306088867267533,1.0306088867267533
2021-09-21,-0.0016369829739046882,-0.0016383242945456772,-1636.9829739046882,2.027284814552522,1.0272848145525222
2021-09-22,0.006283322924427423,0.0062636651520566545,6283.322924427423,2.040022899702144,1.040022899702144
2021-09-23,0.012733274410457943,0.01265288794128957,12733.274410457943,2.0659990710876692,1.0659990710876692
2021-09-24,-8.566621797582525e-6,-8.566658491296596e-6,-8.566621797582524,2.0659813724549934,1.0659813724549934
2021-09-27,0.010424493722224537,0.010370533369807118,10424.493722224537,2.0875181823023827,1.0875181823023827
2021-09-28,-0.008831967539709717,-0.008871200538894215,-8831.967539709718,2.0690812894777344,1.0690812894777344
2021-09-29,7.417887636402091e-4,7.415137743361919e-4,741.788763640209,2.0706161107293273,1.0706161107293273
2021-09-30,-0.008057813506919826,-0.008090453140473434,-8057.813506919826,2.053931472264647,1.053931472264647
2021-10-01,0.008775231723993228,0.00873695315066059,8775.231723993227,2.071955196878972,1.0719551968789718
2021-10-04,-2.566294602420194e-4,-2.5666239521679517e-4,-256.6294602420194,2.071423472135151,1.0714234721351512
2021-10-05,0.010288402145693671,0.010235836771378994,10288.402145693672,2.0927351098305067,1.0927351098305067
2021-10-06,-0.0023771684325098645,-0.0023799983831238663,-2377.1684325098645,2.0877603259898128,1.0877603259898128
2021-10-07,0.006200353548263722,0.006181210444790527,6200.353548263723,2.1007051781349877,1.1007051781349877
2021-10-08,0.006531845594680673,0.006510605532279441,6531.8455946806735,2.1144266599985113,1.1144266599985113
2021-10-12,-0.003105015832071252,-0.0031098463956391593,-3105.015832071252,2.1078613317434627,1.1078613317434627
2021-10-13,-0.0015677231662172644,-0.0015689533300525496,-1567.7231662172644,2.104556788702515,1.104556788702515
2021-10-14,0.007098060967516009,0.007072988307697493,7098.0609675160085,2.1194950610983248,1.1194950610983248
2021-10-15,0.011256446341650203,0.011193563997341924,11256.446341650202,2.143353043524971,1.143353043524971
2021-10-18,0.0035924932210205833,0.0035860556306419756,3592.4932210205834,2.151053024804088,1.1510530248040882
2021-10-19,0.005376926654134047,0.005362522593992536,5376.926654134047,2.162619079147613,1.1626190791476132
2021-10-20,0.0058077092752388815,0.005790909545639773,5807.709275238882,2.175178942032387,1.175178942032387
2021-10-21,3.990543709013006e-5,3.990464088935714e-5,39.90543709013006,2.175265743498818,1.175265743498818
2021-10-22,0.0057676542546397265,0.005751085016735063,5767.654254639727,2.187811924219281,1.187811924219281
2021-10-25,0.005338624382308624,0.005324424443500476,5338.624382308624,2.1994918303018234,1.1994918303018234
2021-10-26,0.005467768951695798,0.005452874969610666,5467.768951695798,2.2115181434410562,1.2115181434410562
2021-10-27,-0.007314668649047783,-0.007341552013261151,-7314.668649047783,2.195341621010428,1.195341621010428
2021-10-28,0.002326497333955587,0.0023237952291813233,2326.497333955587,2.2004490774388303,1.2004490774388303
2021-10-29,-0.01150020733730528,-0.0115668461209111,-11500.207337305279,2.175143456813102,1.1751434568131018
2021-11-01,0.006025544376869234,0.006007463379896369,6025.544376869234,2.188249880238186,1.1882498802381858
2021-11-02,0.00553519742007282,0.005519934511073147,5535.19742007282,2.200362275329755,1.2003622753297551
2021-11-03,0.007188575186594845,0.007162860540889268,7188.575186594845,2.2161797449837097,1.2161797449837097
2021-11-04,-0.0010708062690985194,-0.0010713799917319194,-1070.8062690985194,2.213806645819332,1.2138066458193322
2021-11-05,-0.0016161892491133867,-0.0016174966918643665,-1616.1892491133867,2.210228715318743,1.2102287153187432
2021-11-08,4.735680094770099e-4,4.734559115364793e-4,473.56800947700987,2.2112754089319453,1.2112754089319453
2021-11-09,0.002142099942610646,0.00213980891768146,2142.099942610646,2.216012181858515,1.216012181858515
2021-11-10,0.001881692614148611,0.001879924448350423,1881.692614148611,2.2201820356139814,1.2201820356139814
2021-11-11,0.0041670200831245285,0.004158362098601288,4167.020083124528,2.229433578744577,1.229433578744577
2021-11-12,0.0038721532497724507,0.0038646757608172887,3872.1532497724506,2.238066287221665,1.238066287221665
2021-11-15,-0.003239701667059928,-0.0032449608623935375,-3239.701667059928,2.2308156201399623,1.2308156201399623
2021-11-16,-0.0024289796101482444,-0.0024319343667870055,-2428.9796101482443,2.2253970144846424,1.2253970144846424
2021-11-17,-0.002865385192684459,-0.002869498267744259,-2865.385192684459,2.2190203948314937,1.2190203948314937
2021-11-18,-1.5062270332188987e-4,-1.5063404806046562e-4,-150.62270332188987,2.218686159980898,1.2186861599808978
2021-11-19,-0.00450557667508535,-0.004515757377138056,-4505.57667508535,2.2086896993691534,1.2086896993691534
2021-11-22,0.0047325233923507515,0.004721360209681578,4732.523392350751,2.219142375037862,1.2191423750378618
2021-11-23,0.007383262468324511,0.007356139607633662,7383.262468324511,2.2355268856473476,1.2355268856473476
2021-11-24,1.8659669040680792e-4,1.865792834097309e-4,186.59669040680794,2.235944027565525,1.235944027565525
2021-11-25,0.003925009293498038,0.003917326541208715,3925.0092934980376,2.244720128653461,1.2447201286534608
2021-11-26,-0.019295545866491754,-0.019484134804119993,-19295.545866491753,2.2014070284535907,1.2014070284535907
2021-11-29,-0.006091648437952864,-0.006110278224236143,-6091.648437952864,2.187996830767413,1.1879968307674131
2021-11-30,-0.02658741803894691,-0.026947255879333446,-26587.41803894691,2.129823644359909,1.129823644359909
2021-12-01,7.830817713921721e-4,7.827753228342462e-4,783.0817713921721,2.131491470432087,1.131491470432087
2021-12-02,0.014887669444936191,0.014777935871719458,14887.669444936191,2.163224410868581,1.163224410868581
2021-12-03,0.004207440103440836,0.004198613576722565,4207.4401034408365,2.1723260480076116,1.1723260480076116
2021-12-06,0.004584661362169543,0.004574183814068184,4584.661362169543,2.182285427305947,1.1822854273059469
2021-12-07,0.0053427413631250325,0.005328519553632347,5342.741363125033,2.1939448139245594,1.1939448139245594
2021-12-08,-0.0013509523220774364,-0.0013518656808611544,-1350.9523220774365,2.1909808990836783,1.1909808990836783
2021-12-09,-8.31343292462446e-4,-8.316890499394617e-4,-831.343292462446,2.189159441809312,1.1891594418093119
2021-12-10,0.002050553535479653,0.0020484540202011293,2050.553535479653,2.193648430442442,1.1936484304424422
2021-12-13,-0.004169648544830632,-0.004178365769605364,-4169.648544830632,2.184501687456578,1.184501687456578
2021-12-14,0.00123521426510718,0.0012344520155965616,1235.21426510718,2.187200015103075,1.187200015103075
2021-12-15,0.0051648624836422834,0.005151570329857676,5164.862483642283,2.1984966024053025,1.1984966024053025
2021-12-16,0.004221107067139684,0.004212223185805559,4221.107067139685,2.207776691950798,1.207776691950798
2021-12-17,-0.006768815106746483,-0.00679182743865526,-6768.815106746483,2.192832659725999,1.1928326597259988
2021-12-20,-0.010108503946877956,-0.010159941806355809,-10108.503946877956,2.1706664021303155,1.1706664021303155
2021-12-21,0.01215458580701038,0.012081311973482478,12154.585807010379,2.197049953173403,1.1970499531734031
2021-12-22,0.0089788591611177,0.008938788883503955,8978.8591611177,2.2167769552728873,1.2167769552728873
2021-12-23,0.00853619079052148,0.008499963529799193,8536.190790521481,2.235699786303128,1.2356997863031278
2021-12-24,0.0015832162660575075,0.0015819643004323202,1583.2162660575075,2.2392393825708243,1.2392393825708243
2021-12-29,0.007659540363349351,0.007630355020197406,7659.540363349351,2.256390927004827,1.2563909270048268
2021-12-30,-0.0018444108100220862,-0.0018461138300079707,-1844.4108100220863,2.2522292151874233,1.2522292151874233
2021-12-31,-0.003370181670971676,-0.003375873525205965,-3370.181670971676,2.244638793567572,1.2446387935675718
2022-01-04,0.023086722534828165,0.02282425613779981,23086.722534828164,2.2964601465855776,1.2964601465855776
2022-01-05,9.83615407106379e-4,9.831319744537299e-4,983.6154071063789,2.298718980167565,1.298718980167565
2022-01-06,0.010058579629000326,0.010008328803928011,10058.579629000325,2.3218408280742744,1.3218408280742744
2022-01-07,0.010004986345782951,0.00995526781700398,10004.98634578295,2.345070813856239,1.345070813856239
2022-01-10,-0.002274114002030573,-0.0022767037262413745,-2274.114002030573,2.3397378554826953,1.3397378554826953
2022-01-11,0.010403817250333161,0.010350070006561633,10403.81725033316,2.3640800605448233,1.3640800605448233
2022-01-12,0.006412661492850264,0.006392187859511972,6412.661492850264,2.3792401057150947,1.3792401057150947
2022-01-13,0.007734847635267142,0.007705087065102646,7734.847635267142,2.397643165420518,1.3976431654205181
2022-01-14,0.006442593092462422,0.0064219282986679215,6442.593092462423,2.4130902047162457,1.4130902047162457
2022-01-17,0.012469783535919246,0.012392676131919071,12469.783535919247,2.4431809172217047,1.4431809172217047
2022-01-18,-0.006909219801381686,-0.006933198975935272,-6909.219801381686,2.4263004432500783,1.4263004432500783
2022-01-19,-0.015546936114265664,-0.015669057117423738,-15546.936114265663,2.388578905264855,1.388578905264855
2022-01-20,-0.004515624955120219,-0.004525851186316919,-4515.624955120219,2.377792978752967,1.377792978752967
2022-01-21,-0.011748453351478819,-0.011818011768852506,-11748.453351478818,2.349857588862614,1.3498575888626139
2022-01-24,-0.010152668955806262,-0.0102045588117215,-10152.668955806263,2.326000262669603,1.326000262669603
2022-01-25,0.007322792087577264,0.007296110621639738,7322.792087577264,2.3430330789887828,1.3430330789887828
2022-01-26,0.009073980210116109,0.00903305901083966,9073.98021011611,2.364293714779174,1.364293714779174
2022-01-27,-0.0030818989280194664,-0.003086657758525726,-3081.8989280194664,2.357007200514073,1.3570072005140732
2022-01-28,6.157129207971326e-4,6.155234473668845e-4,615.7129207971326,2.3584584403018414,1.3584584403018414
2022-01-31,0.011091860746420509,0.011030797183122824,11091.860746420509,2.3846181328978897,1.3846181328978897
2022-02-01,0.010590032619630428,0.010534350992707364,10590.032619630429,2.4098713167106407,1.4098713167106407
2022-02-02,0.010395738899219851,0.01034207480378284,10395.738899219852,2.4349237096998833,1.4349237096998833
2022-02-03,-0.0026166261730184437,-0.002620055522806974,-2616.6261730184438,2.4285524245917793,1.4285524245917793
2022-02-04,0.004877209487446965,0.004865354432021329,4877.209487446965,2.4403969835177604,1.4403969835177604
2022-02-07,0.0010452966516481348,0.0010447507095176938,1045.2966516481347,2.4429479223133237,1.4429479223133237
2022-02-08,0.011152202658038622,0.011090475352269664,11152.202658038621,2.4701921726259966,1.4701921726259966
2022-02-09,-0.0023923409812966296,-0.0023952072012114445,-2392.3409812966297,2.464282630659745,1.4642826306597452
2022-02-10,-0.004248224043578108,-0.004257273385522132,-4248.224043578109,2.453813805938004,1.4538138059380041
2022-02-11,-0.0011977095330263365,-0.0011984273603120534,-1197.7095330263364,2.450874849750361,1.450874849750361
2022-02-14,-0.00965490433233196,-0.009701815111418528,-9654.90433233196,2.4272118875455027,1.4272118875455027
2022-02-15,0.00593863791201843,0.005921073705895328,5938.637912018429,2.441626220081382,1.4416262200813819
2022-02-16,-3.9650060303518075e-4,-3.9657923018377914e-4,-396.50060303518075,2.440658113812733,1.440658113812733
2022-02-17,-0.015545959880037208,-0.015668065466546487,-15545.959880037208,2.402715740694513,1.402715740694513
2022-02-18,-3.8759475781387676e-4,-3.876698920770774e-4,-387.59475781387675,2.4017844606689027,1.4017844606689027
2022-02-22,0.002776887131474911,0.00277303870319221,2776.887131474911,2.4084539450303106,1.4084539450303106
2022-02-23,-0.010867263153399382,-0.010926743173500142,-10867.263153399383,2.3822806422168235,1.3822806422168235
2022-02-24,-0.019661471969042534,-0.0198573302007797,-19661.471969042534,2.3354414981474845,1.3354414981474845
2022-02-25,0.028512943168872425,0.028114014542018596,28512.943168872425,2.40203180885839,1.40203180885839
2022-02-28,-0.009425896071342938,-0.009470600974006038,-9425.896071342939,2.379390506668031,1.379390506668031
2022-03-01,-0.01712236385308341,-0.01727064659656004,-17122.36385308341,2.3386497166642886,1.3386497166642886
2022-03-02,0.017020703046176904,0.016877473836780853,17020.703046176903,2.378455179020657,1.3784551790206572
2022-03-03,-0.0033654037528207574,-0.0033710794616427084,-3365.4037528207573,2.370450717035265,1.3704507170352649
2022-03-04,-0.005636388146027663,-0.005652332522382318,-5636.388146027663,2.3570899367130247,1.3570899367130247
2022-03-07,-0.01850024253538638,-0.01867351237251518,-18500.24253538638,2.313483201206115,1.313483201206115
2022-03-08,-0.005343282366074232,-0.005357608755380355,-5343.282366074232,2.3011216072129015,1.3011216072129015
2022-03-09,0.022099244229823678,0.021858594923820297,22099.24422982368,2.351974655613224,1.351974655613224
2022-03-10,-0.0014470535395597801,-0.0014481015326563782,-1447.0535395597801,2.348571222362864,1.3485712223628639
2022-03-11,-0.0016146894001606476,-0.0016159944160762426,-1614.6894001606477,2.3447790093045926,1.3447790093045926
2022-03-14,0.008302058322315786,0.008267785793820162,8302.058322315786,2.364245501392781,1.364245501392781
2022-03-15,-9.174478570374745e-5,-9.174899451402559e-5,-91.74478570374744,2.3640285941959047,1.3640285941959047
2022-03-16,0.012375819478771644,0.012299865048372598,12375.819478771644,2.3932853853203273,1.3932853853203273
2022-03-17,0.00464780675143267,0.00463703904887653,4647.80675143267,2.4044089132923245,1.4044089132923245
2022-03-18,0.0036099312113723,0.003603431048427341,3609.9312113723,2.41308866407332,1.41308866407332
2022-03-21,0.0031842759205779423,0.0031792168508131074,3184.275920577942,2.420772604200548,1.4207726042005482
2022-03-22,0.0036256402128625274,0.003619083422980868,3625.6402128625273,2.429549454700534,1.4295494547005339
2022-03-23,-0.025688996624534256,-0.02602472099307466,-25688.996624534255,2.3671367669595926,1.3671367669595926
2022-03-24,-3.209640433885127e-4,-3.210155633714231e-4,-320.9640433885127,2.3663770011716156,1.3663770011716156
2022-03-25,0.005058915856319604,0.005046162535399822,5058.915856319604,2.3783483033048727,1.3783483033048727
2022-03-28,-0.002818424845804912,-0.0028224040836579006,-2818.4248458049124,2.37164510735486,1.3716451073548601
2022-03-29,-5.088380732286197e-4,-5.089675752532404e-4,-508.83807322861975,2.3704383240280515,1.3704383240280515
2022-03-30,-0.0044802973549363054,-0.004490363965990771,-4480.297354936305,2.3598180554748693,1.3598180554748693
2022-03-31,-0.016705062205896643,-0.016846165389789614,-16705.062205896644,2.3203971480635635,1.3203971480635635
2022-04-01,-0.0029298544790981595,-0.002934154904533702,-2929.8544790981596,2.313598722086023,1.3135987220860228
2022-04-04,0.00620051446229238,0.006181370367230648,6200.51446229238,2.3279442244222586,1.3279442244222586
2022-04-05,-0.0017516539834864415,-0.0017531899232107267,-1751.6539834864416,2.323866471648215,1.323866471648215
2022-04-06,-0.012903356512504478,-0.012987327941448643,-12903.356512504477,2.293880794077082,1.293880794077082
2022-04-07,-0.01038003236319899,-0.010434280624801312,-10380.03236319899,2.2700702371972414,1.2700702371972414
2022-04-08,0.005630244195329018,0.005614453612645036,5630.244195329018,2.2828512869732105,1.2828512869732105
2022-04-11,-2.8955279294445857e-4,-2.8959472144828176e-4,-289.5527929444586,2.2821902810071903,1.2821902810071903
2022-04-12,-0.01231189205340218,-0.01238831128775148,-12311.89205340218,2.254092200622106,1.254092200622106
2022-04-13,-0.0037581935158367084,-0.0037652732687085866,-3758.1935158367082,2.2456208859296303,1.2456208859296303
2022-04-14,0.002518751565377564,0.002515584827023687,2518.751565377564,2.25127704705131,1.25127704705131
2022-04-18,-0.0013464676612670774,-0.0013473749633752447,-1346.4676612670773,2.2482457753109024,1.2482457753109024
2022-04-19,0.009572195130113093,0.009526671944298895,9572.195130113092,2.2697664225726304,1.2697664225726304
2022-04-20,0.007692638815275116,0.007663201340826321,7692.638815275116,2.287226915856521,1.2872269158565208
2022-04-21,-0.0028114871170833995,-0.002815446770405806,-2811.4871170833994,2.280796406848744,1.280796406848744
2022-04-22,-0.020685931161574484,-0.02090288213941922,-20685.931161574485,2.2336160093831046,1.2336160093831046
2022-04-25,-0.005861080316648781,-0.0058783238580872805,-5861.080316648781,2.220524606555558,1.220524606555558
2022-04-26,-0.014479729039432768,-0.014585583386732806,-14479.729039432768,2.1883720119272403,1.1883720119272403
2022-04-27,-0.010443111135931158,-0.010498023056455497,-10443.111135931158,2.165518599799923,1.1655185997999231
2022-04-28,0.014888195267553285,0.01477845398076414,14888.195267553285,2.197759263569263,1.1977592635692629
2022-04-29,-0.010909131827969765,-0.01096907274076485,-10909.131827969764,2.173783618036844,1.1737836180368442
2022-05-02,-8.773602597952715e-4,-8.777453655754871e-4,-877.3602597952715,2.1718764266769846,1.1718764266769846
2022-05-03,0.012699234706193682,0.012619275659355465,12699.234706193682,2.1994575951722046,1.1994575951722046
2022-05-04,0.00843697633713103,0.008401583982577194,8436.976337131031,2.218014366857196,1.2180143668571959
2022-05-05,-0.015060191051310935,-0.015174747343503195,-15060.191051310936,2.1846106467377737,1.1846106467377737
2022-05-06,-0.0049898413823685015,-0.0050023322097012615,-4989.841382368501,2.173709786128319,1.173709786128319
2022-05-09,-0.011307179190734946,-0.011371591348191074,-11307.179190734945,2.1491312600679118,1.1491312600679118
2022-05-10,-0.007135102187218448,-0.00716067876242981,-7135.102187218448,2.1337969889135815,1.1337969889135815
2022-05-11,-0.0018183558214049562,-0.0018200110371700646,-1818.3558214049563,2.1299169867370944,1.1299169867370944
2022-05-12,-0.005503030698890724,-0.005518228152673963,-5503.030698890724,2.118195988172991,1.118195988172991
2022-05-13,0.009416448304117917,0.009372389921157654,9416.448304117917,2.138141871193612,1.138141871193612
2022-05-16,0.005882501480573528,0.005865267123132788,5882.501480573528,2.1507194939165846,1.1507194939165846
2022-05-17,0.01469541362367129,0.014588482359376154,14695.41362367129,2.1823252064681817,1.1823252064681817
2022-05-18,-0.016534488422213535,-0.01667270879606438,-16534.488422213533,2.146241575608329,1.1462415756083288
2022-05-19,-0.002674256917109781,-0.0026778391300696235,-2674.256917109781,2.14050197422897,1.14050197422897
2022-05-20,6.47391722300698e-4,6.471822546798399e-4,647.391722300698,2.141887717488654,1.141887717488654
2022-05-24,0.014137757717926653,0.014038751679036685,14137.757717926654,2.1721692070975114,1.1721692070975114
2022-05-25,0.008432900871391646,0.008397542605604446,8432.900871391646,2.1904868946968543,1.1904868946968543
2022-05-26,0.003858229740719013,0.003850805861580199,3858.229740719013,2.198938296380629,1.198938296380629
2022-05-27,0.013211422113059665,0.013124912387267889,13211.422113059665,2.2279893984146857,1.2279893984146857
2022-05-30,0.005982024521095307,0.00596420324861908,5982.024521095307,2.241317285628743,1.2413172856287429
2022-05-31,-8.135869503841006e-5,-8.136200483656103e-5,-81.35869503841006,2.241134934979217,1.241134934979217
2022-06-01,4.532675092838712e-5,4.532572370225269e-5,45.32675092838712,2.241236518344212,1.2412365183442118
2022-06-02,0.007125253318777039,0.007099988641840996,7125.25331877704,2.257205896284708,1.2572058962847081
2022-06-03,-0.008834216428049194,-0.008873469468901147,-8834.216428049194,2.2372652508742603,1.2372652508742603
2022-06-06,9.24900986930969e-4,9.244735295633455e-4,924.900986930969,2.2393344997128204,1.2393344997128204
2022-06-07,0.0010467530306552486,0.0010462055667080463,1046.7530306552487,2.2416785298870456,1.2416785298870456
2022-06-08,-0.008118082041170944,-0.008151213098107188,-8118.082041170944,2.2234803996714914,1.2234803996714914
2022-06-09,-0.014440445695179603,-0.014545723667451192,-14440.445695179602,2.191372351705739,1.191372351705739
2022-06-10,-0.019196020863742686,-0.01938265677716237,-19196.020863742688,2.1493067223221667,1.1493067223221667
2022-06-13,-0.018139471177794665,-0.018306008390518602,-18139.471177794665,2.1103194349803633,1.1103194349803633
2022-06-14,-0.00827765032596306,-0.008312100315119213,-8277.650325963059,2.092850948621512,1.0928509486215119
2022-06-15,0.00586382835560123,0.0058467030281513345,5863.828355601229,2.1051230673580856,1.1051230673580856
2022-06-16,-0.02822756167805516,-0.028633618884081526,-28227.561678055157,2.0457005761343385,1.0457005761343385
2022-06-17,-1.7199115165337587e-4,-1.7200594382760576e-4,-171.99115165337585,2.0453487337363114,1.0453487337363114
2022-06-20,0.01749244932474377,0.017341217496016012,17492.44932474377,2.0811268928126223,1.0811268928126223
2022-06-21,-0.0010564024903475704,-0.0010569608767468709,-1056.4024903475704,2.0789283851803257,1.0789283851803257
2022-06-22,-0.014604463551747195,-0.014712158567683788,-14604.463551747194,2.048566751352267,1.0485667513522672
2022-06-23,-0.029162311245563306,-0.029595983515689615,-29162.311245563305,1.98882581014202,0.98882581014202
2022-06-24,0.0070757495911910225,0.0070508339372961516,7075.749591191023,2.0028982435550824,1.0028982435550824
2022-06-27,0.010672703762568089,0.010616152474024662,10672.70376256809,2.0242745831751137,1.0242745831751137
2022-06-28,7.013656105699744e-4,7.011197686534572e-4,701.3656105699744,2.0256943397541036,1.0256943397541036
2022-06-29,4.8157754102908434e-4,4.8146161978029266e-4,481.57754102908433,2.026669868653119,1.0266698686531188
2022-06-30,-0.005859652377099882,-0.005876887500959407,-5859.652377099882,2.014794287739669,1.0147942877396692
2022-07-04,0.004066103656618561,0.004057859397597148,4066.103656618561,2.0229866501603815,1.0229866501603815
2022-07-05,-0.0053529916640586706,-0.005367370259224904,-5352.991664058671,2.012157619485571,1.012157619485571
2022-07-06,1.9067723367771644e-4,1.9065905708453323e-4,190.67723367771643,2.012541292134178,1.0125412921341779
2022-07-07,0.0144039976737295,0.014301245617476884,14403.9976737295,2.041529932224363,1.0415299322243632
2022-07-08,0.003573917811859617,0.0035675465433441887,3573.917811859617,2.0488261924125846,1.0488261924125846
2022-07-11,-0.00619385688579573,-0.00621311839389501,-6193.856885795731,2.036136056192911,1.0361360561929112
2022-07-12,-0.0037638456287802384,-0.003770946719612022,-3763.8456287802383,2.0284723543982075,1.0284723543982075
2022-07-13,-0.012623475996367279,-0.012703829008548615,-12623.475996367279,2.002865982323167,1.0028659823231671
2022-07-14,-0.03664511343286332,-0.037333413194950316,-36645.11343286332,1.9294707312101116,0.9294707312101116
2022-07-15,0.00487263348702377,0.004860800631020473,4872.63348702377,1.938872334907238,0.9388723349072381
2022-07-18,0.013676848122644728,0.013584164162119074,13676.848122644727,1.965389997360962,0.9653899973609621
2022-07-19,0.025699428796108016,0.025374749439299772,25699.428796108015,2.015899397654723,1.015899397654723
2022-07-20,0.0052187861696229385,0.005205215499554226,5218.786169622938,2.026419945550555,1.026419945550555
2022-07-21,0.0033405113252319056,0.003334944211833305,3340.5113252319056,2.0331892243283423,1.0331892243283423
2022-07-22,-0.001513886115091752,-0.0015150331985251113,-1513.886115091752,2.0301112073922774,1.0301112073922774
2022-07-25,0.007520735451017835,0.007492595719734882,7520.735451017835,2.045379136719221,1.045379136719221
2022-07-26,-0.008964629724215412,-0.009005053789797376,-8964.629724215412,2.0270430701128976,1.0270430701128976
2022-07-27,0.01107430904308874,0.011013437874481995,11074.30904308874,2.0494911715149793,1.0494911715149793
2022-07-28,0.004689440663903291,0.004678479491520128,4689.440663903291,2.0591021387549926,1.0591021387549926
2022-07-29,0.009347110931746005,0.009303697010507511,9347.110931746005,2.078348794865731,1.078348794865731
2022-08-02,-0.004402767306307176,-0.004412488028829781,-4402.767306307176,2.069198308740593,1.0691983087405932
2022-08-03,0.010205073783081628,0.010153353592242785,10205.073783081627,2.090314630153119,1.0903146301531188
2022-08-04,-0.003254537906917487,-0.003259845434239131,-3254.537906917487,2.083511621951901,1.0835116219519012
2022-08-05,0.005215209634503392,0.005201657526373296,5215.2096345033915,2.0943775718363042,1.0943775718363042
2022-08-08,-0.005244284787877362,-0.00525808431626045,-5244.284787877363,2.0833940593962517,1.0833940593962517
2022-08-09,-0.004272924548242759,-0.0042820795788175835,-4272.92454824276,2.0744918737761946,1.0744918737761946
2022-08-10,0.01763037611341008,0.017476763898575564,17630.37611341008,2.1110659457550813,1.1110659457550813
2022-08-11,0.00832686438912189,0.008292387312253215,8326.86438912189,2.1286445056018772,1.1286445056018772
2022-08-12,0.010301866613120159,0.010249164032857846,10301.866613120159,2.1505735173653386,1.1505735173653386
2022-08-15,0.005393932828668069,0.005379437673554413,5393.932828668068,2.16217356646112,1.16217356646112
2022-08-16,0.010560270745214779,0.010504900561071229,10560.270745214779,2.1850067047210957,1.1850067047210957
2022-08-17,-7.056209812587773e-4,-7.05870048915175e-4,-705.6209812587773,2.1834649181460537,1.1834649181460537
2022-08-18,0.001737298433283907,0.00173579107592796,1737.298433283907,2.187258248327479,1.187258248327479
2022-08-19,-0.006805938011507749,-0.006829204032437344,-6805.938011507749,2.172371904274203,1.1723719042742031
2022-08-22,-0.012822467250553155,-0.01290538465011637,-12822.467250553154,2.1445167366756257,1.1445167366756257
2022-08-23,-0.013050731577906574,-0.013136640644650501,-13050.731577906574,2.116529224380944,1.116529224380944
2022-08-24,-0.015495699606510593,-0.015617012813472655,-15495.699606510594,2.083732123311536,1.083732123311536
2022-08-25,0.005888157563516793,0.0058708901129282225,5888.157563516793,2.096001466373756,1.0960014663737558
2022-08-26,-0.006308184343971382,-0.006328165010971782,-6308.184343971382,2.0827795027386355,1.0827795027386355
2022-08-29,-0.006366678624746528,-0.006387032359552113,-6366.678624746528,2.0695191149984895,1.0695191149984895
2022-08-30,-0.013733769937783783,-0.013828950620609204,-13733.769937783783,2.0410968155912546,1.0410968155912546
2022-08-31,-0.0155692676487912,-0.015691741579116375,-15569.267648791201,2.009318432972219,1.009318432972219
2022-09-01,-0.00489270483367371,-0.004904713299232197,-4892.70483367371,1.9994874309628259,0.9994874309628259
2022-09-02,0.005793932045915679,0.005777211774629436,5793.932045915679,2.0110723252644873,1.0110723252644873
2022-09-06,-0.008593510124694207,-0.008630647244701296,-8593.510124694207,1.9937901548758346,0.9937901548758346
2022-09-07,0.008313030007834713,0.00827866708255248,8313.030007834714,2.0103645922626425,1.0103645922626425
2022-09-08,0.01912640117238599,0.018945790877839836,19126.401172385988,2.048815631957018,1.048815631957018
2022-09-09,0.01824746751022018,0.01808298044309092,18247.46751022018,2.086201328635585,1.086201328635585
2022-09-12,0.009427602384028991,0.00938343988800119,9427.60238402899,2.105869205254994,1.105869205254994
2022-09-13,-0.017523513646868324,-0.017678867990112687,-17523.513646868323,2.0689669774981887,1.0689669774981887
2022-09-14,0.0016121922885219226,0.001610894101631639,1612.1922885219226,2.0723025501045176,1.0723025501045176
2022-09-15,0.004610143985950332,0.00459954982010635,4610.1439859503325,2.0818561632429513,1.0818561632429513
2022-09-16,-0.007849264793331959,-0.00788023242744631,-7849.2647933319595,2.0655151229560276,1.0655151229560276
2022-09-19,0.006020769927080042,0.0060027175151960805,6020.769927080041,2.07795111429225,1.07795111429225
2022-09-20,-0.00836224772620453,-0.008397407466563565,-8362.24772620453,2.0605747723115955,1.0605747723115955
2022-09-21,-0.012459070932515765,-0.012537335908823733,-12459.070932515766,2.0349019250616127,1.0349019250616127
2022-09-22,-0.0043551885329981554,-0.004364699992756919,-4355.188532998155,2.026039543531809,1.0260395435318088
2022-09-23,-0.0179726517006224,-0.018136121423429637,-17972.6517006224,1.9896262404842233,0.9896262404842233
2022-09-26,-3.205043992040766e-4,-3.2055577171606847e-4,-320.5043992040766,1.9889885565213763,0.9889885565213763
2022-09-27,-0.008038946870162877,-0.008071433425821319,-8038.9468701628775,1.9729991831901388,0.9729991831901388
2022-09-28,0.014790628452409155,0.014682313828855317,14790.628452409155,2.002181081045611,1.0021810810456109
2022-09-29,-0.009779503295572903,-0.009827636708931076,-9779.503295572904,1.9826007445651916,0.9826007445651916
2022-09-30,-8.609962778529284e-4,-8.61367148042016e-4,-860.9962778529284,1.9808937327036524,0.9808937327036524
2022-10-03,0.015673288494459887,0.015551731000254419,15673.288494459886,2.0119408516531845,1.0119408516531845
2022-10-04,0.020585911408324883,0.02037688532780746,20585.911408324882,2.0533584877841067,1.0533584877841067
2022-10-05,-0.00761376858752318,-0.007642901290888696,-7613.76858752318,2.037724691430892,1.037724691430892
2022-10-06,-0.026669744828812236,-0.02703183488827505,-26669.744828812236,1.9833790938790599,0.9833790938790599
2022-10-07,-0.02061059695395665,-0.020825959615171585,-20610.59695395665,1.9425004667682149,0.9425004667682149
2022-10-11,-0.024613947740271775,-0.024921935316596595,-24613.947740271775,1.8946878617937284,0.8946878617937284
2022-10-12,0.006415109850351782,0.006394620613606858,6415.1098503517815,1.9068424925592633,0.9068424925592633
2022-10-13,0.030125775822358494,0.02968090723531796,30125.775822358493,1.964287602018651,0.964287602018651
2022-10-14,-0.0011031811939327119,-0.001103790146203694,-1103.181193932712,1.9621206368766289,0.9621206368766289
2022-10-17,0.017092270280833228,0.016947840857319343,17092.27028083323,1.9956577331257246,0.9956577331257246
2022-10-18,0.00888408129649021,0.008844850030872375,8884.081296490209,2.0133873186667826,1.0133873186667826
2022-10-19,-0.014067600552421103,-0.014167487127866156,-14067.600552421103,1.9850637901104684,0.9850637901104684
2022-10-20,-0.009658812032502998,-0.009705760915661561,-9658.812032502998,1.9658904320892634,0.9658904320892634
2022-10-21,0.01633639560478047,0.016204392391632582,16336.39560478047,1.9980059959035263,0.9980059959035263
2022-10-24,0.004066404042449179,0.004058158566929318,4066.4040424491786,2.0061306955621063,1.0061306955621063
2022-10-25,0.00867802905447057,0.008640591394492456,8678.029054470571,2.0235399560252594,1.0235399560252594
2022-10-26,0.00461336339600236,0.004602754451189156,4613.36339600236,2.0328752811887347,1.0328752811887347
2022-10-27,0.0024718224135231353,0.002468772485387718,2471.8224135231353,2.037900187872674,1.037900187872674
2022-10-28,0.009206019282760398,0.009163902177165286,9206.019282760397,2.0566611362985707,1.0566611362985707
2022-10-31,-6.794577980477889e-4,-6.796887341109174e-4,-679.457798047789,2.055263721851571,1.055263721851571
2022-11-01,0.0012040374701417869,0.0012033131983356681,1204.0374701417868,2.0577383363837036,1.0577383363837036
2022-11-02,-0.005809028035657544,-0.005825966066533894,-5809.028035657544,2.0457848766976032,1.0457848766976032
2022-11-03,-0.005549426932162223,-0.005564882206932884,-5549.426932162223,2.034431943005447,1.0344319430054472
2022-11-04,0.01876246597957202,0.018588622042434687,18762.465979572018,2.0726029031238418,1.0726029031238418
2022-11-07,0.005714943802244946,0.005698675463246741,5714.943802244946,2.084447712239564,1.0844477122395642
2022-11-08,0.002895756871954129,0.0028915722445193993,2895.756871954129,2.090483766026511,1.090483766026511
2022-11-09,-0.008286735090361392,-0.00832126094965819,-8286.735090361391,2.0731604808467483,1.0731604808467483
2022-11-10,0.02962878009955065,0.029198329608751693,29628.780099550648,2.1345856968448356,1.1345856968448356
2022-11-11,0.0030201779702640668,0.003015626394853759,3020.177970264067,2.1410325255420872,1.1410325255420872
2022-11-14,-0.004775366990864874,-0.004786805485682386,-4775.366990864874,2.1308083094932453,1.1308083094932453
2022-11-15,2.2219820443571603e-4,2.2217352207087252e-4,222.19820443571604,2.131281771273611,1.1312817712736112
2022-11-16,-0.0019632127972136386,-0.001965142425384633,-1963.2127972136386,2.127097611625779,1.127097611625779
2022-11-17,0.0015486721366715364,0.0015474741806460084,1548.6721366715365,2.1303917884288843,1.1303917884288843
2022-11-18,0.006352537322369363,0.006332445003729116,6352.537322369363,2.1439251817761478,1.1439251817761478
2022-11-21,0.003312119442901828,0.0033066464567593702,3312.1194429018283,2.1510261180548356,1.1510261180548356
2022-11-22,0.008882313953766818,0.008843098249568502,8882.313953766818,2.170132207358151,1.1701322073581508
2022-11-23,0.004073834883118447,0.004065559285788752,4073.8348831184476,2.178972967645465,1.178972967645465
2022-11-24,-2.5358861869819355e-4,-2.536207777288512e-4,-253.58861869819356,2.1784204049004194,1.1784204049004194
2022-11-25,0.0019304151459549888,0.001928554289069813,1930.4151459549887,2.1826256606442964,1.1826256606442964
2022-11-28,-0.011594460357351656,-0.01166220022672241,-11594.460357351656,2.1573192939470176,1.1573192939470176
2022-11-29,-0.0017163061087292668,-0.001717780649475755,-1716.3061087292667,2.1536166736643367,1.1536166736643367
2022-11-30,-4.6534687211158233e-4,-4.6545517956893533e-4,-465.34687211158234,2.1526144948815196,1.1526144948815196
2022-12-01,-0.00551560144218662,-0.00553086853583612,-5515.60144218662,2.140741531269079,1.1407415312690792
2022-12-02,-0.0020169950306713385,-0.0020190319045186936,-2016.9950306713386,2.136423666238558,1.1364236662385578
2022-12-05,-0.010662010474545403,-0.010719256980397144,-10662.010474545403,2.113645094731056,1.1136450947310559
2022-12-06,-0.007474043203393879,-0.007502113819090094,-7474.043203393879,2.0978476199763945,1.0978476199763945
2022-12-07,-0.004525616118249235,-0.004535887720809965,-4525.616118249235,2.0883535669737983,1.0883535669737983
2022-12-08,-0.0054675640801927225,-0.005482565915998462,-5467.564080192723,2.07693536002427,1.0769353600242701
2022-12-09,0.005772093934583796,0.005755499227240298,5772.093934583796,2.0889236260183885,1.0889236260183885
2022-12-12,-0.0027450315451446605,-0.002748806053248198,-2745.0315451446604,2.08318946476957,1.08318946476957
2022-12-13,-0.016030062873390816,-0.016159934097196762,-16030.062873390816,2.0497958066721287,1.0497958066721287
2022-12-14,-0.008393945812821916,-0.008429373366587372,-8393.945812821916,2.032589931743573,1.0325899317435732
2022-12-15,-0.009820160431672626,-0.009868696221354665,-9820.160431672626,2.0126295725220484,1.0126295725220484
2022-12-16,-0.0034349239695834286,-0.0034408368650356382,-3434.9239695834285,2.0057163429615,1.0057163429615001
2022-12-19,-0.0096763046201148,-0.009723424264731188,-9676.304620114799,1.986308420645462,0.986308420645462
2022-12-20,0.011175407634865095,0.011113424133376529,11175.407634865094,2.00850622693474,1.00850622693474
2022-12-21,0.009563484893547414,0.009518044256073771,9563.484893547413,2.027714545894627,1.0277145458946269
2022-12-22,-0.0058323909203932996,-0.005849465736019631,-5832.3909203933,2.0158881219880014,1.0158881219880014
2022-12-23,0.006091657573966901,0.006073178435716538,6091.6575739669015,2.0281682221345796,1.0281682221345796
2022-12-28,-0.010450312017946307,-0.010505299958164,-10450.312017946308,2.0069732313883897,1.0069732313883897
2022-12-29,0.013036640021828916,0.012952394426678117,13036.640021828916,2.0331374189394467,1.0331374189394467
2022-12-30,-0.006621786013781142,-0.006643807306145344,-6621.786013781142,2.0196744180146187,1.0196744180146187
2023-01-03,0.005834543738877669,0.005817588706509627,5834.543738877669,2.031458296744817,1.031458296744817
2023-01-04,0.013344371358126715,0.013256119478319705,13344.371358126715,2.0585668306551272,1.0585668306551272
2023-01-05,-0.004335626181583877,-0.004345052263956728,-4335.626181583877,2.0496416544075986,1.0496416544075986
2023-01-06,0.010704229082279765,0.010647344399886668,10704.229082279766,2.071581488212961,1.0715814882129608
2023-01-09,0.0020337609335784324,0.00203169564154373,2033.7609335784323,2.0757945897144126,1.0757945897144126
2023-01-10,0.004501258180893271,0.004491157816510895,4501.258180893271,2.0851382770932183,1.0851382770932183
2023-01-11,0.007087612649418262,0.00706261357587937,7087.612649418263,2.09991692952173,1.0999169295217301
2023-01-12,0.010346183965089831,0.010293028526690997,10346.183965089831,2.1216430563859685,1.1216430563859685
2023-01-13,0.007708322978916289,0.007678765651788569,7708.32297891629,2.1379973663105667,1.1379973663105667
2023-01-16,0.002123889749465202,0.0021216374841096686,2123.889749465202,2.1425382370012573,1.1425382370012573
2023-01-17,0.004218189750109605,0.004209318127101814,4218.1897501096055,2.1515758698317944,1.1515758698317944
2023-01-18,-0.0063828188944854225,-0.0064032761795628276,-6382.818894485423,2.137842750716913,1.137842750716913
2023-01-19,-0.0033234487344043773,-0.003328983656906025,-3323.4487344043773,2.130737739932687,1.130737739932687
2023-01-20,0.00541836340346465,0.005403736883225611,5418.36340346465,2.142282851325119,1.142282851325119
2023-01-23,0.006067077475677399,0.006048746865917828,6067.077475677399,2.155280247358924,1.1552802473589239
2023-01-24,-4.1794667338348096e-4,-4.1803403743756896e-4,-417.94667338348097,2.154379455149331,1.1543794551493312
2023-01-25,0.0011406534170399496,0.0011400033662058917,1140.6534170399495,2.156836855436448,1.156836855436448
2023-01-26,0.010681699433754225,0.010625053111312186,10681.699433754224,2.1798755384538637,1.1798755384538637
2023-01-27,0.0019268211938163748,0.001924967254950374,1926.821193816375,2.1840757688412387,1.1840757688412387
2023-01-30,-0.0011250209685743824,-0.0011256542797010046,-1125.0209685743823,2.1816186378043367,1.1816186378043367
2023-01-31,0.0111006764327628,0.011039516121780014,11100.6764327628,2.2058360804022876,1.2058360804022876
2023-02-01,0.001846430617380157,0.0018447280598152109,1846.430617380157,2.209909003678064,1.2099090036780642
2023-02-02,0.004123247233115542,0.00411476994389308,4123.247233115541,2.2190210048629173,1.2190210048629173
2023-02-03,0.005825076356491543,0.005808176197264403,5825.076356491543,2.2319469716529023,1.2319469716529023
2023-02-06,-0.003906111050554846,-0.00391375982680112,-3906.1110505548463,2.2232287389226766,1.2232287389226766
2023-02-07,0.00942854895813953,0.009384377621093178,9428.54895813953,2.244190559932752,1.2441905599327518
2023-02-08,-1.6267742411535412e-4,-1.626906575227164e-4,-162.6774241153541,2.2438254807932383,1.2438254807932383
2023-02-09,-0.0026237971442469865,-0.002627245332859671,-2623.7971442469866,2.2379381379045444,1.2379381379045444
2023-02-10,-5.307234623455984e-4,-5.308643458913478e-4,-530.7234623455984,2.2367504116274803,1.2367504116274803
2023-02-13,0.005214861828658083,0.0052013115249378355,5214.861828658082,2.2484147559693115,1.2484147559693115
2023-02-14,-0.001558927077980813,-0.0015601434691391535,-1558.927077980813,2.2449096413236993,1.2449096413236993
2023-02-15,-0.002042139966139167,-0.002044227977117887,-2042.139966139167,2.240325221624781,1.240325221624781
2023-02-16,-0.0017397500505315817,-0.001741265173195572,-1739.7500505315818,2.2364276157072522,1.2364276157072522
2023-02-17,0.0020549975369114626,0.0020528889177836834,2054.9975369114627,2.2410234689490114,1.2410234689490114
2023-02-21,-0.01369752906673214,-0.013792205770062372,-13697.52906673214,2.2103269848438534,1.2103269848438534
2023-02-22,-0.007142979079791204,-0.007168612292798274,-7142.979079791204,2.1945386654316157,1.1945386654316157
2023-02-23,-0.0048407667470049725,-0.004852521207430525,-4840.766747004973,2.183915415634978,1.1839154156349778
2023-02-24,0.008684419702316148,0.008646927041167684,8684.419702316149,2.2028814536987102,1.2028814536987102
2023-02-27,0.0010517344423444281,0.0010511817571605723,1051.734442344428,2.205198299995967,1.205198299995967
2023-02-28,-0.01038604081459334,-0.010440352116718404,-10386.04081459334,2.1822950204479366,1.1822950204479366
2023-03-01,5.201797781993109e-4,5.200445315981526e-4,520.1797781993109,2.1834302061876385,1.1834302061876385
2023-03-02,-0.003178510352501792,-0.0031835725462017635,-3178.510352501792,2.176490150673306,1.176490150673306
2023-03-03,0.011332430043050954,0.011268699090116997,11332.430043050954,2.2011550730452005,1.2011550730452005
2023-03-06,3.0419405816067835e-4,3.0414780052879495e-4,304.19405816067837,2.2018246513395114,1.2018246513395114
2023-03-07,-0.013577082220020074,-0.013670093642798373,-13577.082220020075,2.1719302970142076,1.1719302970142076
2023-03-08,-4.619613641783833e-4,-4.6206810120290017e-4,-461.9613641783833,2.1709269491312986,1.1709269491312986
2023-03-09,-0.019585036590598456,-0.019779364889162026,-19585.036590598454,2.128409265397046,1.1284092653970461
2023-03-10,-0.02110718938113918,-0.021333131088580152,-21107.189381139182,2.083484527951739,1.083484527951739
2023-03-13,-0.017514144276428962,-0.017669331552452993,-17514.14427642896,2.0469940793314847,1.0469940793314847
2023-03-14,0.00864672647630101,0.008609557642404446,8646.72647630101,2.0646938772340717,1.0646938772340717
2023-03-15,-0.020528485933378027,-0.020742124137206417,-20528.485933378026,2.0223088380185406,1.0223088380185406
2023-03-16,0.006977493548282217,0.00695326348495439,6977.493548282217,2.036419484888449,1.036419484888449
2023-03-17,-0.016457337792721294,-0.01659426415047519,-16457.337792721293,2.00290544153796,1.0029054415379601
2023-03-20,0.003508999477042751,0.003502857302774901,3508.9994770427506,2.009933635684883,1.0099336356848831
2023-03-21,0.011973746371836791,0.011902628208446613,11973.74637183679,2.0340000712627977,1.0340000712627977
2023-03-22,-0.007709522251004575,-0.007739394249277013,-7709.522251004575,2.018318902454852,1.018318902454852
2023-03-23,-0.010606844703370661,-0.010663498246995294,-10606.844703370662,1.9969109072946358,0.9969109072946358
2023-03-24,-0.001044453094634449,-0.001044998915857436,-1044.453094634449,1.994825227517803,0.9948252275178029
2023-03-27,0.011454050508139819,0.01138894951338686,11454.050508139819,2.017674056428703,1.017674056428703
2023-03-28,-9.462954049606067e-4,-9.467434251192428e-4,-946.2954049606067,2.0157647407403965,1.0157647407403965
2023-03-29,0.01318283458107979,0.013096697214541916,13182.83458107979,2.0423382338719502,1.0423382338719502
2023-03-30,0.00323252287918091,0.003227309508969806,3232.52287918091,2.0489401389399675,1.0489401389399675
2023-03-31,0.00662941332668084,0.006607535404781392,6629.41332668084,2.0625234100026275,1.0625234100026275
2023-04-03,0.010544546043718829,0.010489340060333568,10544.546043718829,2.084271783065648,1.084271783065648
2023-04-04,-0.008099079232944267,-0.008132054944446111,-8099.079232944267,2.067391100751609,1.067391100751609
2023-04-05,-0.0043007117901044025,-0.004309986452373635,-4300.711790104402,2.0584998474698497,1.0584998474698497
2023-04-06,0.002764301277930906,0.002760487623596431,2764.301277930906,2.064190161228831,1.0641901612288311
2023-04-10,0.0050502039162551755,0.005037494408899834,5050.2039162551755,2.0746147424649646,1.0746147424649646
2023-04-11,0.004741989689080664,0.004730781873572668,4741.989689080664,2.084452544182548,1.084452544182548
2023-04-12,-9.591746986514956e-4,-9.596350010665881e-4,-959.1746986514956,2.0824531900416283,1.0824531900416283
2023-04-13,0.002812392093739291,0.0028084447184076535,2812.392093739291,2.0883098649288834,1.0883098649288834
2023-04-14,0.004347610257524688,0.004338186703469787,4347.610257524688,2.0973890223185383,1.0973890223185383
2023-04-17,0.00484376415851051,0.004832070877360636,4843.76415851051,2.107548280091298,1.1075482800912981
2023-04-18,0.007145803654015255,0.0071203933785002355,7145.803654015255,2.122608406292188,1.122608406292188
2023-04-19,0.002050555851653979,0.0020484563316357325,2050.555851653979,2.1269609333804804,1.1269609333804804
2023-04-20,-9.334042990276625e-4,-9.338401920844617e-4,-933.4042990276625,2.124975618901399,1.124975618901399
2023-04-21,-0.0023184201125690156,-0.002321111809606006,-2318.4201125690156,2.1200490326878194,1.1200490326878194
2023-04-24,-0.00521905285956851,-0.005232719688618585,-5219.05285956851,2.1089843847213445,1.1089843847213445
2023-04-25,-0.01898816163915762,-0.01917075184346879,-18988.16163915762,2.0689386483297962,1.0689386483297962
2023-04-26,0.003743323416770342,0.003736334617130896,3743.323416770342,2.0766833548199504,1.0766833548199504
2023-04-27,0.013817707048233818,0.013723112920779337,13817.707048233819,2.1053783570487954,1.1053783570487954
2023-04-28,0.0038601687580522848,0.0038527374246268113,3860.168758052285,2.1135054728065548,1.1135054728065548
2023-05-01,-0.0017776509634398105,-0.0017792328598982068,-1777.6509634398105,2.109748397766585,1.1097483977665852
2023-05-02,-0.019332143615484576,-0.019521453317082382,-19332.143615484576,2.068962438748423,1.068962438748423
2023-05-03,3.592824055832129e-4,3.592178791147526e-4,359.2824055832129,2.0697057805504775,1.0697057805504775
2023-05-04,-0.012029662441257544,-0.012102604398783356,-12029.662441257544,2.0448079186577357,1.0448079186577357
2023-05-05,0.020940649114069638,0.02072440734018252,20940.649114069638,2.0876275237880186,1.0876275237880186
2023-05-08,-4.626133284229933e-4,-4.6272036698172616e-4,-462.6133284229933,2.0866617594707315,1.0866617594707315
2023-05-09,-0.010109342756157139,-0.010160789181687268,-10109.342756157139,2.0655669805280756,1.0655669805280756
2023-05-10,0.0020444364376459205,0.002042349421502608,2044.4364376459205,2.0697899009274656,1.0697899009274656
2023-05-11,0.005440451563735774,0.005425705765483883,5440.451563735774,2.0810504926305713,1.0810504926305713
2023-05-12,0.002805151723282569,0.002801224627539308,2805.151723282569,2.086888155006212,1.086888155006212
2023-05-15,0.009293794050131678,0.009250872477431674,9293.794050131677,2.106283263724499,1.106283263724499
2023-05-16,-0.014769342404958955,-0.01487949507634777,-14769.342404958954,2.075174845000717,1.075174845000717
2023-05-17,0.007501724665732048,0.007473726664265149,7501.724665732048,2.0907422353211658,1.0907422353211658
2023-05-18,-0.0010636010368400188,-0.0010641670618082243,-1063.6010368400189,2.088518519711913,1.0885185197119132
2023-05-19,-0.004451909142934862,-0.004461848400527845,-4451.909142934862,2.0792206250188188,1.0792206250188188
2023-05-23,-0.0036622313551337156,-0.0036689537420257247,-3662.2313551337156,2.0716060380516343,1.0716060380516343
2023-05-24,-0.019926056003202408,-0.02012725710600152,-19926.056003202408,2.030327100120845,1.0303271001208452
2023-05-25,-0.003477287173397218,-0.0034833469883297687,-3477.287173397218,2.023267069737794,1.023267069737794
2023-05-26,0.009665082358370897,0.00961867423581647,9665.082358370897,2.042822112599789,1.0428221125997892
2023-05-29,0.0048700850993654106,0.004858264597293576,4870.08509936541,2.052770830131016,1.0527708301310161
2023-05-30,-0.00986027846599983,-0.009909212949180513,-9860.27846599983,2.0325299381190427,1.0325299381190427
2023-05-31,-0.014716473638113384,-0.014825835206970842,-14716.473638113384,2.0026182648660376,1.0026182648660376
2023-06-01,-0.00347170860802302,-0.0034777489726619264,-3471.70860802302,1.995665757797318,0.995665757797318
2023-06-02,0.026034862941115823,0.025701725646060273,26034.86294111582,2.047622642277849,1.0476226422778492
2023-06-05,-0.01451228867044474,-0.014618621944980655,-14512.28867044474,2.0179069514049743,1.0179069514049743
2023-06-06,0.01092577515048824,0.010866520083499892,10925.77515048824,2.039954149030632,1.039954149030632
2023-06-07,-0.0028075941109265514,-0.00281154279587395,-2807.5941109265514,2.0342267857752536,1.0342267857752536
2023-06-08,5.263824122512253e-4,5.26243921626483e-4,526.3824122512253,2.035297566977816,1.0352975669778162
2023-06-09,-6.02909968148657e-4,-6.030917914492301e-4,-602.9099681486571,2.0340704657865367,1.0340704657865367
2023-06-12,-0.001558679445768485,-0.001559895450314272,-1558.679445768485,2.03090000196027,1.03090000196027
2023-06-13,0.011106071834003878,0.011044852273729576,11106.071834003878,2.05345532326972,1.05345532326972
2023-06-14,0.0032637904780861518,0.003258475874638782,3263.790478086152,2.0601573712009826,1.0601573712009826
2023-06-15,0.006023071261226327,0.0060050050738458234,6023.071261226327,2.072565845857067,1.072565845857067
2023-06-16,3.2931636460422254e-4,3.2926215187199114e-4,329.31636460422254,2.073248375706828,1.0732483757068279
2023-06-19,-0.0012115547601269279,-0.0012122892859340842,-1211.554760126928,2.070736521768315,1.070736521768315
2023-06-20,-0.010497178349674766,-0.010552662351540744,-10497.178349674767,2.0489996311841274,1.0489996311841274
2023-06-21,-0.005786979938720293,-0.005803789389131739,-5786.979938720293,2.03714211142402,1.03714211142402
2023-06-22,-0.01020673629529963,-0.010259182201088466,-10206.73629529963,2.016349539096665,1.016349539096665
2023-06-23,-0.010246596496261176,-0.010299454250873627,-10246.596496261176,1.9956888189741193,0.9956888189741193
2023-06-26,0.015072906100340362,0.014960438584481312,15072.906100340362,2.0257696491480153,1.0257696491480153
2023-06-27,0.009570860222054592,0.009525349692212831,9570.860222054593,2.045158007302091,1.0451580073020912
2023-06-28,2.1631714404755445e-4,2.162937508676531e-4,216.31714404755445,2.0456004100413567,1.0456004100413567
2023-06-29,0.008375693458980333,0.008340811974261961,8375.693458980333,2.0627337320154275,1.0627337320154275
2023-06-30,0.008033317540137327,0.0080012222181503,8033.317540137327,2.0793043270854596,1.0793043270854596
2023-07-04,0.004500864759630297,0.004490766158126386,4500.864759630297,2.0886629946557855,1.0886629946557855
2023-07-05,-0.0020498737880763618,-0.002051977654949259,-2049.873788076362,2.0843814991309157,1.0843814991309157
2023-07-06,-0.015154366830546032,-0.015270367685996522,-15154.366830546032,2.0527940172782824,1.0527940172782824
2023-07-07,0.004093974385109611,0.004085616874501099,4093.974385109611,2.061198103402926,1.0611981034029259
2023-07-10,-0.0020863777063394413,-0.002088557224365741,-2086.3777063394414,2.0568976656316367,1.0568976656316367
2023-07-11,0.003649897318117601,0.003643252606336823,3649.8973181176007,2.064405130905068,1.064405130905068
2023-07-12,0.006659635145342698,0.006637557739316082,6659.635145342698,2.078153315869069,1.078153315869069
2023-07-13,0.011187343887149146,0.01112522839774523,11187.343887149147,2.1014023316639157,1.1014023316639157
2023-07-14,0.001983396229262839,0.0019814318959004537,1983.396229262839,2.1055702451247016,1.1055702451247016
2023-07-17,0.005479175149548765,0.005464219075815503,5479.175149548765,2.1171070332874184,1.1171070332874184
2023-07-18,0.007063949347473508,0.007039116533856989,7063.949347473508,2.1320621701337408,1.1320621701337408
2023-07-19,0.006834164706181775,0.006810917658565946,6834.164706181775,2.1466330341682545,1.1466330341682545
2023-07-20,8.095675144202952e-4,8.092399913961728e-4,809.5675144202952,2.148370878538098,1.1483708785380982
2023-07-21,0.0021021308974301656,0.002099924511808403,2102.1308974301655,2.152887035341012,1.1528870353410121
2023-07-24,0.002658351713520782,0.002654824546189127,2658.351713520782,2.1586101662804276,1.1586101662804276
2023-07-25,-0.009571084557499462,-0.009617181756565946,-9571.084557499462,2.1379499258522796,1.1379499258522796
2023-07-26,0.00410944515918025,0.00410102445116428,4109.44515918025,2.146735713825643,1.146735713825643
2023-07-27,-5.676963731012785e-4,-5.678575736988448e-4,-567.6963731012785,2.1455170197468973,1.1455170197468973
2023-07-28,0.003097131605410289,0.0030923453731673887,3097.131605410289,2.152161968318701,1.1521619683187012
2023-07-31,0.005400689483021822,0.005386158055913514,5400.6894830218225,2.1637851268267596,1.1637851268267596
2023-08-01,-0.008538669871870167,-0.008575333166491153,-8538.669871870166,2.145309279955123,1.1453092799551232
2023-08-02,-0.010047011237462858,-0.01009782307944924,-10047.011237462859,2.1237553335115806,1.1237553335115806
2023-08-03,-0.0062606948292567854,-0.006280375163840999,-6260.694829256786,2.1104591494764584,1.1104591494764584
2023-08-04,0.005357280556959535,0.005342981376555959,5357.280556959535,2.121765471244206,1.1217654712442058
2023-08-08,-0.007256863329567523,-0.00728332244676944,-7256.863329567524,2.1063681092019912,1.1063681092019912
2023-08-09,-8.823603061017815e-4,-8.827498150983807e-4,-882.3603061017815,2.1045095335923927,1.1045095335923927
2023-08-10,0.00342474325672724,0.00341889217869438,3424.74325672724,2.1117169384262815,1.1117169384262815
2023-08-11,0.002859546691109475,0.00285546596497048,2859.546691109475,2.117755491610118,1.1177554916101178
2023-08-14,-0.005077720051652597,-0.005090655479012407,-5077.720051652597,2.1070021220858717,1.1070021220858717
2023-08-15,-0.020572830850598613,-0.020787399492800975,-20572.830850598613,2.0636551238263467,1.0636551238263467
2023-08-16,-0.0013397214615025375,-0.0013406196906406086,-1339.7214615025375,2.0608904007678173,1.0608904007678173
2023-08-17,-0.00612857218493612,-0.006147428966356151,-6128.57218493612,2.0482600851814694,1.0482600851814694
2023-08-18,-0.004331351293982377,-0.004340758770549898,-4331.351293982378,2.039388351211106,1.0393883512111062
2023-08-21,-0.004713094811662544,-0.004724236464576347,-4713.094811662544,2.0297765205540483,1.0297765205540483
2023-08-22,-0.010116199698866105,-0.010167716175499985,-10116.199698866105,2.009242895928054,1.009242895928054
2023-08-23,0.010643489000950319,0.010587245802496086,10643.489000950318,2.0306282505911017,1.0306282505911017
2023-08-24,-0.002714834349413053,-0.002718526195533068,-2714.834349413053,2.0251154312655086,1.0251154312655086
2023-08-25,-0.0060394777496464895,-0.006057789160188073,-6039.477749646489,2.012884791677915,1.012884791677915
2023-08-28,0.013345558963033504,0.013257291443393417,13345.558963033503,2.039747864351046,1.039747864351046
2023-08-29,0.012218751163463456,0.012144704782805476,12218.751163463456,2.0646710359417573,1.0646710359417573
2023-08-30,-0.0036197136787589437,-0.0036262806942503364,-3619.713678758944,2.0571975179508217,1.0571975179508217
2023-08-31,-0.01310334370274533,-0.013189949896595986,-13103.343702745331,2.0302413518086775,1.0302413518086775
2023-09-01,0.01100562144668978,0.010945500306446549,11005.62144668978,2.0525854195720994,1.0525854195720994
2023-09-05,-0.007002496185293619,-0.007027128721889996,-7002.496185293619,2.0382121980015566,1.0382121980015566
2023-09-06,-0.009531152063511997,-0.009576864184673939,-9531.152063511998,2.018785687604699,1.0187856876046988
2023-09-07,-0.008216500701010487,-0.00825044219094115,-8216.500701010487,2.0021983335873053,1.0021983335873053
2023-09-08,-8.592854661149119e-4,-8.596548634980782e-4,-859.2854661149119,2.000477873658974,1.0004778736589741
2023-09-11,0.009888574617782142,0.009840002606619169,9888.574617782142,2.020259748383873,1.020259748383873
2023-09-12,0.00539271180764637,0.005378223202566199,5392.711807646369,2.0311544269834956,1.0311544269834956
2023-09-13,0.006876390682698961,0.00685285613518601,6876.390682698961,2.0451214383603276,1.0451214383603276
2023-09-14,0.008843119052446538,0.008804247669916727,8843.119052446538,2.0632066907164583,1.0632066907164583
2023-09-15,0.006214575367218847,0.006195344526933344,6214.5753672188475,2.0760286441940665,1.0760286441940665
2023-09-18,-0.00305448482837417,-0.0030591592882956795,-3054.4848283741703,2.0696874461971055,1.0696874461971055
2023-09-19,-0.007924311737354342,-0.007955875955997806,-7924.311737354343,2.0532865976745507,1.0532865976745507
2023-09-20,0.0011833430257554196,0.0011826434272527331,1183.3430257554196,2.0557163400497864,1.0557163400497864
2023-09-21,-0.015484299801730012,-0.01560543364741311,-15484.299801730012,2.02388501193314,1.0238850119331402
2023-09-22,-0.004358834714757731,-0.004368362130493184,-4358.8347147577315,2.015063231684448,1.0150632316844481
2023-09-25,-0.0011583867681815479,-0.0011590582167153808,-1158.386768181548,2.012729009099816,1.0127290090998158
2023-09-26,-0.01100693923745614,-0.011067963802094856,-11006.93923745614,1.9905750231951889,0.9905750231951889
2023-09-27,-0.010083146377938002,-0.010134325620884623,-10083.146377938001,1.9705037638600442,0.9705037638600442
2023-09-28,0.013151391477896863,0.013065662745715316,13151.391477896863,1.996418630267237,0.9964186302672371
2023-09-29,-0.0028296591056685694,-0.0028336701593924527,-2829.6591056685693,1.990769446111375,0.990769446111375
2023-10-02,-0.02051623613951814,-0.020729617681343872,-20516.23613951814,1.9499263500556163,0.9499263500556163
2023-10-03,-0.01812051081227733,-0.01828669792646121,-18120.51081227733,1.9145926885462892,0.9145926885462892
2023-10-04,0.006448188690760341,0.006427488062117159,6448.188690760341,1.9269383434679856,0.9269383434679856
2023-10-05,0.007933041681054206,0.007901740539096331,7933.0416810542065,1.9422248256635386,0.9422248256635386
2023-10-06,2.6167813635530346e-4,2.6164390460345073e-4,261.6781363553035,1.9427330634363014,0.9427330634363014
2023-10-10,0.006496293402583489,0.00647528343080242,6496.293402583489,1.9553536274192833,0.9553536274192833
2023-10-11,0.008189953031908687,0.008156597363723376,8189.953031908687,1.9713678817886195,0.9713678817886195
2023-10-12,-0.008291809168197346,-0.008326377439470555,-8291.809168197346,1.9550216755125147,0.9550216755125147
2023-10-13,-0.008990598680728915,-0.009031257997580321,-8990.598680728915,1.9374448602158556,0.9374448602158556
2023-10-16,0.01361291409158475,0.013521090760109345,13612.914091584751,1.9638191306551565,0.9638191306551565
2023-10-17,3.2846448193927613e-4,3.2841054929097805e-4,328.46448193927614,1.9644641754885295,0.9644641754885295
2023-10-18,-0.019683064543652967,-0.019879356074283146,-19683.064543652967,1.925797500328695,0.9257975003286949
2023-10-19,-0.003313345313588659,-0.0033188465973017977,-3313.345313588659,1.91941666820606,0.91941666820606
2023-10-20,-0.02523731281853081,-0.02556123537292837,-25237.31281853081,1.8709757493214416,0.8709757493214416
2023-10-23,2.3724123385230667e-5,2.3723841972666304e-5,23.724123385230666,1.871020136580969,0.8710201365809691
2023-10-24,-0.010208593527639104,-0.01026105858694602,-10208.593527639105,1.851919652524586,0.851919652524586
2023-10-25,-2.425163648249926e-4,-2.4254577667392915e-4,-242.51636482499262,1.8514705317025077,0.8514705317025077
2023-10-26,0.007415442125380662,0.007388082904981947,7415.442125380662,1.8652000042771957,0.8652000042771957
2023-10-27,-0.011640316032254553,-0.011708594886405231,-11640.316032254552,1.8434884867640464,0.8434884867640464
2023-10-30,0.015178705737532251,0.015064661762210387,15178.705737532251,1.8714702560351668,0.8714702560351668
2023-10-31,2.3272158631687523e-4,2.3269451084912204e-4,232.72158631687523,1.871905787561896,0.8719057875618961
2023-11-01,0.0035002117494297895,0.0034941002651251857,3500.2117494297895,1.878457854193346,0.8784578541933461
2023-11-02,0.03325525420789688,0.032714259524185954,33255.254207896876,1.9409264476533665,0.9409264476533665
2023-11-03,0.009382476514619728,0.009338734474759547,9382.476514619728,1.9591371444650785,0.9591371444650785
2023-11-06,-6.574669606819552e-4,-6.576831868637242e-4,-657.4669606819552,1.957849076521148,0.957849076521148
2023-11-07,-0.00583028568547663,-0.0058473481527585806,-5830.28568547663,1.9464342570759832,0.9464342570759832
2023-11-08,-4.294293549009973e-4,-4.2952158609188833e-4,-429.42935490099734,1.9455984010686098,0.9455984010686098
2023-11-09,0.004445009436119399,0.004435159559419338,4445.009436119399,1.9542466043202589,0.9542466043202589
2023-11-10,0.0021365935089482737,0.002134314239041831,2136.5935089482737,1.9584220349299337,0.9584220349299337
2023-11-13,2.912113914497749e-4,2.911689976426932e-4,291.2113914497749,1.9589923497357715,0.9589923497357715
2023-11-14,0.021231188099880595,0.021008946557183536,21231.188099880594,2.0005840847992387,1.0005840847992387
2023-11-15,0.005723881951414081,0.005707562782169647,5723.881951414081,2.0120351919345074,1.0120351919345074
2023-11-16,-2.7751864067807974e-4,-2.775571561020385e-4,-277.51864067807975,2.011476814663045,1.011476814663045
2023-11-17,0.009335772612693768,0.009292463627448901,9335.772612693769,2.030255504820445,1.030255504820445
2023-11-20,-5.201102642717152e-4,-5.202455685326729e-4,-520.1102642717152,2.0291995480932936,1.0291995480932936
2023-11-21,-0.00989497196043665,-0.00994425255168201,-9894.97196043665,2.0091206754627797,1.0091206754627797
2023-11-22,-0.003731905597712674,-0.003738886530942451,-3731.9055977126736,2.00162282676754,1.00162282676754
2023-11-23,-0.0017674128023183835,-0.0017689765190855979,-1767.4128023183835,1.9980851329580984,0.9980851329580984
2023-11-24,0.002114579465153865,0.002112346888749475,2114.5794651538654,2.0023102427498807,1.0023102427498807
2023-11-27,-0.0047991797973255075,-0.004810732838925728,-4799.179797325507,1.9927007958848975,0.9927007958848975
2023-11-28,-0.016959082368901403,-0.017104534440750052,-16959.082368901403,1.9589064189509102,0.9589064189509102
2023-11-29,0.018115517735340998,0.017953386872573394,18115.517735340996,1.9943930229252886,0.9943930229252886
2023-11-30,0.01822810492433243,0.01806396466293581,18228.104924332427,2.0307470282075273,1.0307470282075273
2023-12-01,0.01241670206746583,0.012340247051234324,12416.70206746583,2.055962209031172,1.055962209031172
2023-12-04,9.82321600927945e-4,9.818394387971364e-4,982.3216009279449,2.057981825119795,1.057981825119795
2023-12-05,0.004258582841947004,0.004249540739973473,4258.5828419470035,2.066745911209289,1.066745911209289
2023-12-06,3.074269622769983e-4,3.073797162913094e-4,307.42696227699827,2.06738128462657,1.06738128462657
2023-12-07,2.6881716758187066e-5,2.688135545131415e-5,26.881716758187068,2.0674368593846943,1.0674368593846943
2023-12-08,0.008480759482639894,0.008444999878761919,8480.759482639894,2.0849702941346804,1.0849702941346804
2023-12-11,0.0033443897108432763,0.0033388096773175704,3344.389710843276,2.091943247333799,1.0919432473337989
2023-12-12,-7.4326550190749e-4,-7.435418606577548e-4,-743.2655019074899,2.0903883780861072,1.0903883780861072
2023-12-13,0.02176370134362082,0.02153025305535588,21763.701343620818,2.135882966438949,1.135882966438949
2023-12-14,0.018453294798782882,0.018285098783764647,18453.29479878288,2.1752970444743456,1.1752970444743456
2023-12-15,-0.0052956145024264005,-0.005309685968932064,-5295.614502426401,2.1637775098985417,1.1637775098985417
2023-12-18,0.005476299291441222,0.005461358885081202,5476.2992914412225,2.1756270031428357,1.1756270031428357
2023-12-19,0.01519850169175433,0.015084161542005266,15198.50169175433,2.2086932738307286,1.2086932738307286
2023-12-20,-0.006530860277901303,-0.006552279654789936,-6530.860277901303,2.1942686066626,1.1942686066625998
2023-12-21,0.009389835885014387,0.009346025411285167,9389.835885014387,2.214872428766801,1.214872428766801
2023-12-22,0.007716577022341223,0.007686956523524822,7716.577022341223,2.23196366245804,1.23196366245804
2023-12-27,0.00670353518392123,0.006681166402901907,6703.53518392123,2.2469257093985613,1.2469257093985613
2023-12-28,-0.0010941217320502015,-0.0010947207201829554,-1094.1217320502014,2.244467299149606,1.2444672991496062
2023-12-29,0.003073788898301177,0.0030690744675116485,3073.788898301177,2.2513663178163323,1.2513663178163323
2024-01-02,-0.0018899189562819514,-0.0018917071064403817,-1889.9189562819513,2.2471114179347564,1.2471114179347564
2024-01-03,-0.007105009912499532,-0.007130370692552299,-7105.009912499532,2.231145669035839,1.2311456690358389
2024-01-04,0.0036480921720326576,0.003641454023272031,3648.0921720326573,2.2392850940857136,1.2392850940857136
2024-01-05,0.005366224550220289,0.005351877670092187,5366.224550220289,2.2513016007325386,1.2513016007325386
2024-01-08,0.008496034249390938,0.00846014607855837,8496.034249390937,2.270428736238071,1.2704287362380708
2024-01-09,-0.011396589552160014,-0.011462028339950435,-11396.589552160014,2.244553591823736,1.244553591823736
2024-01-10,-0.007167680709604884,-0.007193491944730468,-7167.680709604883,2.2284653483419468,1.2284653483419468
2024-01-11,-0.010453932306925687,-0.010508958486528788,-10453.932306925688,2.2051691224420504,1.2051691224420504
2024-01-12,-0.004868705395871493,-0.00488059615274862,-4868.705395871493,2.1944328036368077,1.1944328036368077
2024-01-15,0.004187635763773567,0.0041788920190411315,4187.635763773567,2.203622288926515,1.203622288926515
2024-01-16,-0.002192063358656071,-0.002194469446381142,-2192.063358656071,2.1987918092506415,1.1987918092506415
2024-01-17,-0.009105955007310963,-0.009147667630882064,-9105.955007310964,2.1787697099651613,1.1787697099651613
2024-01-18,0.0013964487509589931,0.0013954746231761937,1396.448750958993,2.1818122502052693,1.1818122502052693
2024-01-19,0.010725183626500176,0.010668076802501788,10725.183626500175,2.2052125872272685,1.2052125872272685
2024-01-22,-1.3227903116580525e-4,-1.32287780808453e-4,-132.27903116580524,2.204920883842715,1.204920883842715
2024-01-23,-0.002016212665849152,-0.0020182479587885307,-2016.2126658491522,2.2004752944295163,1.2004752944295163
2024-01-24,0.007939307240095042,0.007907956765083268,7939.307240095042,2.2179455438662306,1.2179455438662306
2024-01-25,0.0024331841866765953,0.0024302287870836834,2433.1841866765953,2.2233422138904757,1.2233422138904757
2024-01-26,5.122786452620987e-4,5.121474753520202e-4,512.2786452620986,2.2244811846277615,1.2244811846277615
2024-01-29,0.0052935166789844406,0.005279555267871023,5293.516678984441,2.2362565128806753,1.2362565128806753
2024-01-30,-9.156053673438265e-4,-9.160247899747994e-4,-915.6053673438265,2.2342089844147246,1.2342089844147246
2024-01-31,-0.010169903517846468,-0.010221970296846301,-10169.903517846467,2.211487294604521,1.2114872946045212
2024-02-01,0.0013203991241778805,0.001319528163846854,1320.3991241778806,2.2144073404914475,1.2144073404914475
2024-02-02,-0.0021253609187417513,-0.0021276227035668376,-2125.3609187417514,2.2097009256717923,1.2097009256717923
2024-02-05,-0.007673605871224804,-0.007703199475068822,-7673.605871224804,2.192744551674906,1.192744551674906
2024-02-06,6.48336628182496e-4,6.481265487873149e-4,648.336628182496,2.1941661882840044,1.1941661882840044
2024-02-07,-0.004502018294511245,-0.004512182897833043,-4502.018294511246,2.184288011963152,1.1842880119631518
2024-02-08,-0.004020012633513425,-0.004028114604941525,-4020.0126335134246,2.1755071465598284,1.1755071465598284
2024-02-09,0.010104549808716851,0.010053840157991042,10104.54980871685,2.1974896668814616,1.1974896668814616
2024-02-12,0.005968733614334957,0.005950991288329494,5968.733614334958,2.210605897323331,1.210605897323331
2024-02-13,-0.018585409359217948,-0.018760288266702528,-18585.40935921795,2.1695208817896754,1.1695208817896754
2024-02-14,0.013598209549139631,0.013506583595785021,13598.209549139632,2.1990224813614856,1.1990224813614856
2024-02-15,0.009862382614289103,0.009814066732296919,9862.382614289103,2.220710082450096,1.220710082450096
2024-02-16,0.0029566644486657134,0.002952302112861561,2956.6644486657133,2.2272759770016695,1.2272759770016695
2024-02-20,0.005842779467476429,0.005825776628602102,5842.779467476429,2.2402894593484985,1.2402894593484985
2024-02-21,-0.004505231838845602,-0.004515410980240248,-4505.2318388456015,2.2301964359480118,1.2301964359480118
2024-02-22,0.005418062518834402,0.005403437620066888,5418.062518834402,2.2422797796672596,1.2422797796672596
2024-02-23,0.004352363411295172,0.004342919270635417,4352.363411295172,2.2520389961381704,1.2520389961381704
2024-02-26,-0.007364517358348125,-0.007391769296996336,-7364.517358348125,2.2354538158594344,1.2354538158594344
2024-02-27,-0.003285358295183412,-0.0032907669342076154,-3285.358295183412,2.228109549122001,1.228109549122001
2024-02-28,8.352047579888566e-5,8.351698815813841e-5,83.52047579888566,2.228295641891676,1.228295641891676
2024-02-29,0.01000479501840079,0.009955078384869616,10004.79501840079,2.250589283029198,1.250589283029198
2024-03-01,0.005801243085928572,0.005784480672570042,5801.243085928571,2.2636454985466363,1.2636454985466363
2024-03-04,0.0024079055287115625,0.002405011169491896,2407.9055287115625,2.26909614305763,1.26909614305763
2024-03-05,0.005128888145389106,0.005115780198941972,5128.888145389106,2.280734083366506,1.280734083366506
2024-03-06,0.003282275324530959,0.0032769004169509327,3282.2753245309586,2.2882200805701567,1.2882200805701567
2024-03-07,0.0045637768497006435,0.004553394396947527,4563.776849700644,2.298663006400883,1.2986630064008828
2024-03-08,0.0028367203988631977,0.0028327045004139535,2836.7203988631977,2.3051836706412527,1.3051836706412527
2024-03-11,0.0026360451712907906,0.0026325768978981185,2636.0451712907907,2.3112602389251853,1.3112602389251853
2024-03-12,0.002141965061199624,0.0021396743245732505,2141.965061199624,2.3162108776043024,1.3162108776043024
2024-03-13,0.0056411704387103745,0.005625318624002494,5641.170438710375,2.329277017936864,1.3292770179368638
2024-03-14,-0.008506899948195219,-0.008543290147050929,-8506.899948195218,2.309462091393644,1.3094620913936441
2024-03-15,2.899822148913489e-4,2.8994017817527594e-4,289.9822148913489,2.3101317943261144,1.3101317943261144
2024-03-18,-4.202867294507873e-5,-4.2029556174500884e-5,-42.028672945078725,2.3100347025524703,1.3100347025524703
2024-03-19,0.0021059855734933777,0.00210377109443776,2105.9855734933776,2.314899602310315,1.314899602310315
2024-03-20,0.009297346681113297,0.00925439238882922,9297.346681113297,2.336422026444965,1.336422026444965
2024-03-21,0.008754654688235292,0.008716554904372164,8754.654688235292,2.3568765944924777,1.3568765944924777
2024-03-22,-0.002924243827125009,-0.0029285277816953983,-2924.243827125009,2.349984512659738,1.3499845126597378
2024-03-25,-8.721633306157198e-4,-8.725438863406104e-4,-872.1633306157198,2.3479349423402813,1.3479349423402813
2024-03-26,-7.152769708848594e-4,-7.155329035064827e-4,-715.2769708848595,2.346255518546889,1.3462555185468892
2024-03-27,0.009614658141421447,0.009568731460728308,9614.658141421447,2.368813963270141,1.3688139632701408
2024-03-28,0.00401867900659932,0.004010625684720582,4018.67900659932,2.378333466214874,1.3783334662148738
2024-04-01,-0.00338051205582703,-0.0033862388967858615,-3380.51205582703,2.3702934812595577,1.3702934812595577
2024-04-02,-0.01049284446207882,-0.01054828249732484,-10492.844462078821,2.3454223604312214,1.3454223604312214
2024-04-03,0.0021818408372615283,0.002179464079052857,2181.840837261528,2.350539698717837,1.3505396987178369
2024-04-04,-8.143880005911374e-4,-8.147197946505218e-4,-814.3880005911374,2.348625447392288,1.3486254473922878
2024-04-05,0.007518328470268435,0.007490206703271135,7518.328470268435,2.3662831849594146,1.3662831849594146
2024-04-08,0.006578018708358538,0.0065564779553445845,6578.018708358538,2.381848640019352,1.381848640019352
2024-04-09,0.0011346549171008709,0.0011340116827304686,1134.6549171008708,2.3845512162905402,1.3845512162905402
2024-04-10,-0.015088149247849104,-0.015203133436844145,-15088.149247849104,2.3485727516500083,1.3485727516500083
2024-04-11,-0.004757741921130432,-0.004769096002732615,-4757.741921130431,2.3373988486146584,1.3373988486146584
2024-04-12,-0.0096631476099834,-0.009710138787675154,-9663.1476099834,2.3148122185170896,1.3148122185170896
2024-04-15,-0.005769068806146692,-0.0057857741641486275,-5769.068806146693,2.3014579075551556,1.3014579075551556
2024-04-16,-0.010988465610583474,-0.011049284748549196,-10988.465610583473,2.2761684164837805,1.2761684164837805
2024-04-17,3.2324782086064674e-4,3.231955875397028e-4,323.24782086064675,2.2769041829643206,1.2769041829643206
2024-04-18,0.0014986618897268782,0.0014975400167293504,1498.6618897268781,2.280316492489889,1.2803164924898889
2024-04-19,0.00675059894659032,0.006727915680056895,6750.59894659032,2.2957099946019834,1.2957099946019834
2024-04-22,0.005432512617878785,0.0054178097461943095,5432.512617878785,2.308181468114649,1.308181468114649
2024-04-23,0.003430069766432601,0.0034242004946431056,3430.0697664326008,2.3160986915838695,1.3160986915838695
2024-04-24,-0.005597458402594271,-0.005613182878397474,-5597.458402594271,2.3031344255014257,1.3031344255014257
2024-04-25,-0.002868515821568903,-0.0028726378977926652,-2868.515821568903,2.2965278479626745,1.2965278479626745
2024-04-26,0.0030968267741849536,0.0030920414830833197,3096.8267741849536,2.3036397968899065,1.3036397968899065
2024-04-29,-0.004053906054928132,-0.004062145407325178,-4053.9060549281317,2.294301057568921,1.294301057568921
2024-04-30,-0.003978914537291267,-0.0039868514783412785,-3978.914537291267,2.2851722297380377,1.2851722297380377
2024-05-01,0.0032995326914290004,0.0032941011777965924,3299.5326914290004,2.2927122302156038,1.2927122302156038
2024-05-02,-1.1541581509590592e-4,-1.1542247601361482e-4,-115.41581509590593,2.292447614964773,1.292447614964773
2024-05-03,0.0016755791456925882,0.001674176929087266,1675.579145692588,2.296288792381001,1.296288792381001
2024-05-06,0.009013656259065287,0.008973275728906147,9013.656259065287,2.316986750227067,1.3169867502270671
2024-05-07,-0.001599610085135187,-0.0016008908273217157,-1599.610085135187,2.3132804748542792,1.3132804748542792
2024-05-08,0.011176780305659087,0.011114781632631287,11176.780305659087,2.339135502507096,1.3391355025070961
2024-05-09,0.0027739126263662817,0.002770072430675961,2773.9126263662815,2.3456240600122826,1.3456240600122826
2024-05-10,0.004764784178524624,0.0047534685245871015,4764.784178524624,2.3568004524221955,1.3568004524221955
2024-05-13,0.0021561330066142506,0.0021538118876717944,2156.1330066142505,2.3618820276676664,1.3618820276676664
2024-05-14,-0.0021638744226054976,-0.002166218981695462,-2163.874422605498,2.356771211558785,1.3567712115587849
2024-05-15,0.003968073380157847,0.003960221341771571,3968.073380157847,2.366123052666494,1.3661230526664938
2024-05-16,-0.0024298445226805057,-0.0024328013856653916,-2429.8445226805056,2.360373741526984,1.3603737415269839
2024-05-17,0.005949798436890141,0.005932168282185135,5949.798436890142,2.374417489524798,1.3744174895247978
2024-05-21,-0.0024091436885956274,-0.0024120503445581257,-2409.1436885956273,2.3686971766158185,1.3686971766158185
2024-05-22,-0.007573716024169563,-0.007602542251383931,-7573.716024169564,2.350757336852878,1.3507573368528778
2024-05-23,-0.004145931331683506,-0.004154549533550481,-4145.931331683506,2.3410112583568345,1.3410112583568345
2024-05-24,0.00716589513132256,0.007140342105720642,7165.89513132256,2.357786699535465,1.357786699535465
2024-05-27,-1.5065571293633906e-4,-1.5066706264820617e-4,-150.65571293633906,2.3574314854992946,1.3574314854992946
2024-05-28,-0.0065195962774060034,-0.006540941671364456,-6519.5962774060035,2.3420619839621937,1.3420619839621937
2024-05-29,-0.02283991547821477,-0.023104787217715018,-22839.915478214767,2.288569486203757,1.288569486203757
2024-05-30,0.02301836783456838,0.022757441680803497,23018.36783456838,2.341248620452164,1.341248620452164
2024-05-31,0.003310426522809791,0.0033049591238870856,3310.426522809791,2.348999151981801,1.348999151981801
2024-06-03,-0.0011218521892851032,-0.0011224819364853134,-1121.8521892851031,2.3463639221405215,1.3463639221405215
2024-06-04,-0.0011612972944534121,-0.0011619721226578347,-1161.2972944534122,2.3436390960659366,1.3436390960659366
2024-06-05,-3.321192008493754e-4,-3.321743646454705e-4,-332.11920084937543,2.342860728522272,1.3428607285222718
2024-06-06,-0.0011131618931173315,-0.0011137819179855546,-1113.1618931173316,2.3402527452384,1.3402527452383999
2024-06-07,-0.0036024372368353617,-0.0036089416396919444,-3602.4372368353615,2.331822131605347,1.331822131605347
2024-06-10,-0.004851219806955279,-0.00486302516951055,-4851.219806955279,2.3205099498942063,1.3205099498942063
2024-06-11,-0.009458550192211054,-0.009503566361420706,-9458.550192211054,2.2985612900616066,1.2985612900616066
2024-06-12,-0.001546940319656076,-0.0015481380672210659,-1546.940319656076,2.2950055529248097,1.2950055529248097
2024-06-13,-0.010707298356787132,-0.010765033974003654,-10707.298356787132,2.2704322437391604,1.2704322437391604
2024-06-14,-0.008451607611207777,-0.008487524962900677,-8451.607611207777,2.2512434413072433,1.2512434413072433
2024-06-17,-0.0028658663752641287,-0.002869980833175872,-2865.8663752641287,2.244791678426267,1.244791678426267
2024-06-18,0.004663323816042156,0.004652484207541841,4663.323816042156,2.2552598689223253,1.2552598689223253
2024-06-19,-0.0029972477411464027,-0.0030017484836339843,-2997.247741146403,2.2485002963744996,1.2485002963744996
2024-06-20,-0.00675889665694653,-0.006781841445033529,-6758.896656946529,2.2333029152381907,1.2333029152381907
2024-06-21,9.484867542425279e-5,9.484417757304583e-5,94.84867542425279,2.233514741061522,1.233514741061522
2024-06-24,0.016905857191141904,0.01676454364804911,16905.857191141906,2.2712742223082185,1.2712742223082185
2024-06-25,3.281749271385071e-5,3.281695423171776e-5,32.81749271385071,2.2713487598334603,1.2713487598334603
2024-06-26,-0.00179098750930388,-0.001792593244954536,-1790.98750930388,2.2672808025753257,1.2672808025753257
2024-06-27,0.0011025315734257322,0.001101924231858377,1102.5315734257322,2.269780551245987,1.269780551245987
2024-06-28,1.9435153209514545e-4,1.9433264828282388e-4,194.35153209514544,2.2702216865736418,1.2702216865736418
2024-07-02,0.005798055623813636,0.005781311590022656,5798.055623813636,2.2833845581907832,1.2833845581907832
2024-07-03,0.009573786551539768,0.009528248275521217,9573.786551539768,2.305245194565984,1.305245194565984
2024-07-04,5.708166280503819e-4,5.706537742091258e-4,570.816628050382,2.3065610668547754,1.3065610668547754
2024-07-05,-0.009729193885501234,-0.00977683172936779,-9729.193885501234,2.2841200870265967,1.2841200870265967
2024-07-08,0.004955256950773109,0.004943020072982626,4955.256950773109,2.295438488964236,1.295438488964236
2024-07-09,0.006593003315585581,0.006571364526891055,6593.003315585581,2.3105723225327,1.3105723225327002
2024-07-10,0.010096731513125807,0.010046100042524955,10096.731513125807,2.3339015509149723,1.3339015509149723
2024-07-11,0.0048825685960769225,0.004870687515794237,4882.568596076922,2.345296985333805,1.345296985333805
2024-07-12,0.00543513706487499,0.005420420009477048,5435.137064874991,2.3580439959069324,1.3580439959069324
2024-07-15,0.0052908543783732696,0.005276906982477486,5290.854378373269,2.3705200633070733,1.3705200633070733
2024-07-16,0.006251879901973233,0.006232417974454405,6251.879901973233,2.3853402700480872,1.3853402700480872
2024-07-17,7.58727188759908e-5,7.586984068683907e-5,75.8727188759908,2.38552125229982,1.38552125229982
2024-07-18,-1.010270732348939e-5,-1.0102758356180735e-5,-10.10270732348939,2.385497152076794,1.3854971520767938
2024-07-19,-0.001507889117053999,-0.0015090271259867209,-1507.889117053999,2.381900086882414,1.381900086882414
2024-07-22,0.007001312387792686,0.006976917000514112,7001.312387792686,2.3985765134671886,1.3985765134671886
2024-07-23,-0.0030954286759965846,-0.00310022942481746,-3095.4286759965844,2.3911518909458302,1.3911518909458302
2024-07-24,-0.005045692211130251,-0.005058464698214758,-5045.692211130251,2.3790868744740554,1.3790868744740554
2024-07-25,0.004845066369852546,0.004833366810663598,4845.066369852546,2.390613708280527,1.3906137082805272
2024-07-26,0.007956473699447592,0.007924987863134343,7956.4736994475925,2.409634563376,1.4096345633760001
2024-07-29,-8.942640332408696e-4,-8.946641258648566e-4,-894.2640332408696,2.4074797138527186,1.4074797138527186
2024-07-30,0.0016403836316310105,0.0016390396719404652,1640.3836316310105,2.4114289041688064,1.4114289041688064
2024-07-31,0.005240878028761831,0.0052271924230739425,5240.878028761831,2.4240669089305857,1.4240669089305857
2024-08-01,-0.011672773506949933,-0.01174143516528453,-11672.773506949932,2.395771324936947,1.395771324936947
2024-08-02,-0.018752520281974328,-0.018930578329045926,-18752.520281974328,2.3508445745750945,1.3508445745750945
2024-08-06,-0.009164010422675542,-0.009206258270745666,-9164.010422675543,2.329301410391598,1.329301410391598
2024-08-07,-0.003666898664921573,-0.0036736382183817353,-3666.898664921573,2.3207600981596332,1.3207600981596332
2024-08-08,0.013194634048538044,0.013108343087673705,13194.634048538044,2.351381678369299,1.351381678369299
2024-08-09,0.004768214775155062,0.004756882846852252,4768.214775155062,2.362593571230128,1.362593571230128
2024-08-12,-0.006690185799392252,-0.006712665410354652,-6690.185799392251,2.3467873812701487,1.3467873812701487
2024-08-13,0.00918332404403969,0.009141413712492502,9183.32404403969,2.368338690254816,1.368338690254816
2024-08-14,0.007307467797769177,0.00728089761693757,7307.467797769177,2.385645248968064,1.3856452489680642
2024-08-15,0.009240353169282622,0.009197922289856044,9240.353169282622,2.40768945360515,1.4076894536051499
2024-08-16,0.009134163072834618,0.00909269890768246,9134.163072834617,2.4296816817031233,1.4296816817031233
2024-08-19,0.005553547179295866,0.005538183093362549,5553.547179295866,2.4431750335531324,1.4431750335531324
2024-08-20,-6.258033519090933e-4,-6.259992485595075e-4,-625.8033519090933,2.441646086427834,1.4416460864278342
2024-08-21,0.0017178726003168607,0.0017163987448705767,1717.8726003168608,2.4458405233393794,1.4458405233393794
2024-08-22,-6.670716204746723e-4,-6.672942117431438e-4,-667.0716204746723,2.444208972538053,1.444208972538053
2024-08-23,0.008920450975411387,0.008880898794113249,8920.450975411388,2.4660124188512396,1.4660124188512396
2024-08-26,0.00138440569504746,0.001383448289006937,1384.4056950474599,2.469426380487955,1.4694263804879548
2024-08-27,-0.005046384612120794,-0.005059160610806973,-5046.384612120794,2.4569647052006953,1.4569647052006953
2024-08-28,0.006046059666021489,0.006027855585732131,6046.059666021489,2.4718196604056475,1.4718196604056475
2024-08-29,0.0097319922013433709,0.009684941384402438,9731.992201343372,2.495875390063843,1.4958753900638428
2024-08-30,0.008852995542537268,0.008814037538687714,8852.995542537268,2.5179713637668066,1.5179713637668066
2024-09-03,-0.0010624611782640476,-0.0010630259902376777,-1062.4611782640477,2.515296116944824,1.5152961169448238
2024-09-04,0.007062867993834561,0.007038042764688497,7062.867993834561,2.5330613213842095,1.5330613213842095
2024-09-05,0.004204442455746693,0.004195628484152483,4204.442455746693,2.5437114319468477,1.5437114319468477
2024-09-06,-0.0015344497164085369,-0.001535628190067958,-1534.449716408537,2.5398082346614714,1.5398082346614714
2024-09-09,0.014701124892923743,0.014594110898840051,14701.124892923743,2.5771462727233057,1.5771462727233057
2024-09-10,1.3593644068867373e-4,1.359272021679451e-4,135.9364406886737,2.577496600814754,1.577496600814754
2024-09-11,0.01177442940669763,0.011705650177119225,11774.429406697629,2.6078451525870507,1.6078451525870507
2024-09-12,0.0023475300564399504,0.002344778912511141,2347.5300564399504,2.61396714746529,1.61396714746529
2024-09-13,0.003683023872557348,0.0036762581472643387,3683.023872557348,2.6235944508714852,1.6235944508714852
2024-09-16,0.005534752293342381,0.005519491834546155,5534.752293342382,2.638115396275247,1.6381153962752468
2024-09-17,0.0022261724024038956,0.002223698152012827,2226.1724024038954,2.643988295964792,1.643988295964792
2024-09-18,-0.004424510557023975,-0.004434327671846114,-4424.510557023975,2.632289941836648,1.6322899418366479
2024-09-19,0.011322402273233296,0.011258783636765763,11322.402273233296,2.662093787457908,1.6620937874579078
2024-09-20,0.003107236129784345,0.0031024186483896415,3107.236129784345,2.6703655414551717,1.6703655414551717
2024-09-23,-0.003794929588314066,-0.003802148603160418,-3794.929588314066,2.660231692250289,1.660231692250289
2024-09-24,-0.0032291813469526396,-0.0032344064045094875,-3229.1813469526396,2.6516413216911023,1.6516413216911023
2024-09-25,-1.3190677449535359e-4,-1.3191547495904096e-4,-131.90677449535357,2.6512915522372396,1.6512915522372396
2024-09-26,0.008413396433355258,0.008378201084078427,8413.396433355258,2.673597919126617,1.673597919126617
2024-09-27,-7.265487459011677e-4,-7.268128103527974e-4,-726.5487459011676,2.6716554199114317,1.6716554199114317
2024-09-30,0.0024945188186690963,0.0024914126710907677,2494.518818669096,2.6783199146334002,1.6783199146334002
2024-10-01,-0.00304704449745663,-0.003051696189219167,-3047.0444974566303,2.670158954675088,1.6701589546750881
2024-10-02,-0.001582432919270294,-0.001583686288665461,-1582.432919270294,2.6659336072455257,1.6659336072455257
2024-10-03,-0.002638144076482292,-0.0026416301110238107,-2638.144076482292,2.6589004902912756,1.6589004902912756
2024-10-04,0.006417197211370462,0.006396694667179387,6417.197211370462,2.6759631791028844,1.6759631791028844
2024-10-07,-0.001313995822372719,-0.0013148598718712187,-1313.995822372719,2.6724469746647204,1.6724469746647204
2024-10-08,-7.564542630350557e-5,-7.564828756306093e-5,-75.64542630350557,2.672244816274048,1.672244816274048
2024-10-09,0.0033901755337052233,0.0033844418437862954,3390.175533705223,2.6813041952702505,1.6813041952702505
2024-10-10,-0.006978415310324114,-0.007002878325597158,-6978.415310324113,2.6625929410223406,1.6625929410223406
2024-10-11,0.007187496432436804,0.007161789485515608,7187.496432436804,2.68173031828697,1.68173031828697
2024-10-15,0.00463986538360428,0.004629134388992769,4639.86538360428,2.694173185958952,1.694173185958952
2024-10-16,0.0075982299512634315,0.007569508796942043,7598.229951263432,2.7146441333543962,1.7146441333543962
2024-10-17,0.003078186049072284,0.0030734581341790054,3078.1860490722843,2.7230003130538836,1.7230003130538836
2024-10-18,4.365196547486497e-4,4.3642440776127205e-4,436.51965474864966,2.7241889562104182,1.7241889562104182
2024-10-21,-0.004478374088265051,-0.004488432045599496,-4478.374088265051,2.711989018977388,1.711989018977388
2024-10-22,0.0011764793747289226,0.0011757878651806818,1176.4793747289227,2.715179618122706,1.715179618122706
2024-10-23,3.296835829281013e-4,3.296292492372977e-4,329.6835829281013,2.716074768267502,1.716074768267502
2024-10-24,0.002217014167323968,0.002214560217706328,2217.0141673239677,2.722096344508262,1.722096344508262
2024-10-25,-0.004185016121751262,-0.004193797811293009,-4185.016121751261,2.7107043274215346,1.7107043274215346
2024-10-28,0.0063676728917610075,0.006347484917687469,6367.672891761007,2.727965205884836,1.727965205884836
2024-10-29,-6.818104358125016e-4,-6.820429742517905e-4,-681.8104358125016,2.72610525073893,1.72610525073893
2024-10-30,5.536809735197656e-4,5.535277487653587e-4,553.6809735197656,2.727614643348077,1.727614643348077
2024-10-31,-0.011133806128044045,-0.011196250878604094,-11133.806128044045,2.6972459107170255,1.6972459107170255
2024-11-01,0.003343976564158154,0.003338397907665575,3343.976564158154,2.7062654378302344,1.7062654378302344
2024-11-04,9.471094485400029e-4,9.466612233761122e-4,947.1094485400029,2.708828567396661,1.7088285673966608
2024-11-05,0.003651247628848774,0.003644598005590515,3651.247628848774,2.7187191712803256,1.7187191712803256
2024-11-06,0.011902008816167282,0.011831736943984691,11902.008816167281,2.751077390825587,1.751077390825587
2024-11-07,0.0040939696906427585,0.004085612199174901,4093.9696906427585,2.7623402182802397,1.7623402182802397
2024-11-08,7.857686749773347e-4,7.854601203964835e-4,785.7686749773347,2.7645107786933942,1.7645107786933942
2024-11-11,0.003494275873850779,0.0034881850764033103,3494.2758738507787,2.7741707420103827,1.7741707420103827
2024-11-12,-0.0018682830484697173,-0.0018700304660305782,-1868.2830484697172,2.768987805839524,1.768987805839524
2024-11-13,-0.0014389076142533779,-0.0014399438359520341,-1438.907614253378,2.765003488201927,1.765003488201927
2024-11-14,0.005106125521518715,0.005093133469861433,5106.125521518715,2.7791219430801233,1.7791219430801233
2024-11-15,-0.0021727270418826303,-0.0021750908378247945,-2172.72704188263,2.7730836696817036,1.7730836696817036
2024-11-18,0.004936858438243226,0.004924712112680155,4936.858438243226,2.786773991196326,1.786773991196326
2024-11-19,0.00224396271008472,0.0022414487858283746,2243.96271008472,2.7930274081140047,1.7930274081140047
2024-11-20,0.0035450044637727234,0.0035387357461681922,3545.0044637727233,2.8029287027432086,1.8029287027432086
2024-11-21,0.005721274849835811,0.005704970515043242,5721.274849835811,2.8189650282360965,1.8189650282360965
2024-11-22,0.0034050803369974343,0.0033992961775793245,3405.080336997434,2.8285638306244265,1.8285638306244265
2024-11-25,-0.0016251798744036186,-0.0016265019117755444,-1625.1798744036184,2.8239669056134296,1.8239669056134296
2024-11-26,0.001203040908666057,0.0012023178348189382,1203.040908666057,2.827364253325602,1.827364253325602
2024-11-27,0.003949868273485553,0.003942088024373351,3949.8682734855533,2.8385319696874,1.8385319696873998
2024-11-28,2.526426213881696e-4,2.5261071261532955e-4,252.64262138816963,2.8392491038451158,1.8392491038451158
2024-11-29,0.00216255858614441,0.002160223622050298,2162.55858614441,2.845389146372839,1.8453891463728391
2024-12-02,-9.585981563842161e-4,-9.590579054301354e-4,-958.598156384216,2.8426615615829305,1.8426615615829305
2024-12-03,-0.004928181048019711,-0.004940364577147929,-4928.181048019711,2.8286524107492035,1.8286524107492035
2024-12-04,-0.002841358701418791,-0.0028454030237842556,-2841.358701418791,2.820615194608632,1.820615194608632
2024-12-05,0.006440534987442977,0.0064198833662118485,6440.534987442977,2.838781465455622,1.838781465455622
2024-12-06,0.005336533838157076,0.005322344998550851,5336.533838157076,2.853930718805159,1.853930718805159
2024-12-09,0.001792865380470484,0.0017912601157302375,1792.8653804704838,2.8590474323891657,1.8590474323891657
2024-12-10,2.048468295111996e-4,2.0482585126425522e-4,204.8468295111996,2.859633099191113,1.8596330991911132
2024-12-11,0.003033700575137484,0.0030291081911487092,3033.700575137484,2.8683083697688114,1.8683083697688114
2024-12-12,-0.0043242839764210395,-0.004333660733980691,-4324.283976421039,2.855904989845986,1.8559049898459858
2024-12-13,-0.001205673356769854,-0.0012064007656285688,-1205.673356769854,2.8524617012902627,1.8524617012902627
2024-12-16,-0.0024809083212775085,-0.0024839908737356057,-2480.9083212775085,2.845385005319406,1.845385005319406
2024-12-17,-0.0027741659307293776,-0.002778021060532217,-2774.1659307293776,2.8374914351778404,1.8374914351778404
2024-12-18,-0.01243888971762791,-0.01251690029133513,-12438.88971762791,2.8021961921409497,1.8021961921409497
2024-12-19,-0.00479250083831434,-0.004804021694336737,-4792.5008383143395,2.7887666645409928,1.7887666645409928
2024-12-20,0.005059308252106061,0.00504655295600469,5059.308252106061,2.802875894740103,1.8028758947401031
2024-12-23,0.002642270566186026,0.002638785906240151,2642.270566186026,2.810281851217447,1.810281851217447
2024-12-24,0.001364448564956396,0.0013635185508879771,1364.448564956396,2.814116336256464,1.8141163362564638
2024-12-27,0.0010297700012616797,0.001029240151851418,1029.7700012616797,2.817014228839601,1.817014228839601
2024-12-30,-0.002281239349980831,-0.0022838453404798423,-2281.239349980831,2.8105879451313163,1.8105879451313163
2024-12-31,8.245862218272578e-4,8.242464373835283e-4,824.5862218272579,2.8129055172261053,1.8129055172261053
2025-01-02,-0.002305886699212556,-0.0023085493499154217,-2305.886699212556,2.806419275807792,1.8064192758077922
2025-01-03,0.00584205420708328,0.005825055580870361,5842.054207083281,2.822814529344864,1.822814529344864
2025-01-06,-0.001578946097529991,-0.0015801939466167185,-1578.946097529991,2.818357457359704,1.818357457359704
2025-01-07,-0.0015951554853635601,-0.0015964291004644069,-1595.15548536356,2.8138617390018816,1.8138617390018816
2025-01-08,0.0041356097904020435,0.004127081660824812,4135.6097904020435,2.825498773158535,1.825498773158535
2025-01-09,0.002346701401551502,0.0023439521980172847,2346.7014015515024,2.8321293750895884,1.8321293750895884
2025-01-10,-0.006874162469006129,-0.0068978983626323065,-6874.162469006129,2.812660857631978,1.812660857631978
2025-01-13,-0.006293603471048977,-0.0063134916829660805,-6293.603471048977,2.7949590854955013,1.7949590854955013
2025-01-14,0.0031398194601779577,0.003134900520754953,3139.819460177958,2.8037347524225416,1.8037347524225416
2025-01-15,0.008088928648029384,0.008056388622877298,8088.928648029384,2.8264139627828877,1.8264139627828877
2025-01-16,0.003255002325437442,0.003249716273004065,3255.002325437442,2.835613946804395,1.8356139468043948
2025-01-17,0.004767356557351275,0.004756028701430762,4767.356557351275,2.8491323295478095,1.8491323295478095
2025-01-20,8.260413132517389e-4,8.257003288913318e-4,826.0413132517389,2.851485830558937,1.851485830558937
2025-01-21,0.005218011722761447,0.005204445073085408,5218.011722761446,2.8663649170500816,1.8663649170500816
2025-01-22,-0.003555119640050915,-0.0035614540954993544,-3555.1196400509148,2.8561746468379234,1.8561746468379234
2025-01-23,0.003267652723109119,0.0032623255477012784,3267.6527231091186,2.8655076337003385,1.8655076337003385
2025-01-24,0.0017010619369290563,0.0016996167697196011,1701.0619369290562,2.870382039666006,1.8703820396660058
2025-01-27,0.0028472364503774328,0.0028431907502325456,2847.236450377433,2.878554696035852,1.878554696035852
2025-01-28,0.002507725780935388,0.0025045866835409335,2507.7257809353882,2.8857733218589336,1.8857733218589336
2025-01-29,1.3113035572505827e-4,1.3112175889149098e-4,131.13035572505828,2.886151734341171,1.886151734341171
2025-01-30,0.005150689403917903,0.005137469976595914,5150.689403917903,2.9010174054973414,1.9010174054973414
2025-01-31,-0.008004644043658173,-0.008036853203845652,-8004.644043658172,2.8777957938018783,1.8777957938018783
2025-02-03,-0.021623538460132225,-0.021860753014000967,-21623.538460132226,2.8155676657741964,1.8155676657741964
2025-02-04,-0.0076429638531937405,-0.007672320980729557,-7642.963853193741,2.7940483838784633,1.7940483838784633
2025-02-05,0.004665506897803448,0.004654657153779333,4665.506897803448,2.8070840358862448,1.8070840358862448
2025-02-06,0.005316464969658559,0.005302382460498703,5316.464969658559,2.822007799829922,1.822007799829922
2025-02-07,-0.0020277919502340405,-0.0020298507039510473,-2027.7919502340405,2.816285355129929,1.8162853551299292
2025-02-10,0.0018720418474520262,0.001870291760929129,1872.041847452026,2.821557559169099,1.821557559169099
2025-02-11,0.0027690320196642197,0.002765205313055667,2769.0320196642197,2.829370542395764,1.8293705423957638
2025-02-12,-0.0013445462107629647,-0.0013454509240628915,-1344.5462107629646,2.825566322954141,1.825566322954141
2025-02-13,4.2048289943474865e-4,4.2039452127385913e-4,420.4828994347487,2.8267544252741623,1.8267544252741623
2025-02-14,-0.0014659134747861957,-0.00146698897713473,-1465.9134747861958,2.8226106478722413,1.8226106478722413
2025-02-18,0.003121805852013196,0.003116943133804044,3121.8058520131963,2.831422290310724,1.8314222903107238
2025-02-19,-0.0014911514922634392,-0.0014922643650954505,-1491.1514922634392,2.827200210737299,1.827200210737299
2025-02-20,-0.00438054256711932,-0.004390165255724292,-4380.54256711932,2.8148155398683956,1.8148155398683956
2025-02-21,-0.0026896144187882514,-0.002693237930340086,-2689.6144187882514,2.8072447714061366,1.8072447714061366
2025-02-24,8.244969170770518e-4,8.241572062081357e-4,824.4969170770518,2.8095593360656412,1.8095593360656412
2025-02-25,0.010291665761268332,0.010239067146286179,10291.665761268332,2.8384743816888798,1.8384743816888798
2025-02-26,-0.004138986555011584,-0.004147575868758446,-4138.986555011585,2.826725974386325,1.8267259743863251
2025-02-27,-0.0068860287046297874,-0.006909846804679504,-6886.028704629787,2.8072610581865782,1.8072610581865782
2025-02-28,0.008338354848559493,0.008303782817395184,8338.354848559493,2.830668997042281,1.830668997042281
2025-03-03,-0.00805443920489481,-0.008087051433870193,-8054.439204894809,2.8078695456964233,1.8078695456964233
2025-03-04,-0.024599518021579243,-0.0249071415721868,-24599.518021579242,2.7387973082048207,1.7387973082048207
2025-03-05,-0.0014105494480265066,-0.0014115452093897485,-1410.5494480265065,2.7349340991734756,1.7349340991734756
2025-03-06,-0.01230269080800278,-0.012378995388869536,-12302.69080800278,2.701287050571081,1.7012870505710809
2025-03-07,0.00937180250147418,0.009328159623469721,9371.80250147418,2.7266029793088227,1.7266029793088227
2025-03-10,-0.008375723842891201,-0.00841099731651147,-8375.7238428912,2.7037657057249276,1.7037657057249276
2025-03-11,-0.015479442637656696,-0.015600500102838016,-15479.442637656695,2.661912919577495,1.661912919577495
2025-03-12,0.006222425097546261,0.006203145745382062,6222.425097546261,2.6784764733357567,1.6784764733357567
2025-03-13,-0.011361175697227721,-0.011426206876789604,-11361.175697227722,2.6480458315212982,1.6480458315212982
2025-03-14,0.015390510462653124,0.015273277872608614,15390.510462653123,2.6888006085969116,1.6888006085969116
2025-03-17,0.008881853133225981,0.00884264148603949,8881.85313322598,2.712682140706998,1.712682140706998
2025-03-18,-0.0033193612248441267,-0.0033248825258285863,-3319.361224844127,2.703677768793808,1.703677768793808
2025-03-19,0.005530596801506193,0.005515359207192137,5530.596801506193,2.7186307204142026,1.7186307204142026
2025-03-20,-0.002294993042974906,-0.0022976305756941015,-2294.993042974906,2.7123914818244343,1.7123914818244343
2025-03-21,-0.0010170575867253044,-0.0010175751407439147,-1017.0575867253044,2.7096328234896756,1.7096328234896756
2025-03-24,0.011352766829073083,0.01128880779121815,11352.766829073083,2.740394653127157,1.740394653127157
2025-03-25,0.004465882308051819,0.00445593984591084,4465.88230805182,2.752632933125638,1.7526329331256378
2025-03-26,-4.1501871111893074e-4,-4.151048552193203e-4,-415.01871111893075,2.7514905389535484,1.7514905389535484
2025-03-27,-0.005554692148121246,-0.005570176818892763,-5554.692148121246,2.7362068560611936,1.7362068560611936
2025-03-28,-0.013358830577093398,-0.013448862467153955,-13358.830577093398,2.6996543322471904,1.6996543322471904
2025-03-31,0.004301644156508281,0.004292418532721788,4301.6441565082805,2.7112672845300936,1.7112672845300936
2025-04-01,0.0010824271555486815,0.0010818417536736552,1082.4271555486816,2.71420203386482,1.71420203386482
2025-04-02,0.013413009026077631,0.01332385098742036,13413.00902607763,2.750607650243647,1.750607650243647
2025-04-03,-0.017283902790054873,-0.01743501315369112,-17283.90279005487,2.7030664150032546,1.7030664150032546
2025-04-04,-0.03419233311848853,-0.03479056720030545,-34192.33311848853,2.6106422677000647,1.6106422677000647
2025-04-07,-0.02403952475134694,-0.02433319006051893,-24039.52475134694,2.5478836682887764,1.5478836682887764
2025-04-08,-0.007847328492349998,-0.007878280809588465,-7847.328492349998,2.5278895881834202,1.5278895881834202
2025-04-09,0.03823544177912297,0.037522581546597454,38235.44177912297,2.6245445633564586,1.6245445633564586
2025-04-10,-0.029719183483297867,-0.0301697478185897,-29719.183483297867,2.546545241917976,1.546545241917976
2025-04-11,0.017176215672283408,0.01703037213780418,17176.215672283408,2.5902852522123867,1.5902852522123867
2025-04-14,0.01522916719999734,0.015114367501779325,15229.16719999734,2.629733139414016,1.6297331394140162
2025-04-15,0.007757399152039841,0.007727465237789329,7757.39915203984,2.6501330290397975,1.6501330290397975
2025-04-16,-6.160971031432723e-4,-6.162869689513778e-4,-616.0971031432723,2.648500289757662,1.6485002897576622
2025-04-17,0.003702009695269755,0.0036951741224215597,3702.009695269755,2.6583050635082697,1.6583050635082697
2025-04-21,-0.005469938994559201,-0.005484953889599242,-5469.938994559201,2.643764296981952,1.643764296981952
2025-04-22,0.018183215823901255,0.018019878185924917,18183.215823901257,2.691836433781499,1.691836433781499
2025-04-23,0.005836574202618998,0.005819607390103799,5836.574202618997,2.707547536868578,1.707547536868578
2025-04-24,0.005774848840957543,0.005758238319543008,5774.848840957543,2.7231832146237007,1.7231832146237007
2025-04-25,0.0027373902275699873,0.0027336503983011163,2737.3902275699875,2.7306376297432946,1.7306376297432946
2025-04-28,0.006042740860842702,0.00602455672021693,6042.740860842702,2.7471381653246993,1.7471381653246993
2025-04-29,0.009181635309306602,0.009139740343436759,9181.6353093066,2.7723613861029883,1.7723613861029883
2025-04-30,0.004068154041183417,0.0040599014767629185,4068.154041183417,2.7836397792794836,1.7836397792794836
2025-05-01,0.0016585425023260358,0.0016571686395734349,1658.542502326036,2.7882565641645845,1.7882565641645845
2025-05-02,0.009044475882554488,0.009003819570038107,9044.475882554487,2.8134748834135452,1.8134748834135452
2025-05-05,-1.2715924188115113e-4,-1.2716732730298037e-4,-127.15924188115113,2.813117124080319,1.813117124080319
2025-05-06,-0.004816646899271729,-0.00482828432690574,-4816.646899271729,2.799567332207329,1.799567332207329
2025-05-07,0.005884618874859601,0.005867372132469753,5884.6188748596005,2.8160417189718765,1.8160417189718765
2025-05-08,0.006275428404533026,0.006255819895475475,6275.428404533027,2.8337135871634627,1.8337135871634627
2025-05-09,0.0030963108487966164,0.003091527150361647,3096.3108487966165,2.8424876452857797,1.8424876452857797
2025-05-12,0.01036016105918606,0.010306862396348376,10360.16105918606,2.871936275099687,1.8719362750996869
2025-05-13,0.0042598816103515125,0.004250834000082847,4259.881610351513,2.884170383624086,1.884170383624086
2025-05-14,0.00805170502375289,0.008019463000071975,8051.705023752889,2.9073928727912715,1.9073928727912715
2025-05-15,0.008517442237407653,0.00848137349053859,8517.442237407653,2.9321564236467217,1.9321564236467217
2025-05-16,0.003443235529425344,0.0034373211664445484,3443.235529425344,2.942252528822455,1.942252528822455
2025-05-20,8.174683830409017e-4,8.17134437743022e-4,817.4683830409017,2.9446577272396897,1.9446577272396897
2025-05-21,-0.0030631288628771847,-0.003067829844354978,-3063.1288628771845,2.9356378611640874,1.9356378611640874
2025-05-22,0.006239472682850076,0.006220087765822821,6239.472682850076,2.953954693405561,1.953954693405561
2025-05-23,0.002296831764467544,0.0022941980783753907,2296.831764467544,2.960739430376173,1.9607394303761732
2025-05-26,0.003014164722833742,0.003009631235845394,3014.164722833742,2.9696635867207157,1.9696635867207157
2025-05-27,0.008620804442601566,0.00858385749772501,8620.804442601566,2.9952644757621494,1.9952644757621494
2025-05-28,0.0068271266741335435,0.006803927374670252,6827.126674133543,3.01571352576071,2.01571352576071
2025-05-29,-0.002063302768610868,-0.002065434310283594,-2063.302768610868,3.0094911956936703,2.0094911956936703
2025-05-30,0.00187619305485374,0.0018744352030336928,1876.19305485374,3.015137582173674,2.015137582173674
2025-06-02,-0.0011731447307443688,-0.0011738334036853818,-1173.1447307443686,3.0116003894066776,2.0116003894066776
2025-06-03,0.0024315354993939926,0.002428584100271237,2431.5354993939927,3.0189232026635087,2.0189232026635087
2025-06-04,-0.0017227213070273304,-0.0017242068977959173,-1722.7213070273303,3.013722439338001,2.013722439338001
2025-06-05,7.891909546353844e-4,7.888797071989545e-4,789.1909546353844,3.0161008418269084,2.0161008418269084
2025-06-06,0.004910647232967042,0.004898629332565037,4910.647232967042,3.030911849080175,2.030911849080175
2025-06-09,2.500668228167895e-4,2.5003556132038613e-4,250.06682281678948,3.031669779576512,2.031669779576512
2025-06-10,7.198187152083387e-4,7.195597699719239e-4,719.8187152083387,3.033852032222183,2.033852032222183
2025-06-11,-0.004719641500571136,-0.0047308141763955265,-4719.641500571136,3.0195333382643152,2.0195333382643152
2025-06-12,0.002923336851739511,0.002919072211862834,2923.336851739511,3.028360451347119,2.028360451347119
2025-06-13,-0.004708460685847905,-0.004719580405100323,-4708.460685847905,3.0141015352193743,2.0141015352193743
2025-06-16,0.005120343886513945,0.005107279502869997,5120.343886513945,3.029534771588567,2.029534771588567
2025-06-17,-3.4789746954901524e-4,-3.479579999129886e-4,-347.8974695490152,3.0284808041076205,2.0284808041076205
2025-06-18,0.0027620163445446484,0.0027582089864464907,2762.0163445446483,3.036845517587705,2.036845517587705
2025-06-19,-6.249664605863696e-4,-6.251618335300641e-4,-624.9664605863696,3.0349475909932306,2.0349475909932306
2025-06-20,8.310656266432385e-4,8.307204828168872e-4,831.0656266432385,3.0374698316147692,2.0374698316147692
2025-06-23,0.0037126787308409677,0.003705803750303458,3712.6787308409675,3.0487469812541765,2.0487469812541765
2025-06-24,0.007473692844464492,0.007445903177163751,7473.692844464492,3.0715323797525587,2.0715323797525587
2025-06-25,-2.720721388916326e-4,-2.721091572306045e-4,-272.0721388916326,3.070696701368324,2.070696701368324
2025-06-26,0.008433268314268123,0.00839790697571694,8433.268314268124,3.0965927105627014,2.0965927105627014
2025-06-27,0.00244111879745081,0.0024381441070241367,2441.1187974508102,3.104151861236505,2.104151861236505
2025-06-30,0.009063051858534139,0.009022228872540405,9063.051858534138,3.1322849505316572,2.1322849505316572
2025-07-02,0.005254847402214287,0.005241088869881544,5254.847402214287,3.148744629966953,2.148744629966953
2025-07-03,0.005454692840900036,0.005439869882597723,5454.692840900036,3.1659200647578563,2.1659200647578563
2025-07-04,-1.2256072175420576e-4,-1.225682329331875e-4,-122.56072175420576,3.1655320473097035,2.1655320473097035
2025-07-07,-1.882416195925588e-4,-1.8825933926998762e-4,-188.2416195925588,3.164936162430246,2.164936162430246
2025-07-08,2.2660340347011943e-4,2.2657773279685536e-4,226.60340347011942,3.1656533477364186,2.1656533477364186
2025-07-09,0.005109351340265207,0.00509634289570023,5109.351340265207,3.1818277829114905,2.1818277829114905
2025-07-10,0.005807710708013132,0.005790910970140934,5807.710708013133,3.2003069181973594,2.2003069181973594
2025-07-11,-0.005610698342692437,-0.00562649743431067,-5610.698342692437,3.182350961475322,2.182350961475322
2025-07-14,1.2022347633701874e-4,1.202162500740593e-4,120.22347633701874,3.1827335547708353,2.1827335547708353
2025-07-15,-0.0038981134331882252,-0.0039057308795812195,-3898.1134331882254,3.1703268983467243,2.1703268983467243
2025-07-16,0.006293092533276293,0.00627337371146728,6293.092533276293,3.190278058878755,2.190278058878755
2025-07-17,0.007940123577168556,0.007908766671728512,7940.123577168556,3.2156092609117817,2.2156092609117817
2025-07-18,-6.332995478460408e-4,-6.335001667103875e-4,-633.2995478460408,3.2135728170207964,2.2135728170207964
2025-07-21,0.0014912100954168062,0.0014900993457461057,1491.210095416806,3.218364929247895,2.218364929247895
2025-07-22,0.00135828054894462,0.0013573589203788408,1358.28054894462,3.222736371730698,2.222736371730698
2025-07-23,0.0035349044385949617,0.0035286713484996707,3534.904438594962,3.2341284368355505,2.2341284368355505
2025-07-24,-0.0012494174237559494,-0.0012501985964469815,-1249.4174237559494,3.230087660415904,2.230087660415904
2025-07-25,0.004854973818208892,0.00484322643962146,4854.973818208892,3.2457696514377425,2.2457696514377425
2025-07-28,-0.005030731378149652,-0.005043428107706226,-5030.731378149652,3.2294410562060087,2.2294410562060087
2025-07-29,-0.0033217531213518376,-0.00332728239122656,-3321.7531213518378,3.2187136502973344,2.2187136502973344
2025-07-30,-5.077863437067212e-4,-5.079153108525003e-4,-507.78634370672114,3.217079231461411,2.217079231461411
2025-07-31,-0.005058213538472005,-0.005071049603907168,-5058.213538472005,3.200806557738496,2.200806557738496
2025-08-01,-0.0036706643065174864,-0.0036774177261658368,-3670.6643065174862,3.189057471354938,2.189057471354938
2025-08-05,0.007560009799126262,0.007531576140947259,7560.009799126262,3.213166777088358,2.213166777088358
2025-08-06,0.002051283700457743,0.0020491826907352547,2051.283700457743,3.2197578937250517,2.2197578937250517
2025-08-07,3.1627637316400403e-4,3.162263683351792e-4,316.27637316400404,3.2207762270741456,2.2207762270741456
2025-08-08,0.0046064967499989855,0.0045959193146870685,4606.496749998985,3.235612722296637,2.235612722296637
2025-08-11,0.003092023749521,0.0030872532751708803,3092.023749521,3.2456173136782307,2.2456173136782307
2025-08-12,0.00553977094844571,0.00552448285307415,5539.77094844571,3.2635972901823176,2.2635972901823176
2025-08-13,0.00774585748355705,0.007716012347852369,7745.857483557051,3.2888766496757924,2.2888766496757924
2025-08-14,0.00509275107649452,0.005079826880966083,5092.75107649452,3.3056260797738863,2.3056260797738863
2025-08-15,-9.236173283725389e-4,-9.240441256756675e-4,-923.61732837253885,3.302572946245487,2.302572946245487
2025-08-18,-0.0010122094251236076,-0.0010127220550388448,-1012.2094251236076,3.299230050782139,2.299230050782139
2025-08-19,4.102263597424347e-4,4.10142239913982e-4,410.2263597424347,3.3005834819158246,2.3005834819158246
2025-08-20,2.9674952547970035e-4,2.967055040479415e-4,296.74952547970037,3.3015629284978893,2.3015629284978893
2025-08-21,0.0012876245204946901,0.0012867962429725253,1287.6245204946902,3.30581410188058,2.30581410188058
2025-08-22,0.006391764272506872,0.006371423576527849,6391.764272506873,3.3269440863485293,2.3269440863485293
2025-08-25,-0.005820072196002113,-0.005837074819278133,-5820.072196002113,3.3075810315739185,2.3075810315739185
2025-08-26,0.02565587376085534,0.025332284796334283,25655.87376085534,3.3924399129737792,2.3924399129737792
2025-08-27,0.0058176337675353955,0.0058007766835051,5817.633767535395,3.41217588596583,2.41217588596583
2025-08-28,-0.003907603245494107,-0.003915257874398344,-3907.603245494107,3.398842456399633,2.398842456399633
2025-08-29,0.007234291199352445,0.007208249236111406,7234.291199352445,3.42343067246995,2.42343067246995
2025-09-02,0.0016358247882073775,0.0016344882841643014,1635.8247882073774,3.4290308052246856,2.4290308052246856
2025-09-03,0.009544887249936386,0.009499622616236965,9544.887249936386,3.461760517637114,2.461760517637114
2025-09-04,0.007076989751045535,0.007052065382985736,7076.989751045536,3.4862593613410056,2.4862593613410056
2025-09-05,2.4406401915468457e-4,2.4403424037714849e-4,244.06401915468456,3.4871102318125504,2.4871102318125504
2025-09-08,3.844820433898665e-4,3.844081491090979e-4,384.48204338986653,3.488450963080003,2.488450963080003
2025-09-09,0.0040791694345856016,0.004070872179234318,4079.1694345856017,3.50268094562265,2.50268094562265
2025-09-10,0.004422395162436291,0.004412645108109813,4422.395162436291,3.5181711848921293,2.5181711848921293
2025-09-11,0.0056008947491959305,0.005585268060008283,5600.894749195931,3.537876091408364,2.537876091408364
2025-09-12,-0.004112263093018505,-0.004120741699047069,-4112.263093018505,3.5233274141299926,2.5233274141299926
2025-09-15,0.004819375454649907,0.004807799442630043,4819.375454649907,3.5403076517883463,2.5403076517883463
2025-09-16,0.005814165555608744,0.005797328525718152,5814.165555608744,3.560891586593632,2.560891586593632
2025-09-17,0.0017328653638544005,0.0017313656849142882,1732.8653638544006,3.5670621322884806,2.5670621322884806
2025-09-18,0.0012355633629565488,0.001234800682706483,1235.5633629565489,3.571469463572526,2.571469463572526
2025-09-19,0.007982471575244713,0.007950780187707963,7982.471575244713,3.599978617047349,2.599978617047349
2025-09-22,0.0017922267363009354,0.0017906226143113446,1792.2267363009355,3.6064305949749325,2.6064305949749325
2025-09-23,9.703322744650613e-4,9.698618064192499e-4,970.3322744650613,3.6099300309768543,2.6099300309768543
2025-09-24,-0.0032875100954213496,-0.0032929258295129092,-3287.5100954213494,3.5980623495562534,2.5980623495562534
2025-09-25,0.0013527115094030076,0.0013517974194296668,1352.7115094030075,3.6029294899080475,2.6029294899080475
2025-09-26,0.0032981691790388012,0.003292742148640994,3298.1691790388013,3.614812560905912,2.614812560905912
2025-09-29,2.3698775714801413e-4,2.3695967998537003e-4,236.9877571480141,3.6156692272272317,2.6156692272272317
2025-09-30,3.1508469191643624e-5,3.150797281025501e-5,31.508469191643623,3.615783151429685,2.615783151429685
2025-10-01,0.005167704919216365,0.005154398156079241,5167.704919216365,3.6344684518081487,2.6344684518081487
2025-10-02,3.0460194992661452e-5,3.0459731090342302e-5,30.460194992661453,3.6345791584258857,2.6345791584258857
2025-10-03,0.005840469499518756,0.005823480076240928,5840.4694995187565,3.655806807144258,2.655806807144258
2025-10-06,9.62252574139307e-4,9.617899059097637e-4,962.252574139307,3.6593246166549886,2.6593246166549886
2025-10-07,-0.00321703955282789,-0.003222225349498892,-3217.03955282789,3.6475524246265727,2.6475524246265727
2025-10-08,-0.010506906643810819,-0.010562493896984939,-10506.906643810818,3.6092279318226157,2.6092279318226157
2025-10-09,0.0028149395276317324,0.0028109850047831723,2814.9395276317323,3.6193876901921356,2.6193876901921356
2025-10-10,-0.006831536167085391,-0.006854977933471318,-6831.536167085391,3.594661712283884,2.594661712283884
2025-10-14,0.013895128174790142,0.013799475929632541,13895.128174790141,3.6446099975210795,2.6446099975210795
2025-10-15,0.009208681407768945,0.009166540014679685,9208.681407768945,3.6781720498438206,2.6781720498438206
2025-10-16,-0.014064910031599523,-0.014164758221551686,-14064.910031599524,3.6264388908820235,2.6264388908820235
2025-10-17,-0.0018783688916064745,-0.0018801352387004852,-1878.3688916064746,3.619627100882079,2.619627100882079
2025-10-20,0.008355197319752981,0.008320485871932915,8355.19731975298,3.649869799533874,2.649869799533874
2025-10-21,2.9638444240581696e-4,2.9634052921354394e-4,296.38444240581697,3.6509515641592625,2.6509515641592625
2025-10-22,-7.463942338290692e-4,-7.466729246893456e-4,-746.3942338290692,3.6482265149637847,2.6482265149637847
2025-10-23,0.003793900599995033,0.0037867219102085256,3793.900599995033,3.6620675237278233,2.6620675237278233
2025-10-24,0.00628872880440782,0.006269037262809923,6288.7288044078205,3.6850972732479765,2.6850972732479765
2025-10-27,0.007540660850611225,0.007512372188710577,7540.660850611225,3.712885341987052,2.712885341987052
2025-10-28,0.004231645977179047,0.004222717741899532,4231.645977179047,3.728596958308198,2.728596958308198
2025-10-29,-0.011279875302067236,-0.011343975580092173,-11279.875302067236,3.6865388495668148,2.6865388495668148
2025-10-30,0.001620588353199041,0.001619276616892275,1620.588353199041,3.6925132114900383,2.6925132114900383
2025-10-31,0.005635513041140442,0.0056196929459280485,5635.513041140442,3.7133224178479742,2.7133224178479742
2025-11-03,0.0072678705465873215,0.007241586849617746,7267.870546587322,3.740310364478634,2.740310364478634
2025-11-04,-0.0071436156110838795,-0.0071692534037370165,-7143.615611083879,3.7135910249686455,2.7135910249686455
2025-11-05,0.0014272135009317417,0.001426195999755675,1427.2135009317417,3.7188911122164194,2.7188911122164194
2025-11-06,0.0010626537148424133,0.0010620894980595764,1062.6537148424134,3.7228430056719106,2.7228430056719106
2025-11-07,3.053891600415805e-4,3.053425382636606e-4,305.3891600415805,3.723979921570379,2.723979921570379
2025-11-10,0.008189478315533589,0.008156126503559144,8189.478315533589,3.754477374385562,2.754477374385562
2025-11-11,0.0028223287212400714,0.0028183534294981996,2822.3287212400714,3.765073743712537,2.765073743712537
2025-11-12,0.012464094712090607,0.012387057357015096,12464.094712090608,3.812001979452176,2.812001979452176
2025-11-13,-0.010541335321681536,-0.01059728876020928,-10541.335321681536,3.7718183883398564,2.7718183883398564
2025-11-14,0.001122864411335171,0.0011222344706066346,1122.8644113351709,3.776053628974143,2.776053628974143
2025-11-17,-7.299645171055892e-4,-7.302310709281544e-4,-729.9645171055892,3.7732972438103043,2.7732972438103043
2025-11-18,-0.002326334772113211,-0.0023290448927636162,-2326.334772113211,3.7645192912265095,2.7645192912265095
2025-11-19,-0.0025395831452224202,-0.002542813356584025,-2539.58314522242,3.754958981484646,2.754958981484646
2025-11-20,-0.005307743203212404,-0.005321879314922801,-5307.743203212403,3.7350286234723296,2.7350286234723296
2025-11-21,0.009231917608814772,0.009189563928346675,9231.917608814772,3.7695100999907907,2.7695100999907907
2025-11-24,0.004763875664241135,0.004752564318240962,4763.875664241135,3.787467577422248,2.787467577422248
2025-11-25,0.010188271461572048,0.010136720869164862,10188.271461572049,3.8260553252529284,2.8260553252529284
2025-11-26,0.008335988001857714,0.008301435540344557,8335.988001857715,3.8579492765386805,2.8579492765386805
2025-11-27,1.025931911961172e-4,1.0258792887459313e-4,102.5931911961172,3.8583450758664335,2.8583450758664335
2025-11-28,0.004282280466767522,0.004273137596034026,4282.280466767522,3.874867591618865,2.874867591618865
2025-12-01,-0.009972893777601187,-0.010022956205702354,-9972.893777601186,3.836223948725381,2.836223948725381
2025-12-02,0.015408322690902976,0.015290819962902854,15408.322690902976,3.8953337252419113,2.8953337252419113
2025-12-03,-0.0010967097823455507,-0.0010973116085782795,-1096.7097823455508,3.8910616746399382,2.8910616746399382
2025-12-04,0.018525263123594243,0.018355760622163878,18525.263123594243,3.963144615992776,2.963144615992776
2025-12-05,0.0046464713791946055,0.004635709853593789,4646.471379194605,3.9815592540225953,2.9815592540225953
2025-12-08,-0.0015685514779597933,-0.0015697829427416994,-1568.5514779597934,3.9753139733701137,2.9753139733701137
2025-12-09,0.0037449886415285754,0.003737993630285026,3744.9886415285755,3.990201479046895,2.990201479046895
2025-12-10,0.010104573242096421,0.010053863356955252,10104.573242096421,4.030520762142645,3.030520762142645
2025-12-11,0.006438186842028107,0.006417550244609036,6438.186842028107,4.056470007879993,3.0564700078799927
2025-12-12,-0.002691232688793991,-0.002694860565922817,-2691.232688793991,4.045553103193674,3.045553103193674
2025-12-15,0.005046732820678948,0.005034040749016281,5046.732820678948,4.065969928817361,3.0659699288173607
2025-12-16,-0.00400193679423418,-0.0040099659719537795,-4001.9367942341805,4.049698174154977,3.049698174154977
2025-12-17,-0.010438438051725526,-0.010493300666844382,-10438.438051725527,4.007425650635874,3.0074256506358736
2025-12-18,0.008692762646547761,0.00865519812136494,8692.76264654776,4.042261250640539,3.0422612506405393
2025-12-19,0.008422746862513281,0.008387473457730764,8422.74686251328,4.076308193906831,3.076308193906831
2025-12-22,-0.0012503015239896758,-0.0012510838030645852,-1250.3015239896758,4.071211579559738,3.071211579559738
2025-12-23,0.0018161972433828328,0.0018145499514059147,1816.1972433828328,4.078605702807762,3.078605702807762
2025-12-24,0.0012399331167472494,0.0012391650345284048,1239.9331167472494,4.083662901088827,3.083662901088827
2025-12-29,0.0031934640422063283,0.0031883757658523267,3193.4640422063285,4.096703931723946,3.0967039317239458
2025-12-30,-0.002594542883655848,-0.0025979145432496998,-2594.542883655848,4.086074857691447,3.0860748576914467
2025-12-31,-0.004121964376597694,-0.0041304830890368585,-4121.964376597693,4.069232202687931,3.069232202687931
2026-01-02,0.009089364942953647,0.009048305282034493,9089.364942953647,4.106218939215781,3.106218939215781
2026-01-05,0.013390964639888422,0.013302098132702786,13390.964639888422,4.161205171834459,3.1612051718344594
2026-01-06,-0.011102278543149841,-0.011164368827715695,-11102.278543149841,4.115006312941557,3.1150063129415573
2026-01-07,-0.001914007507917,-0.0019158415609216498,-1914.007507917,4.107130159963461,3.107130159963461
2026-01-08,0.004541142032849201,0.004530862157202687,4541.142032849201,4.125781221367254,3.1257812213672542
2026-01-09,0.0013668206466543877,0.0013658873976069147,1366.8206466543877,4.131420424324197,3.1314204243241974
2026-01-12,-9.256813294966659e-5,-9.257241764370493e-5,-92.56813294966659,4.131037986449088,3.131037986449088
2026-01-13,-0.0023714153314495414,-0.00237423159001346,-2371.4153314495416,4.121241579633222,3.121241579633222
2026-01-14,-8.506459613058701e-4,-8.510079658879961e-4,-850.6459613058701,4.117735862127941,3.117735862127941
2026-01-15,0.006232861878312124,0.006213517931868391,6232.861878312124,4.143401141007956,3.1434011410079563
2026-01-16,0.002022829563198269,0.002020786398329633,2022.8295631982692,4.151782535328177,3.151782535328177
2026-01-19,-0.003124194980043959,-0.003129085465724152,-3124.194980043959,4.138811557173071,3.138811557173071
2026-01-20,-0.013269002227779306,-0.013357822012779031,-13269.002227779307,4.083893657400583,3.0838936574005826
2026-01-21,0.005759214108703707,0.0057426932362733525,5759.214108703707,4.10741367537073,3.10741367537073
2026-01-22,0.0058585800561213874,0.005841485310778491,5858.580056121387,4.131477287211497,3.1314772872114967
2026-01-23,-0.0028461567322069312,-0.0028502147379216142,-2846.1567322069313,4.11971845531654,3.11971845531654
2026-01-26,-0.004365087480940869,-0.0043746422904899366,-4365.087480940869,4.101735523862237,3.101735523862237
2026-01-27,-6.727567733827802e-4,-6.729831757690338e-4,-672.7567733827801,4.098976053505933,3.0989760535059334
2026-01-28,-0.008445268118078794,-0.008481131454614177,-8445.268118078793,4.0643591017244916,3.0643591017244916
2026-01-29,0.010044193579037481,0.009994085914750405,10044.193579037481,4.105182311316935,3.105182311316935
2026-01-30,-0.011504502473792661,-0.011571191236459633,-11504.502473792661,4.05795423126102,3.0579542312610197
2026-02-02,0.017245670621124625,0.01709865192710073,17245.670621124624,4.127936373328946,3.1279363733289456
2026-02-03,0.0064642338077196175,0.0064434302529251435,6464.233807719617,4.154620319189535,3.154620319189535
2026-02-04,0.0012850288687568103,0.001284203925801422,1285.0288687568104,4.159959126238417,3.159959126238417
2026-02-05,7.288329461891768e-4,7.285674764383539e-4,728.8329461891768,4.16299104150442,3.1629910415044202
2026-02-06,0.011176663259117701,0.01111466587982679,11176.6632591177,4.209519390526038,3.2095193905260384
2026-02-09,0.012253724675870898,0.012179255524125306,12253.724675870899,4.261101682155284,3.2611016821552843
2026-02-10,0.003858082786512488,0.0038506594721669056,3858.082786512488,4.277541365206787,3.277541365206787
2026-02-11,-0.00882870543148617,-0.008867909368528907,-8828.70543148617,4.239776212522379,3.2397762125223792
2026-02-12,-0.01475050885527925,-0.014860379380417187,-14750.50885527925,4.177237355955166,3.1772373559551657
2026-02-13,0.004440359357225809,0.004430530047983959,4440.35935722581,4.195785790936034,3.195785790936034
2026-02-17,0.0023861579330084295,0.002383315578807201,2386.1579330084296,4.20579759848628,3.2057975984862797
2026-02-18,0.010072369556226183,0.010021981312179155,10072.369556226182,4.248159946176922,3.248159946176922
2026-02-19,0.003976438014469452,0.003968552881078744,3976.4380144694524,4.265052490878446,3.265052490878446
2026-02-20,0.012440040916456487,0.012363299397107739,12440.040916456486,4.318109918375809,3.318109918375809
2026-02-23,-0.010609177373527937,-0.01066585592745289,-10609.177373527937,4.272298324333369,3.272298324333369
2026-02-24,-0.004902015212276344,-0.004914069498511215,-4902.015212276344,4.251355452956105,3.251355452956105
2026-02-25,0.028025905230872374,0.02764036635639418,28025.905230872373,4.370503537983406,3.3705035379834056
2026-02-26,0.009642670516282276,0.009596476686128824,9642.670516282276,4.412646863590425,3.4126468635904246
2026-02-27,-0.020740916145081906,-0.020959030140269997,-20740.916145081905,4.321124525014837,3.321124525014837
2026-03-02,0.007295193774329818,0.007268712560624845,7295.193774329819,4.352647965747829,3.3526479657478294
2026-03-03,-0.011917753773477275,-0.011989339530410734,-11917.753773477274,4.30077417902942,3.3007741790294203
2026-03-04,0.0069949188646208915,0.006970567909018703,6994.918864620891,4.330857745466788,3.330857745466788
2026-03-05,-0.010932243305378193,-0.01099243939813899,-10932.243305378193,4.283511754872363,3.2835117548723627
2026-03-06,-0.017081335281713995,-0.017228904152180313,-17081.335281713997,4.210343654404225,3.210343654404225
2026-03-09,-0.008165994841442276,-0.00819951920859639,-8165.994841442276,4.175962009841661,3.175962009841661
2026-03-10,0.0071414113107854385,0.00711603218989,7141.411310785438,4.205784272172155,3.2057842721721546
2026-03-11,-0.001775145319087105,-0.0017767227566026712,-1775.145319087105,4.198318393908318,3.198318393908318
2026-03-12,-0.015916092406627076,-0.01604411362084454,-15916.092406627076,4.131497570398431,3.131497570398431
2026-03-13,-0.007601348087024192,-0.0076303855763611445,-7601.348087024192,4.100092619245138,3.100092619245138
2026-03-16,0.01740894144688846,0.01725914189443561,17408.94144688846,4.171470891580396,3.1714708915803964
2026-03-17,0.003860185164915745,0.003852753768400413,3860.185164915745,4.187573541631953,3.187573541631953
2026-03-18,-0.009136207078158468,-0.00917819817328344,-9136.207078158468,4.149315002600587,3.149315002600587
2026-03-19,-0.01188510674753155,-0.01195629927820462,-11885.10674753155,4.099999950865545,3.099999950865545
2026-03-20,-0.015159793289768981,-0.015275877660341764,-15159.79328976898,4.03784479912236,3.03784479912236
2026-03-23,0.020140922233928823,0.01994077680596813,20140.922233928824,4.119170717214157,3.119170717214157
2026-03-24,0.003162297939985792,0.0031573083920459462,3162.297939985792,4.132196762287653,3.132196762287653
2026-03-25,0.00959723336345301,0.009551472471672054,9597.23336345301,4.1718544189190325,3.1718544189190325
2026-03-26,-0.018690033297548144,-0.018866899189807204,-18690.033297548143,4.093882320916912,3.0938823209169124
2026-03-27,-0.008458047962343894,-0.008494020230404995,-8458.047962343893,4.059256067894406,3.059256067894406
2026-03-30,-0.0015212477599779728,-0.001522406032179956,-1521.2477599779727,4.053080933693945,3.053080933693945
2026-03-31,0.025875334518067224,0.025546233048413886,25875.334518067226,4.157955758682075,3.157955758682075
2026-04-01,0.012864265746010073,0.012782223935373184,12864.265746010073,4.211444806521914,3.2114448065219143
2026-04-02,0.0026543819577215886,0.0026508653075800635,2654.3819577215886,4.222623589632287,3.2226235896322866
2026-04-06,0.006581804386996959,0.006560238887382861,6581.804386996959,4.250416072099165,3.2504160720991653
2026-04-07,0.006793321688157087,0.006770351050982114,6793.321688157087,4.279290515785448,3.2792905157854477
2026-04-08,0.01754599959319632,0.017393845758143824,17545.99959319632,4.354374945434588,3.3543749454345884
2026-04-09,0.012058342011278459,0.011986219412337561,12058.342011278459,4.40688148777198,3.4068814877719804
2026-04-10,0.010303969425737636,0.010251245401306825,10303.969425737636,4.452289859884832,3.452289859884832
2026-04-13,0.008910244067321771,0.008870782080045237,8910.244067321772,4.491960849194868,3.491960849194868
2026-04-14,0.009725544049168772,0.009678555360374824,9725.544049168773,4.5356476123008544,3.5356476123008544
2026-04-15,0.0069638821249929555,0.0069397462858403714,6963.882124992955,4.5672333276334225,3.5672333276334225
2026-04-16,-0.003934348059249249,-0.003942107966713323,-3934.3480592492488,4.54926424205471,3.5492642420547096
2026-04-17,0.01597574636113064,0.015849477179556228,15975.746361130638,4.621942133715537,3.621942133715537
2026-04-20,0.005355347924655418,0.005341059040885768,5355.347924655418,4.646694241929208,3.6466942419292083
2026-04-21,-0.010854444430800561,-0.010913783699953732,-10854.444430800562,4.596256957493267,3.5962569574932672
2026-04-22,-0.00404610679675497,-0.004054314433658304,-4046.10679675497,4.5776600109779215,3.5776600109779215
2026-04-23,0.0012498908834296567,0.0012491104200810744,1249.8908834296567,4.583381586493084,3.5833815864930836
2026-04-24,0.0046181809154767954,0.00460754983625872,4618.180915476795,4.604548471864174,3.604548471864174
2026-04-27,0.002298665952754501,0.0022960280618199765,2298.6659527545007,4.615132790664255,3.615132790664255
2026-04-28,0.0011656639906107065,0.0011649851318374742,1165.6639906107064,4.62051248477022,3.62051248477022
2026-04-29,-0.011244444939006835,-0.011308141649564632,-11244.444939006835,4.568557386545228,3.568557386545228
2026-04-30,0.021174693280399965,0.020953624723252212,21174.693280399966,4.665295187939229,3.665295187939229
2026-05-01,0.0015705022871905783,0.0015692703381573905,1570.5022871905783,4.672622044702306,3.6726220447023064
2026-05-04,-0.013146034524824192,-0.013233208474062255,-13146.034524824192,4.611195593981195,3.6111955939811953
2026-05-05,0.003164615139526686,0.0031596182843429484,3164.615139526686,4.625788253369226,3.625788253369226
2026-05-06,0.02210520351494682,0.02186442534369805,22105.20351494682,4.728042244127003,3.7280422441270034
2026-05-07,-0.006821651818198085,-0.006845025644346781,-6821.6518181980855,4.695789186155837,3.695789186155837
2026-05-08,0.0010231462583564592,0.001022623200969201,1023.1462583564593,4.7005936652916835,3.7005936652916835
2026-05-11,-0.0019398430520224013,-0.0019417269843051942,-1939.8430520224013,4.6914752513296865,3.6914752513296865
2026-05-12,0.005221673432975212,0.005208087768999944,5221.673432975212,4.715972603011016,3.715972603011016
2026-05-13,-0.012283229506587535,-0.012359291872917098,-12283.229506587535,4.658045229181452,3.658045229181452
2026-05-14,0.01596269221715777,0.015836628223381964,15962.692217157772,4.732400171508476,3.732400171508476
2026-05-15,-0.001634712734849645,-0.001636050335639836,-1634.7127348496451,4.724664056681707,3.724664056681707
2026-05-19,0.005085565357772455,0.0050726775463390515,5085.565357772455,4.74869164453548,3.74869164453548
2026-05-20,0.01788867982933743,0.01773056031139688,17888.67982933743,4.833639468972825,3.833639468972825
2026-05-21,0.011724675169476468,0.011656473740995613,11724.675169476468,4.890312321632892,3.8903123216328916
2026-05-22,0.0070761416216715825,0.0070512232132810175,7076.1416216715825,4.924916864194971,3.924916864194971
2026-05-25,0.008567398894759807,0.008530907011730813,8567.398894759806,4.96711059149406,3.96711059149406
2026-05-26,-0.004659396099634987,-0.0046702849223662565,-4659.396099634987,4.943966855777597,3.943966855777597
2026-05-27,-0.005520227620062008,-0.005535520382202176,-5520.227620062008,4.916675033387662,3.916675033387662
2026-05-28,-0.013424069785424745,-0.01351498718132464,-13424.069785424745,4.8506732446272105,3.8506732446272105
2026-05-29,0.0038567089405904245,0.003849290905348825,3856.7089405904244,4.869380879497647,3.8693808794976468
2026-06-01,-0.015450400466893794,-0.015571001742240445,-15450.400466893794,4.794146994883572,3.7941469948835724
2026-06-02,0.019515561002433048,0.019327574282669638,19515.56100243305,4.887707463016854,3.887707463016854
2026-06-03,-0.004514472483765926,-0.004524693487897862,-4514.472483765926,4.8656420421663675,3.8656420421663675
2026-06-04,0.016163911249987357,0.016034666114469957,16163.911249987357,4.944289848310152,3.9442898483101523
2026-06-05,-8.497994376215902e-4,-8.501607218576095e-4,-849.7994376215902,4.940088193577619,3.940088193577619
2026-06-08,0.005573733525019849,0.005558257750912409,5573.7335250198485,4.967622928758718,3.9676229287587184
2026-06-09,0.008617519112263827,0.008580600242199593,8617.519112263828,5.010431514289817,4.010431514289817
2026-06-10,-0.0033600321886125455,-0.0033656897734330843,-3360.0321886125453,4.993596303122964,3.993596303122964
2026-06-11,0.01291948040654763,0.012836735835427764,12919.48040654763,5.058110972719369,4.058110972719369
2026-06-12,0.011445221472235959,0.0113802204223973,11445.221472235959,5.11600217303329,4.11600217303329
2026-06-15,0.0029726855905878313,0.0029682758977031313,2972.6855905878315,5.131210438974482,4.131210438974482
2026-06-16,0.00905658480022479,0.009015819878552241,9056.584800224791,5.177681681442854,4.177681681442854
2026-06-17,0.010060837961330709,0.01001056464435479,10060.83796133071,5.2297734978552,4.2297734978552
2026-06-18,0.005949564932005658,0.005931936158363502,5949.564932005657,5.2608883748603725,4.2608883748603725
2026-06-19,0.004762267119037045,0.004750963398332687,4762.267119037045,5.2859421305848935,4.2859421305848935
2026-06-22,0.005122057217606556,0.005108984104356534,5122.057217606556,5.313017028626707,4.313017028626707
2026-06-23,0.004279535436345128,0.004270404266742727,4279.535436345128,5.3357542732746195,4.3357542732746195
2026-06-24,-0.003961236996833687,-0.0039691034769730885,-3961.2369968336866,5.314618086041311,4.314618086041311
2026-06-25,0.0051051350904165824,0.005092148069847475,5105.135090416582,5.341749929324523,4.341749929324523
2026-06-26,-0.0034186115979475775,-0.003424468402479265,-3418.6115979475776,5.323488561062798,4.323488561062798
2026-06-29,0.005617489953277932,0.0056017706976219835,5617.489953277932,5.353393204570959,4.353393204570959
2026-06-30,0.008142672367091614,0.008109699680047417,8142.672367091614,5.396984131487995,4.396984131487995
2026-07-02,-0.014356038479997946,-0.014460083382665146,-14356.038479997946,5.319504819620415,4.319504819620415
2026-07-03,0.004674819242351191,0.004663926210321585,4674.819242351191,5.344372543110956,4.344372543110956
2026-07-06,0.012226290978440264,0.01215215355500713,12226.290978440264,5.409714396920218,4.409714396920218
2026-07-07,0.0063214566930037686,0.006301560091954549,6321.456693003768,5.4439116722018674,4.4439116722018674
2026-07-08,-0.02133759695753697,-0.021568534489571172,-21337.59695753697,5.327751679067993,4.327751679067993
2026-07-09,0.012194206899955944,0.012120456505386628,12194.206899955943,5.392719385354135,4.392719385354135
2026-07-10,0.01604446806495844,0.0159171159789797,16044.46806495844,5.479242699315733,4.479242699315733
2026-07-13,-0.002673706795054261,-0.0026772875330536906,-2673.706795054261,5.464592810878821,4.464592810878821
2026-07-14,0.0078029488728284715,0.0077726633097210595,7802.948872828471,5.507232749192934,4.507232749192934
2026-07-15,0.01592387892353238,0.015798424030115093,15923.878923532382,5.594929256694794,4.594929256694794
