date,confidence_level,realized_return,model,var_return,tail_probability,realized_loss,var_dollar,realized_pnl,violation,excess_loss,excess_loss_dollar
2017-02-24,0.95,-0.014238157070220152,EWMA Gaussian,0.007509135466584801,0.050000000000000044,0.014238157070220152,7509.135466584801,-14238.157070220152,TRUE,0.006729021603635351,6729.021603635351
2017-03-10,0.95,-0.011884805614253813,EWMA Gaussian,0.009481288970134795,0.050000000000000044,0.011884805614253813,9481.288970134794,-11884.805614253813,TRUE,0.002403516644119018,2403.516644119018
2017-03-21,0.95,-0.01127908540988378,EWMA Gaussian,0.009917753923305248,0.050000000000000044,0.01127908540988378,9917.753923305248,-11279.085409883779,TRUE,0.0013613314865785313,1361.3314865785312
2017-04-13,0.95,-0.01087692135000758,EWMA Gaussian,0.008840612242245824,0.050000000000000044,0.01087692135000758,8840.612242245823,-10876.92135000758,TRUE,0.002036309107761756,2036.3091077617562
2017-04-26,0.95,-0.018181603321439456,EWMA Gaussian,0.010695147154898327,0.050000000000000044,0.018181603321439456,10695.147154898326,-18181.603321439456,TRUE,0.007486456166541129,7486.456166541128
2017-04-27,0.95,-0.01965787039200567,EWMA Gaussian,0.012617904742824319,0.050000000000000044,0.01965787039200567,12617.90474282432,-19657.87039200567,TRUE,0.00703996564918135,7039.965649181349
2017-05-17,0.95,-0.017045814122737236,EWMA Gaussian,0.01307538210264855,0.050000000000000044,0.017045814122737236,13075.38210264855,-17045.814122737236,TRUE,0.003970432020088687,3970.4320200886873
2017-08-10,0.95,-0.012015848809546998,EWMA Gaussian,0.005928036284517195,0.050000000000000044,0.012015848809546998,5928.036284517195,-12015.848809546998,TRUE,0.006087812525029803,6087.8125250298035
2017-09-05,0.95,-0.0089840797358741,EWMA Gaussian,0.00682522867700378,0.050000000000000044,0.0089840797358741,6825.22867700378,-8984.0797358741,TRUE,0.00215885105887032,2158.85105887032
2017-11-09,0.95,-0.004914391489970711,EWMA Gaussian,0.004811094457350647,0.050000000000000044,0.004914391489970711,4811.094457350647,-4914.3914899707115,TRUE,1.0329703262006423e-4,103.29703262006423
2017-11-10,0.95,-0.005843546767190862,EWMA Gaussian,0.0049738578318264965,0.050000000000000044,0.005843546767190862,4973.857831826496,-5843.546767190862,TRUE,8.696889353643654e-4,869.6889353643653
2017-12-05,0.95,-0.0064733575081728865,EWMA Gaussian,0.004721343614241126,0.050000000000000044,0.0064733575081728865,4721.3436142411265,-6473.357508172887,TRUE,0.0017520138939317604,1752.0138939317603
2018-02-01,0.95,-0.005081820236689387,EWMA Gaussian,0.0038958648764988463,0.050000000000000044,0.005081820236689387,3895.8648764988466,-5081.820236689387,TRUE,0.0011859553601905404,1185.9553601905404
2018-02-02,0.95,-0.011536641763030726,EWMA Gaussian,0.004215281823381663,0.050000000000000044,0.011536641763030726,4215.281823381662,-11536.641763030726,TRUE,0.007321359939649063,7321.359939649063
2018-02-05,0.95,-0.025088785615633786,EWMA Gaussian,0.0059118139461810945,0.050000000000000044,0.025088785615633786,5911.813946181094,-25088.785615633788,TRUE,0.019176971669452692,19176.97166945269
2018-02-08,0.95,-0.019329394732978806,EWMA Gaussian,0.010390979717825021,0.050000000000000044,0.019329394732978806,10390.979717825021,-19329.394732978806,TRUE,0.008938415015153784,8938.415015153785
2018-02-28,0.95,-0.014454224682231174,EWMA Gaussian,0.011250057112066475,0.050000000000000044,0.014454224682231174,11250.057112066475,-14454.224682231174,TRUE,0.0032041675701646993,3204.167570164699
2018-03-22,0.95,-0.015174352502188328,EWMA Gaussian,0.008241138098863109,0.050000000000000044,0.015174352502188328,8241.138098863108,-15174.352502188327,TRUE,0.006933214403325219,6933.214403325219
2018-03-23,0.95,-0.017686648132303785,EWMA Gaussian,0.0099015878333935,0.050000000000000044,0.017686648132303785,9901.5878333935,-17686.648132303784,TRUE,0.007785060298910285,7785.060298910285
2018-05-29,0.95,-0.019639960639575384,EWMA Gaussian,0.006854207668703462,0.050000000000000044,0.019639960639575384,6854.207668703461,-19639.960639575384,TRUE,0.012785752970871922,12785.752970871921
2018-06-25,0.95,-0.013481004164221062,EWMA Gaussian,0.006962897826447662,0.050000000000000044,0.013481004164221062,6962.897826447662,-13481.004164221062,TRUE,0.0065181063377734,6518.1063377734
2018-08-07,0.95,-0.006713949039381717,EWMA Gaussian,0.004409457353266691,0.050000000000000044,0.006713949039381717,4409.457353266692,-6713.949039381717,TRUE,0.0023044916861150256,2304.4916861150255
2018-09-12,0.95,-0.006411386900898393,EWMA Gaussian,0.0046107632096939796,0.050000000000000044,0.006411386900898393,4610.76320969398,-6411.386900898393,TRUE,0.0018006236912044135,1800.6236912044135
2018-09-25,0.95,-0.005815010270331156,EWMA Gaussian,0.0047841521391358555,0.050000000000000044,0.005815010270331156,4784.152139135856,-5815.010270331156,TRUE,0.0010308581311953002,1030.8581311953003
2018-09-28,0.95,-0.009907634521581924,EWMA Gaussian,0.004999329945864989,0.050000000000000044,0.009907634521581924,4999.329945864989,-9907.634521581924,TRUE,0.004908304575716935,4908.304575716935
2018-10-02,0.95,-0.006185345081271275,EWMA Gaussian,0.005944722081774774,0.050000000000000044,0.006185345081271275,5944.722081774774,-6185.345081271275,TRUE,2.4062299949650142e-4,240.62299949650142
2018-10-10,0.95,-0.011694528724469022,EWMA Gaussian,0.005889720154293401,0.050000000000000044,0.011694528724469022,5889.720154293401,-11694.528724469023,TRUE,0.005804808570175621,5804.808570175621
2018-10-11,0.95,-0.021697648646396797,EWMA Gaussian,0.007284354518609367,0.050000000000000044,0.021697648646396797,7284.354518609367,-21697.648646396796,TRUE,0.01441329412778743,14413.29412778743
2018-10-24,0.95,-0.022780004307335656,EWMA Gaussian,0.010281814307392216,0.050000000000000044,0.022780004307335656,10281.814307392217,-22780.004307335657,TRUE,0.01249818999994344,12498.18999994344
2018-11-20,0.95,-0.013595310262247806,EWMA Gaussian,0.01000252785462311,0.050000000000000044,0.013595310262247806,10002.527854623111,-13595.310262247805,TRUE,0.0035927824076246954,3592.782407624695
2018-12-04,0.95,-0.01530526150614982,EWMA Gaussian,0.011927614053554062,0.050000000000000044,0.01530526150614982,11927.614053554062,-15305.26150614982,TRUE,0.0033776474525957587,3377.6474525957588
2018-12-06,0.95,-0.013128068792802186,EWMA Gaussian,0.012731685718370609,0.050000000000000044,0.013128068792802186,12731.685718370609,-13128.068792802187,TRUE,3.963830744315774e-4,396.38307443157737
2018-12-21,0.95,-0.01904019198150388,EWMA Gaussian,0.012595704333640484,0.050000000000000044,0.01904019198150388,12595.704333640484,-19040.19198150388,TRUE,0.006444487647863395,6444.487647863395
2019-02-28,0.95,-0.008859378374506401,EWMA Gaussian,0.008418568776985578,0.050000000000000044,0.008859378374506401,8418.568776985578,-8859.378374506401,TRUE,4.408095975208231e-4,440.8095975208231
2019-03-20,0.95,-0.007386741957481383,EWMA Gaussian,0.007301925670041478,0.050000000000000044,0.007386741957481383,7301.925670041478,-7386.741957481383,TRUE,8.481628743990492e-5,84.81628743990493
2019-03-22,0.95,-0.012555763495424735,EWMA Gaussian,0.007575939685336694,0.050000000000000044,0.012555763495424735,7575.939685336694,-12555.763495424735,TRUE,0.004979823810088041,4979.823810088042
2019-05-07,0.95,-0.007240646427238188,EWMA Gaussian,0.006819760836948276,0.050000000000000044,0.007240646427238188,6819.760836948276,-7240.646427238188,TRUE,4.208855902899126e-4,420.8855902899126
2019-05-13,0.95,-0.011102214712841488,EWMA Gaussian,0.006893779272090065,0.050000000000000044,0.011102214712841488,6893.779272090065,-11102.214712841487,TRUE,0.004208435440751423,4208.435440751423
2019-05-22,0.95,-0.01123255045705899,EWMA Gaussian,0.007470457033197362,0.050000000000000044,0.01123255045705899,7470.457033197362,-11232.550457058991,TRUE,0.0037620934238616283,3762.0934238616283
2019-05-23,0.95,-0.012224422577591116,EWMA Gaussian,0.008477705607154782,0.050000000000000044,0.012224422577591116,8477.705607154781,-12224.422577591116,TRUE,0.0037467169704363344,3746.7169704363346
2019-05-29,0.95,-0.011429294498847923,EWMA Gaussian,0.00939744048219521,0.050000000000000044,0.011429294498847923,9397.44048219521,-11429.294498847923,TRUE,0.002031854016652712,2031.8540166527118
2019-08-01,0.95,-0.01015525813962929,EWMA Gaussian,0.006125432404664618,0.050000000000000044,0.01015525813962929,6125.432404664618,-10155.25813962929,TRUE,0.0040298257349646715,4029.8257349646715
2019-08-02,0.95,-0.007469117719335005,EWMA Gaussian,0.007168984825294616,0.050000000000000044,0.007469117719335005,7168.984825294617,-7469.117719335005,TRUE,3.001328940403884e-4,300.1328940403884
2019-08-06,0.95,-0.013530855340670165,EWMA Gaussian,0.007563868777332825,0.050000000000000044,0.013530855340670165,7563.868777332826,-13530.855340670165,TRUE,0.00596698656333734,5966.98656333734
2019-08-14,0.95,-0.020297529364242006,EWMA Gaussian,0.00907819153589803,0.050000000000000044,0.020297529364242006,9078.19153589803,-20297.529364242007,TRUE,0.011219337828343976,11219.337828343976
2019-08-23,0.95,-0.01416348235966358,EWMA Gaussian,0.011909601633759736,0.050000000000000044,0.01416348235966358,11909.601633759736,-14163.48235966358,TRUE,0.0022538807259038438,2253.8807259038435
2019-10-02,0.95,-0.013728409730958659,EWMA Gaussian,0.00991077202910623,0.050000000000000044,0.013728409730958659,9910.772029106229,-13728.409730958658,TRUE,0.003817637701852429,3817.637701852429
2019-12-02,0.95,-0.005847589325106742,EWMA Gaussian,0.004873432839971359,0.050000000000000044,0.005847589325106742,4873.4328399713595,-5847.589325106742,TRUE,9.741564851353827e-4,974.1564851353827
2019-12-03,0.95,-0.009063636850500415,EWMA Gaussian,0.0052595803129137095,0.050000000000000044,0.009063636850500415,5259.580312913709,-9063.636850500416,TRUE,0.0038040565375867053,3804.0565375867054
2019-12-05,0.95,-0.010745028605837129,EWMA Gaussian,0.0060966413211023425,0.050000000000000044,0.010745028605837129,6096.641321102343,-10745.02860583713,TRUE,0.0046483872847347864,4648.387284734787
2019-12-18,0.95,-0.006656659284437575,EWMA Gaussian,0.0062111902161741915,0.050000000000000044,0.006656659284437575,6211.190216174192,-6656.659284437575,TRUE,4.454690682633832e-4,445.46906826338324
2020-01-31,0.95,-0.00954408294278721,EWMA Gaussian,0.004523937831475626,0.050000000000000044,0.00954408294278721,4523.937831475626,-9544.08294278721,TRUE,0.005020145111311584,5020.1451113115845
2020-02-24,0.95,-0.01222052849371861,EWMA Gaussian,0.005444383600199211,0.050000000000000044,0.01222052849371861,5444.383600199211,-12220.528493718612,TRUE,0.0067761448935193995,6776.144893519399
2020-02-25,0.95,-0.015397862411281235,EWMA Gaussian,0.0071821618079561,0.050000000000000044,0.015397862411281235,7182.161807956099,-15397.862411281234,TRUE,0.008215700603325136,8215.700603325136
2020-02-27,0.95,-0.022189328872467214,EWMA Gaussian,0.009328018195079692,0.050000000000000044,0.022189328872467214,9328.018195079692,-22189.328872467213,TRUE,0.012861310677387522,12861.310677387522
2020-02-28,0.95,-0.022492636138809065,EWMA Gaussian,0.012706070546641673,0.050000000000000044,0.022492636138809065,12706.070546641673,-22492.636138809066,TRUE,0.009786565592167392,9786.565592167392
2020-03-03,0.95,-0.019243752074436144,EWMA Gaussian,0.015372716685717125,0.050000000000000044,0.019243752074436144,15372.716685717125,-19243.752074436143,TRUE,0.003871035388719019,3871.035388719019
2020-03-05,0.95,-0.02556800802057853,EWMA Gaussian,0.016976483556579006,0.050000000000000044,0.02556800802057853,16976.483556579005,-25568.00802057853,TRUE,0.008591524463999526,8591.524463999525
2020-03-06,0.95,-0.033444623174640545,EWMA Gaussian,0.01946418833376483,0.050000000000000044,0.033444623174640545,19464.18833376483,-33444.62317464055,TRUE,0.013980434840875716,13980.434840875716
2020-03-09,0.95,-0.11843846161163316,EWMA Gaussian,0.023256949662809466,0.050000000000000044,0.11843846161163316,23256.949662809468,-118438.46161163316,TRUE,0.09518151194882368,95181.51194882368
2020-03-12,0.95,-0.13435474785949877,EWMA Gaussian,0.05346132727995809,0.050000000000000044,0.13435474785949877,53461.32727995809,-134354.74785949878,TRUE,0.08089342057954069,80893.42057954069
2020-03-16,0.95,-0.10902342217104742,EWMA Gaussian,0.10013646949659745,0.050000000000000044,0.10902342217104742,100136.46949659745,-109023.42217104742,TRUE,0.008886952674449972,8886.95267444997
2020-10-27,0.95,-0.016828164080704033,EWMA Gaussian,0.013850458759120986,0.050000000000000044,0.016828164080704033,13850.458759120986,-16828.164080704035,TRUE,0.0029777053215830473,2977.7053215830474
2020-10-28,0.95,-0.022665793873276698,EWMA Gaussian,0.015072039567138698,0.050000000000000044,0.022665793873276698,15072.039567138698,-22665.793873276696,TRUE,0.007593754306138,7593.754306138
2020-11-30,0.95,-0.023291803539919827,EWMA Gaussian,0.017778389596708834,0.050000000000000044,0.023291803539919827,17778.389596708832,-23291.803539919827,TRUE,0.005513413943210994,5513.413943210993
2021-01-27,0.95,-0.010946940542237306,EWMA Gaussian,0.009416501076407006,0.050000000000000044,0.010946940542237306,9416.501076407007,-10946.940542237306,TRUE,0.0015304394658302994,1530.4394658302995
2021-01-29,0.95,-0.017879868461810257,EWMA Gaussian,0.010465047690865426,0.050000000000000044,0.017879868461810257,10465.047690865425,-17879.868461810256,TRUE,0.007414820770944831,7414.820770944832
2021-06-17,0.95,-0.007893642179685837,EWMA Gaussian,0.0075842592847990414,0.050000000000000044,0.007893642179685837,7584.259284799042,-7893.642179685837,TRUE,3.093828948867953e-4,309.38289488679527
2021-06-18,0.95,-0.009307095444584152,EWMA Gaussian,0.007940728300108814,0.050000000000000044,0.009307095444584152,7940.7283001088135,-9307.095444584153,TRUE,0.0013663671444753382,1366.3671444753381
2021-06-28,0.95,-0.008713093112751442,EWMA Gaussian,0.007813693199683638,0.050000000000000044,0.008713093112751442,7813.693199683637,-8713.093112751441,TRUE,8.99399913067804e-4,899.399913067804
2021-07-08,0.95,-0.01345857319948653,EWMA Gaussian,0.007155670702302068,0.050000000000000044,0.01345857319948653,7155.670702302068,-13458.57319948653,TRUE,0.006302902497184461,6302.902497184461
2021-07-19,0.95,-0.02104688982237631,EWMA Gaussian,0.008781885601306993,0.050000000000000044,0.02104688982237631,8781.885601306993,-21046.88982237631,TRUE,0.012265004221069315,12265.004221069315
2021-08-26,0.95,-0.013452296059776752,EWMA Gaussian,0.008159901409544045,0.050000000000000044,0.013452296059776752,8159.901409544045,-13452.296059776752,TRUE,0.005292394650232707,5292.394650232707
2021-09-17,0.95,-0.00853924822959647,EWMA Gaussian,0.007655604927250051,0.050000000000000044,0.00853924822959647,7655.604927250051,-8539.24822959647,TRUE,8.836433023464187e-4,883.6433023464186
2021-09-20,0.95,-0.016977044168322127,EWMA Gaussian,0.008113690787264915,0.050000000000000044,0.016977044168322127,8113.690787264914,-16977.04416832213,TRUE,0.008863353381057213,8863.353381057213
2021-10-29,0.95,-0.01150020733730528,EWMA Gaussian,0.009340278548348478,0.050000000000000044,0.01150020733730528,9340.278548348479,-11500.207337305279,TRUE,0.002159928788956801,2159.9287889568013
2021-11-26,0.95,-0.019295545866491754,EWMA Gaussian,0.0072509968817634045,0.050000000000000044,0.019295545866491754,7250.996881763404,-19295.545866491753,TRUE,0.01204454898472835,12044.54898472835
2021-11-30,0.95,-0.02658741803894691,EWMA Gaussian,0.010169343885689719,0.050000000000000044,0.02658741803894691,10169.34388568972,-26587.41803894691,TRUE,0.01641807415325719,16418.07415325719
2022-01-19,0.95,-0.015546936114265664,EWMA Gaussian,0.013257905900973367,0.050000000000000044,0.015546936114265664,13257.905900973368,-15546.936114265663,TRUE,0.002289030213292296,2289.030213292296
2022-02-17,0.95,-0.015545959880037208,EWMA Gaussian,0.01152131693258897,0.050000000000000044,0.015545959880037208,11521.31693258897,-15545.959880037208,TRUE,0.004024642947448238,4024.642947448238
2022-02-24,0.95,-0.019661471969042534,EWMA Gaussian,0.01221245197852346,0.050000000000000044,0.019661471969042534,12212.451978523459,-19661.471969042534,TRUE,0.007449019990519074,7449.019990519074
2022-03-07,0.95,-0.01850024253538638,EWMA Gaussian,0.01756204737930275,0.050000000000000044,0.01850024253538638,17562.04737930275,-18500.24253538638,TRUE,9.381951560836314e-4,938.1951560836314
2022-03-23,0.95,-0.025688996624534256,EWMA Gaussian,0.015076118410168943,0.050000000000000044,0.025688996624534256,15076.118410168943,-25688.996624534255,TRUE,0.010612878214365313,10612.878214365313
2022-03-31,0.95,-0.016705062205896643,EWMA Gaussian,0.015237456959394451,0.050000000000000044,0.016705062205896643,15237.45695939445,-16705.062205896644,TRUE,0.0014676052465021922,1467.6052465021921
2022-04-22,0.95,-0.020685931161574484,EWMA Gaussian,0.012867538338946076,0.050000000000000044,0.020685931161574484,12867.538338946075,-20685.931161574485,TRUE,0.007818392822628408,7818.392822628409
2022-05-18,0.95,-0.016534488422213535,EWMA Gaussian,0.014953243830257876,0.050000000000000044,0.016534488422213535,14953.243830257876,-16534.488422213533,TRUE,0.0015812445919556588,1581.244591955659
2022-06-09,0.95,-0.014440445695179603,EWMA Gaussian,0.01296659238048172,0.050000000000000044,0.014440445695179603,12966.59238048172,-14440.445695179602,TRUE,0.001473853314697883,1473.853314697883
2022-06-10,0.95,-0.019196020863742686,EWMA Gaussian,0.013678111857573389,0.050000000000000044,0.019196020863742686,13678.111857573389,-19196.020863742688,TRUE,0.005517909006169297,5517.909006169298
2022-06-13,0.95,-0.018139471177794665,EWMA Gaussian,0.015260505002747053,0.050000000000000044,0.018139471177794665,15260.505002747053,-18139.471177794665,TRUE,0.002878966175047612,2878.966175047612
2022-06-16,0.95,-0.02822756167805516,EWMA Gaussian,0.015867642983816103,0.050000000000000044,0.02822756167805516,15867.642983816102,-28227.561678055157,TRUE,0.012359918694239056,12359.918694239057
2022-06-23,0.95,-0.029162311245563306,EWMA Gaussian,0.018733848660604145,0.050000000000000044,0.029162311245563306,18733.848660604144,-29162.311245563305,TRUE,0.01042846258495916,10428.462584959161
2022-07-14,0.95,-0.03664511343286332,EWMA Gaussian,0.016703969252164465,0.050000000000000044,0.03664511343286332,16703.969252164465,-36645.11343286332,TRUE,0.019941144180698856,19941.144180698855
2022-09-23,0.95,-0.0179726517006224,EWMA Gaussian,0.016325534727680873,0.050000000000000044,0.0179726517006224,16325.534727680873,-17972.6517006224,TRUE,0.0016471169729415265,1647.1169729415265
2022-10-06,0.95,-0.026669744828812236,EWMA Gaussian,0.01808834900009078,0.050000000000000044,0.026669744828812236,18088.34900009078,-26669.744828812236,TRUE,0.008581395828721455,8581.395828721455
2022-10-07,0.95,-0.02061059695395665,EWMA Gaussian,0.020497676128242128,0.050000000000000044,0.02061059695395665,20497.67612824213,-20610.59695395665,TRUE,1.1292082571452353e-4,112.92082571452353
2022-10-11,0.95,-0.024613947740271775,EWMA Gaussian,0.02149170427026461,0.050000000000000044,0.024613947740271775,21491.70427026461,-24613.947740271775,TRUE,0.0031222434700071654,3122.2434700071653
2022-12-13,0.95,-0.016030062873390816,EWMA Gaussian,0.012948694018395126,0.050000000000000044,0.016030062873390816,12948.694018395126,-16030.062873390816,TRUE,0.00308136885499569,3081.3688549956896
2023-02-21,0.95,-0.01369752906673214,EWMA Gaussian,0.008690294126576691,0.050000000000000044,0.01369752906673214,8690.294126576691,-13697.52906673214,TRUE,0.005007234940155449,5007.234940155449
2023-02-28,0.95,-0.01038604081459334,EWMA Gaussian,0.009942051117448341,0.050000000000000044,0.01038604081459334,9942.051117448342,-10386.04081459334,TRUE,4.439896971449985e-4,443.9896971449985
2023-03-07,0.95,-0.013577082220020074,EWMA Gaussian,0.010299548203957266,0.050000000000000044,0.013577082220020074,10299.548203957267,-13577.082220020075,TRUE,0.0032775340160628077,3277.5340160628075
2023-03-09,0.95,-0.019585036590598456,EWMA Gaussian,0.011020040603806224,0.050000000000000044,0.019585036590598456,11020.040603806225,-19585.036590598454,TRUE,0.008564995986792232,8564.995986792232
2023-03-10,0.95,-0.02110718938113918,EWMA Gaussian,0.01324387377931424,0.050000000000000044,0.02110718938113918,13243.873779314239,-21107.189381139182,TRUE,0.007863315601824942,7863.315601824942
2023-03-13,0.95,-0.017514144276428962,EWMA Gaussian,0.015391147606495266,0.050000000000000044,0.017514144276428962,15391.147606495266,-17514.14427642896,TRUE,0.0021229966699336956,2122.9966699336956
2023-03-15,0.95,-0.020528485933378027,EWMA Gaussian,0.01635016713543354,0.050000000000000044,0.020528485933378027,16350.167135433541,-20528.485933378026,TRUE,0.004178318797944485,4178.318797944485
2023-04-25,0.95,-0.01898816163915762,EWMA Gaussian,0.01171782082480986,0.050000000000000044,0.01898816163915762,11717.82082480986,-18988.16163915762,TRUE,0.0072703408143477595,7270.340814347759
2023-05-02,0.95,-0.019332143615484576,EWMA Gaussian,0.01328871991967091,0.050000000000000044,0.019332143615484576,13288.71991967091,-19332.143615484576,TRUE,0.006043423695813666,6043.423695813666
2023-05-24,0.95,-0.019926056003202408,EWMA Gaussian,0.01438348004858391,0.050000000000000044,0.019926056003202408,14383.48004858391,-19926.056003202408,TRUE,0.005542575954618498,5542.575954618498
2023-07-06,0.95,-0.015154366830546032,EWMA Gaussian,0.014314484446265544,0.050000000000000044,0.015154366830546032,14314.484446265544,-15154.366830546032,TRUE,8.398823842804878e-4,839.8823842804877
2023-08-15,0.95,-0.020572830850598613,EWMA Gaussian,0.010629969998970404,0.050000000000000044,0.020572830850598613,10629.969998970404,-20572.830850598613,TRUE,0.009942860851628208,9942.86085162821
2023-09-21,0.95,-0.015484299801730012,EWMA Gaussian,0.012608375950924877,0.050000000000000044,0.015484299801730012,12608.375950924878,-15484.299801730012,TRUE,0.0028759238508051354,2875.9238508051353
2023-10-02,0.95,-0.02051623613951814,EWMA Gaussian,0.013889834165148392,0.050000000000000044,0.02051623613951814,13889.834165148392,-20516.23613951814,TRUE,0.006626401974369749,6626.401974369749
2023-10-03,0.95,-0.01812051081227733,EWMA Gaussian,0.0158476879908649,0.050000000000000044,0.01812051081227733,15847.687990864899,-18120.51081227733,TRUE,0.002272822821412432,2272.822821412432
2023-10-18,0.95,-0.019683064543652967,EWMA Gaussian,0.015571939359759888,0.050000000000000044,0.019683064543652967,15571.939359759888,-19683.064543652967,TRUE,0.004111125183893078,4111.125183893078
2023-10-20,0.95,-0.02523731281853081,EWMA Gaussian,0.016670531893129177,0.050000000000000044,0.02523731281853081,16670.531893129177,-25237.31281853081,TRUE,0.008566780925401633,8566.780925401634
2023-11-28,0.95,-0.016959082368901403,EWMA Gaussian,0.015685806436613707,0.050000000000000044,0.016959082368901403,15685.806436613708,-16959.082368901403,TRUE,0.0012732759322876958,1273.2759322876957
2024-02-13,0.95,-0.018585409359217948,EWMA Gaussian,0.011234704662639483,0.050000000000000044,0.018585409359217948,11234.704662639482,-18585.40935921795,TRUE,0.007350704696578465,7350.704696578465
2024-04-02,0.95,-0.01049284446207882,EWMA Gaussian,0.009531479656257775,0.050000000000000044,0.01049284446207882,9531.479656257774,-10492.844462078821,TRUE,9.613648058210463e-4,961.3648058210463
2024-04-10,0.95,-0.015088149247849104,EWMA Gaussian,0.009491920213794552,0.050000000000000044,0.015088149247849104,9491.920213794552,-15088.149247849104,TRUE,0.005596229034054552,5596.229034054552
2024-05-29,0.95,-0.02283991547821477,EWMA Gaussian,0.008739689478509413,0.050000000000000044,0.02283991547821477,8739.689478509414,-22839.915478214767,TRUE,0.014100225999705356,14100.225999705355
2024-08-01,0.95,-0.011672773506949933,EWMA Gaussian,0.009212443040057715,0.050000000000000044,0.011672773506949933,9212.443040057715,-11672.773506949932,TRUE,0.0024603304668922178,2460.330466892218
2024-08-02,0.95,-0.018752520281974328,EWMA Gaussian,0.010080620212349225,0.050000000000000044,0.018752520281974328,10080.620212349226,-18752.520281974328,TRUE,0.008671900069625102,8671.900069625102
2024-10-31,0.95,-0.011133806128044045,EWMA Gaussian,0.007081743588859494,0.050000000000000044,0.011133806128044045,7081.743588859494,-11133.806128044045,TRUE,0.0040520625391845515,4052.0625391845515
2024-12-18,0.95,-0.01243888971762791,EWMA Gaussian,0.005530974625544719,0.050000000000000044,0.01243888971762791,5530.974625544719,-12438.88971762791,TRUE,0.0069079150920831915,6907.915092083192
2025-01-10,0.95,-0.006874162469006129,EWMA Gaussian,0.0058907362867662485,0.050000000000000044,0.006874162469006129,5890.736286766249,-6874.162469006129,TRUE,9.834261822398802e-4,983.4261822398802
2025-01-31,0.95,-0.008004644043658173,EWMA Gaussian,0.006087303861704184,0.050000000000000044,0.008004644043658173,6087.303861704184,-8004.644043658172,TRUE,0.0019173401819539884,1917.3401819539883
2025-02-03,0.95,-0.021623538460132225,EWMA Gaussian,0.006673553540843182,0.050000000000000044,0.021623538460132225,6673.553540843182,-21623.538460132226,TRUE,0.014949984919289044,14949.984919289043
2025-03-04,0.95,-0.024599518021579243,EWMA Gaussian,0.009162282389353486,0.050000000000000044,0.024599518021579243,9162.282389353486,-24599.518021579242,TRUE,0.015437235632225757,15437.235632225756
2025-03-11,0.95,-0.015479442637656696,EWMA Gaussian,0.013277712018760325,0.050000000000000044,0.015479442637656696,13277.712018760325,-15479.442637656695,TRUE,0.0022017306188963706,2201.7306188963707
2025-03-28,0.95,-0.013358830577093398,EWMA Gaussian,0.012787036660898357,0.050000000000000044,0.013358830577093398,12787.036660898357,-13358.830577093398,TRUE,5.71793916195041e-4,571.793916195041
2025-04-03,0.95,-0.017283902790054873,EWMA Gaussian,0.013397347236295282,0.050000000000000044,0.017283902790054873,13397.347236295282,-17283.90279005487,TRUE,0.00388655555375959,3886.55555375959
2025-04-04,0.95,-0.03419233311848853,EWMA Gaussian,0.014692149684186164,0.050000000000000044,0.03419233311848853,14692.149684186164,-34192.33311848853,TRUE,0.019500183434302366,19500.183434302366
2025-04-07,0.95,-0.02403952475134694,EWMA Gaussian,0.019726088006499876,0.050000000000000044,0.02403952475134694,19726.088006499875,-24039.52475134694,TRUE,0.004313436744847063,4313.436744847063
2025-04-10,0.95,-0.029719183483297867,EWMA Gaussian,0.025376461047336794,0.050000000000000044,0.029719183483297867,25376.461047336794,-29719.183483297867,TRUE,0.004342722435961073,4342.722435961073
2025-10-08,0.95,-0.010506906643810819,EWMA Gaussian,0.006517981065535722,0.050000000000000044,0.010506906643810819,6517.981065535721,-10506.906643810818,TRUE,0.003988925578275097,3988.925578275097
2025-10-16,0.95,-0.014064910031599523,EWMA Gaussian,0.009135760457280895,0.050000000000000044,0.014064910031599523,9135.760457280896,-14064.910031599524,TRUE,0.004929149574318628,4929.149574318628
2025-10-29,0.95,-0.011279875302067236,EWMA Gaussian,0.009068831179884619,0.050000000000000044,0.011279875302067236,9068.831179884619,-11279.875302067236,TRUE,0.002211044122182617,2211.0441221826172
2025-11-13,0.95,-0.010541335321681536,EWMA Gaussian,0.009548844955605503,0.050000000000000044,0.010541335321681536,9548.844955605504,-10541.335321681536,TRUE,9.924903660760327e-4,992.4903660760327
2025-12-01,0.95,-0.009972893777601187,EWMA Gaussian,0.009180577459696875,0.050000000000000044,0.009972893777601187,9180.577459696875,-9972.893777601186,TRUE,7.923163179043118e-4,792.3163179043117
2026-01-06,0.95,-0.011102278543149841,EWMA Gaussian,0.010775885096551897,0.050000000000000044,0.011102278543149841,10775.885096551898,-11102.278543149841,TRUE,3.2639344659794386e-4,326.39344659794386
2026-01-20,0.95,-0.013269002227779306,EWMA Gaussian,0.008742004468717651,0.050000000000000044,0.013269002227779306,8742.00446871765,-13269.002227779307,TRUE,0.004526997759061655,4526.997759061655
2026-01-30,0.95,-0.011504502473792661,EWMA Gaussian,0.009627898466276595,0.050000000000000044,0.011504502473792661,9627.898466276594,-11504.502473792661,TRUE,0.0018766040075160664,1876.6040075160663
2026-02-12,0.95,-0.01475050885527925,EWMA Gaussian,0.011722368187353147,0.050000000000000044,0.01475050885527925,11722.368187353148,-14750.50885527925,TRUE,0.003028140667926102,3028.1406679261017
2026-02-27,0.95,-0.020740916145081906,EWMA Gaussian,0.01597926185789833,0.050000000000000044,0.020740916145081906,15979.261857898331,-20740.916145081905,TRUE,0.004761654287183576,4761.654287183576
2026-03-06,0.95,-0.017081335281713995,EWMA Gaussian,0.016891667804702682,0.050000000000000044,0.017081335281713995,16891.667804702683,-17081.335281713997,TRUE,1.896674770113134e-4,189.6674770113134
2026-03-26,0.95,-0.018690033297548144,EWMA Gaussian,0.017967933664810493,0.050000000000000044,0.018690033297548144,17967.933664810495,-18690.033297548143,TRUE,7.220996327376508e-4,722.0996327376508
2026-06-01,0.95,-0.015450400466893794,EWMA Gaussian,0.01520249276740484,0.050000000000000044,0.015450400466893794,15202.492767404841,-15450.400466893794,TRUE,2.479076994889532e-4,247.9076994889532
2026-07-02,0.95,-0.014356038479997946,EWMA Gaussian,0.012253758935715453,0.050000000000000044,0.014356038479997946,12253.758935715454,-14356.038479997946,TRUE,0.0021022795442824926,2102.2795442824927
2026-07-08,0.95,-0.02133759695753697,EWMA Gaussian,0.012846990264261294,0.050000000000000044,0.02133759695753697,12846.990264261294,-21337.59695753697,TRUE,0.008490606693275676,8490.606693275677
2017-02-24,0.95,-0.014238157070220152,"GARCH(1,1) Gaussian",0.006808762868923122,0.050000000000000044,0.014238157070220152,6808.762868923122,-14238.157070220152,TRUE,0.00742939420129703,7429.39420129703
2017-03-10,0.95,-0.011884805614253813,"GARCH(1,1) Gaussian",0.010008423282409987,0.050000000000000044,0.011884805614253813,10008.423282409987,-11884.805614253813,TRUE,0.001876382331843826,1876.382331843826
2017-03-21,0.95,-0.01127908540988378,"GARCH(1,1) Gaussian",0.010840626023568516,0.050000000000000044,0.01127908540988378,10840.626023568517,-11279.085409883779,TRUE,4.384593863152632e-4,438.4593863152632
2017-04-13,0.95,-0.01087692135000758,"GARCH(1,1) Gaussian",0.009548990065528751,0.050000000000000044,0.01087692135000758,9548.990065528751,-10876.92135000758,TRUE,0.0013279312844788286,1327.9312844788285
2017-04-26,0.95,-0.018181603321439456,"GARCH(1,1) Gaussian",0.011735258577944786,0.050000000000000044,0.018181603321439456,11735.258577944785,-18181.603321439456,TRUE,0.00644634474349467,6446.34474349467
2017-04-27,0.95,-0.01965787039200567,"GARCH(1,1) Gaussian",0.014728012490353461,0.050000000000000044,0.01965787039200567,14728.012490353462,-19657.87039200567,TRUE,0.004929857901652207,4929.857901652207
2017-05-17,0.95,-0.017045814122737236,"GARCH(1,1) Gaussian",0.013449225312003215,0.050000000000000044,0.017045814122737236,13449.225312003215,-17045.814122737236,TRUE,0.003596588810734021,3596.588810734021
2017-08-10,0.95,-0.012015848809546998,"GARCH(1,1) Gaussian",0.006691939855654373,0.050000000000000044,0.012015848809546998,6691.939855654373,-12015.848809546998,TRUE,0.005323908953892625,5323.9089538926255
2017-09-05,0.95,-0.0089840797358741,"GARCH(1,1) Gaussian",0.008023504704574164,0.050000000000000044,0.0089840797358741,8023.504704574164,-8984.0797358741,TRUE,9.605750312999366e-4,960.5750312999365
2017-12-05,0.95,-0.0064733575081728865,"GARCH(1,1) Gaussian",0.00587915045321217,0.050000000000000044,0.0064733575081728865,5879.15045321217,-6473.357508172887,TRUE,5.942070549607168e-4,594.2070549607167
2018-02-02,0.95,-0.011536641763030726,"GARCH(1,1) Gaussian",0.005718375618112154,0.050000000000000044,0.011536641763030726,5718.3756181121535,-11536.641763030726,TRUE,0.005818266144918572,5818.266144918572
2018-02-05,0.95,-0.025088785615633786,"GARCH(1,1) Gaussian",0.008211231982262859,0.050000000000000044,0.025088785615633786,8211.23198226286,-25088.785615633788,TRUE,0.01687755363337093,16877.553633370928
2018-02-08,0.95,-0.019329394732978806,"GARCH(1,1) Gaussian",0.013298341203219769,0.050000000000000044,0.019329394732978806,13298.341203219768,-19329.394732978806,TRUE,0.006031053529759037,6031.053529759037
2018-02-28,0.95,-0.014454224682231174,"GARCH(1,1) Gaussian",0.01006675521287262,0.050000000000000044,0.014454224682231174,10066.75521287262,-14454.224682231174,TRUE,0.0043874694693585535,4387.469469358553
2018-03-22,0.95,-0.015174352502188328,"GARCH(1,1) Gaussian",0.005953748154963422,0.050000000000000044,0.015174352502188328,5953.748154963422,-15174.352502188327,TRUE,0.009220604347224905,9220.604347224906
2018-03-23,0.95,-0.017686648132303785,"GARCH(1,1) Gaussian",0.010485126956399372,0.050000000000000044,0.017686648132303785,10485.126956399372,-17686.648132303784,TRUE,0.007201521175904413,7201.521175904413
2018-04-11,0.95,-0.009073411811518956,"GARCH(1,1) Gaussian",0.008884883476021418,0.050000000000000044,0.009073411811518956,8884.883476021418,-9073.411811518956,TRUE,1.8852833549753804e-4,188.52833549753805
2018-05-29,0.95,-0.019639960639575384,"GARCH(1,1) Gaussian",0.006528619685094991,0.050000000000000044,0.019639960639575384,6528.619685094992,-19639.960639575384,TRUE,0.013111340954480393,13111.340954480393
2018-06-25,0.95,-0.013481004164221062,"GARCH(1,1) Gaussian",0.006895713284017517,0.050000000000000044,0.013481004164221062,6895.713284017517,-13481.004164221062,TRUE,0.006585290880203544,6585.2908802035445
2018-08-07,0.95,-0.006713949039381717,"GARCH(1,1) Gaussian",0.005295171432222153,0.050000000000000044,0.006713949039381717,5295.171432222152,-6713.949039381717,TRUE,0.0014187776071595644,1418.7776071595642
2018-09-12,0.95,-0.006411386900898393,"GARCH(1,1) Gaussian",0.005447487646186811,0.050000000000000044,0.006411386900898393,5447.487646186811,-6411.386900898393,TRUE,9.638992547115824e-4,963.8992547115824
2018-09-25,0.95,-0.005815010270331156,"GARCH(1,1) Gaussian",0.005666026757146054,0.050000000000000044,0.005815010270331156,5666.0267571460545,-5815.010270331156,TRUE,1.4898351318510129e-4,148.9835131851013
2018-09-28,0.95,-0.009907634521581924,"GARCH(1,1) Gaussian",0.00624065710283928,0.050000000000000044,0.009907634521581924,6240.65710283928,-9907.634521581924,TRUE,0.003666977418742644,3666.9774187426437
2018-10-10,0.95,-0.011694528724469022,"GARCH(1,1) Gaussian",0.007381180253674099,0.050000000000000044,0.011694528724469022,7381.1802536741,-11694.528724469023,TRUE,0.004313348470794923,4313.348470794923
2018-10-11,0.95,-0.021697648646396797,"GARCH(1,1) Gaussian",0.011170355473733353,0.050000000000000044,0.021697648646396797,11170.355473733352,-21697.648646396796,TRUE,0.010527293172663444,10527.293172663445
2018-10-24,0.95,-0.022780004307335656,"GARCH(1,1) Gaussian",0.008410014785740447,0.050000000000000044,0.022780004307335656,8410.014785740446,-22780.004307335657,TRUE,0.01436998952159521,14369.98952159521
2018-11-19,0.95,-0.007331308721245007,"GARCH(1,1) Gaussian",0.007156871397389748,0.050000000000000044,0.007331308721245007,7156.871397389748,-7331.308721245007,TRUE,1.7443732385525896e-4,174.43732385525897
2018-11-20,0.95,-0.013595310262247806,"GARCH(1,1) Gaussian",0.008646309286816709,0.050000000000000044,0.013595310262247806,8646.30928681671,-13595.310262247805,TRUE,0.004949000975431097,4949.000975431098
2018-12-04,0.95,-0.01530526150614982,"GARCH(1,1) Gaussian",0.01038271827500669,0.050000000000000044,0.01530526150614982,10382.71827500669,-15305.26150614982,TRUE,0.00492254323114313,4922.5432311431305
2018-12-06,0.95,-0.013128068792802186,"GARCH(1,1) Gaussian",0.01247169167947526,0.050000000000000044,0.013128068792802186,12471.691679475261,-13128.068792802187,TRUE,6.563771133269256e-4,656.3771133269256
2018-12-17,0.95,-0.010725033211409699,"GARCH(1,1) Gaussian",0.008224369626506854,0.050000000000000044,0.010725033211409699,8224.369626506854,-10725.033211409698,TRUE,0.002500663584902845,2500.6635849028453
2018-12-19,0.95,-0.01096695721231535,"GARCH(1,1) Gaussian",0.009573215963975076,0.050000000000000044,0.01096695721231535,9573.215963975077,-10966.95721231535,TRUE,0.0013937412483402741,1393.741248340274
2018-12-21,0.95,-0.01904019198150388,"GARCH(1,1) Gaussian",0.012242494510362724,0.050000000000000044,0.01904019198150388,12242.494510362723,-19040.19198150388,TRUE,0.006797697471141156,6797.697471141156
2019-02-28,0.95,-0.008859378374506401,"GARCH(1,1) Gaussian",0.006440269438601938,0.050000000000000044,0.008859378374506401,6440.2694386019375,-8859.378374506401,TRUE,0.002419108935904463,2419.108935904463
2019-03-22,0.95,-0.012555763495424735,"GARCH(1,1) Gaussian",0.008602777223178629,0.050000000000000044,0.012555763495424735,8602.77722317863,-12555.763495424735,TRUE,0.003952986272246106,3952.986272246106
2019-05-07,0.95,-0.007240646427238188,"GARCH(1,1) Gaussian",0.005697891576454449,0.050000000000000044,0.007240646427238188,5697.891576454449,-7240.646427238188,TRUE,0.001542754850783739,1542.754850783739
2019-05-13,0.95,-0.011102214712841488,"GARCH(1,1) Gaussian",0.0073941020392208805,0.050000000000000044,0.011102214712841488,7394.10203922088,-11102.214712841487,TRUE,0.0037081126736206076,3708.1126736206074
2019-05-22,0.95,-0.01123255045705899,"GARCH(1,1) Gaussian",0.00756000704003413,0.050000000000000044,0.01123255045705899,7560.00704003413,-11232.550457058991,TRUE,0.0036725434170248603,3672.5434170248604
2019-05-23,0.95,-0.012224422577591116,"GARCH(1,1) Gaussian",0.010671402988601907,0.050000000000000044,0.012224422577591116,10671.402988601907,-12224.422577591116,TRUE,0.001553019588989209,1553.019588989209
2019-05-29,0.95,-0.011429294498847923,"GARCH(1,1) Gaussian",0.01044211828147476,0.050000000000000044,0.011429294498847923,10442.11828147476,-11429.294498847923,TRUE,9.871762173731622e-4,987.1762173731622
2019-06-12,0.95,-0.007888715917196086,"GARCH(1,1) Gaussian",0.007658900758032791,0.050000000000000044,0.007888715917196086,7658.900758032791,-7888.715917196086,TRUE,2.2981515916329492e-4,229.81515916329494
2019-08-01,0.95,-0.01015525813962929,"GARCH(1,1) Gaussian",0.006074829258362665,0.050000000000000044,0.01015525813962929,6074.829258362665,-10155.25813962929,TRUE,0.0040804288812666244,4080.4288812666246
2019-08-06,0.95,-0.013530855340670165,"GARCH(1,1) Gaussian",0.00990233454847434,0.050000000000000044,0.013530855340670165,9902.334548474339,-13530.855340670165,TRUE,0.003628520792195826,3628.520792195826
2019-08-14,0.95,-0.020297529364242006,"GARCH(1,1) Gaussian",0.010119465129392193,0.050000000000000044,0.020297529364242006,10119.465129392192,-20297.529364242007,TRUE,0.010178064234849814,10178.064234849813
2019-08-23,0.95,-0.01416348235966358,"GARCH(1,1) Gaussian",0.011789551896526314,0.050000000000000044,0.01416348235966358,11789.551896526315,-14163.48235966358,TRUE,0.002373930463137266,2373.930463137266
2019-10-01,0.95,-0.00870682658497901,"GARCH(1,1) Gaussian",0.006162470444200071,0.050000000000000044,0.00870682658497901,6162.47044420007,-8706.826584979011,TRUE,0.00254435614077894,2544.35614077894
2019-10-02,0.95,-0.013728409730958659,"GARCH(1,1) Gaussian",0.00856380398249141,0.050000000000000044,0.013728409730958659,8563.80398249141,-13728.409730958658,TRUE,0.005164605748467249,5164.605748467249
2019-12-02,0.95,-0.005847589325106742,"GARCH(1,1) Gaussian",0.00541433691110217,0.050000000000000044,0.005847589325106742,5414.33691110217,-5847.589325106742,TRUE,4.3325241400457223e-4,433.25241400457224
2019-12-03,0.95,-0.009063636850500415,"GARCH(1,1) Gaussian",0.0069695048765999875,0.050000000000000044,0.009063636850500415,6969.504876599987,-9063.636850500416,TRUE,0.0020941319739004273,2094.131973900427
2019-12-05,0.95,-0.010745028605837129,"GARCH(1,1) Gaussian",0.00848851946243423,0.050000000000000044,0.010745028605837129,8488.51946243423,-10745.02860583713,TRUE,0.0022565091434028992,2256.509143402899
2019-12-18,0.95,-0.006656659284437575,"GARCH(1,1) Gaussian",0.006272526102961164,0.050000000000000044,0.006656659284437575,6272.526102961165,-6656.659284437575,TRUE,3.8413318147641033e-4,384.13318147641036
2020-01-31,0.95,-0.00954408294278721,"GARCH(1,1) Gaussian",0.005691327507099825,0.050000000000000044,0.00954408294278721,5691.327507099825,-9544.08294278721,TRUE,0.003852755435687385,3852.7554356873848
2020-02-24,0.95,-0.01222052849371861,"GARCH(1,1) Gaussian",0.005744974065337957,0.050000000000000044,0.01222052849371861,5744.974065337957,-12220.528493718612,TRUE,0.0064755544283806536,6475.554428380654
2020-02-25,0.95,-0.015397862411281235,"GARCH(1,1) Gaussian",0.009767379115867367,0.050000000000000044,0.015397862411281235,9767.379115867367,-15397.862411281234,TRUE,0.005630483295413867,5630.483295413867
2020-02-27,0.95,-0.022189328872467214,"GARCH(1,1) Gaussian",0.012809759534561833,0.050000000000000044,0.022189328872467214,12809.759534561832,-22189.328872467213,TRUE,0.009379569337905382,9379.569337905381
2020-02-28,0.95,-0.022492636138809065,"GARCH(1,1) Gaussian",0.018516774789288662,0.050000000000000044,0.022492636138809065,18516.774789288662,-22492.636138809066,TRUE,0.003975861349520403,3975.8613495204027
2020-03-05,0.95,-0.02556800802057853,"GARCH(1,1) Gaussian",0.020898373882786897,0.050000000000000044,0.02556800802057853,20898.3738827869,-25568.00802057853,TRUE,0.004669634137791635,4669.634137791634
2020-03-06,0.95,-0.033444623174640545,"GARCH(1,1) Gaussian",0.024976242244128283,0.050000000000000044,0.033444623174640545,24976.242244128283,-33444.62317464055,TRUE,0.008468380930512262,8468.380930512261
2020-03-09,0.95,-0.11843846161163316,"GARCH(1,1) Gaussian",0.0310706587173409,0.050000000000000044,0.11843846161163316,31070.6587173409,-118438.46161163316,TRUE,0.08736780289429226,87367.80289429225
2020-03-12,0.95,-0.13435474785949877,"GARCH(1,1) Gaussian",0.08607331824573422,0.050000000000000044,0.13435474785949877,86073.31824573422,-134354.74785949878,TRUE,0.048281429613764554,48281.42961376455
2020-04-15,0.95,-0.036579363156455005,"GARCH(1,1) Gaussian",0.0342978075337599,0.050000000000000044,0.036579363156455005,34297.8075337599,-36579.36315645501,TRUE,0.0022815556226951084,2281.5556226951085
2020-05-13,0.95,-0.03980220951699303,"GARCH(1,1) Gaussian",0.02464558114195844,0.050000000000000044,0.03980220951699303,24645.581141958442,-39802.20951699303,TRUE,0.015156628375034589,15156.628375034588
2020-06-11,0.95,-0.04191612370110864,"GARCH(1,1) Gaussian",0.02855915845859099,0.050000000000000044,0.04191612370110864,28559.158458590988,-41916.12370110864,TRUE,0.013356965242517654,13356.965242517654
2020-06-24,0.95,-0.01809181010524456,"GARCH(1,1) Gaussian",0.014258663160441217,0.050000000000000044,0.01809181010524456,14258.663160441218,-18091.81010524456,TRUE,0.0038331469448033423,3833.146944803342
2020-06-26,0.95,-0.02495257603748452,"GARCH(1,1) Gaussian",0.018001429185758498,0.050000000000000044,0.02495257603748452,18001.429185758498,-24952.57603748452,TRUE,0.006951146851726021,6951.146851726021
2020-07-07,0.95,-0.017022443839708558,"GARCH(1,1) Gaussian",0.015013626082782247,0.050000000000000044,0.017022443839708558,15013.626082782246,-17022.443839708558,TRUE,0.002008817756926311,2008.8177569263112
2020-07-31,0.95,-0.011278335077132402,"GARCH(1,1) Gaussian",0.010036200185872875,0.050000000000000044,0.011278335077132402,10036.200185872874,-11278.335077132402,TRUE,0.0012421348912595269,1242.134891259527
2020-09-21,0.95,-0.012563734475886969,"GARCH(1,1) Gaussian",0.01159492818593089,0.050000000000000044,0.012563734475886969,11594.92818593089,-12563.73447588697,TRUE,9.688062899560791e-4,968.8062899560791
2020-10-19,0.95,-0.01042755865127461,"GARCH(1,1) Gaussian",0.010014328822459588,0.050000000000000044,0.01042755865127461,10014.328822459587,-10427.55865127461,TRUE,4.132298288150229e-4,413.22982881502287
2020-10-26,0.95,-0.01271448833022426,"GARCH(1,1) Gaussian",0.012098989588547058,0.050000000000000044,0.01271448833022426,12098.989588547058,-12714.488330224262,TRUE,6.154987416772031e-4,615.498741677203
2020-10-27,0.95,-0.016828164080704033,"GARCH(1,1) Gaussian",0.015338017572324721,0.050000000000000044,0.016828164080704033,15338.017572324721,-16828.164080704035,TRUE,0.001490146508379312,1490.146508379312
2020-10-28,0.95,-0.022665793873276698,"GARCH(1,1) Gaussian",0.020504097070537686,0.050000000000000044,0.022665793873276698,20504.097070537686,-22665.793873276696,TRUE,0.002161696802739012,2161.6968027390117
2020-11-30,0.95,-0.023291803539919827,"GARCH(1,1) Gaussian",0.012101508361372935,0.050000000000000044,0.023291803539919827,12101.508361372935,-23291.803539919827,TRUE,0.011190295178546892,11190.295178546892
2021-01-27,0.95,-0.010946940542237306,"GARCH(1,1) Gaussian",0.007591569165465134,0.050000000000000044,0.010946940542237306,7591.569165465134,-10946.940542237306,TRUE,0.003355371376772172,3355.371376772172
2021-01-29,0.95,-0.017879868461810257,"GARCH(1,1) Gaussian",0.013066058165954448,0.050000000000000044,0.017879868461810257,13066.058165954448,-17879.868461810256,TRUE,0.0048138102958558086,4813.810295855808
2021-03-31,0.95,-0.009048317807373992,"GARCH(1,1) Gaussian",0.007816082332395557,0.050000000000000044,0.009048317807373992,7816.082332395557,-9048.317807373993,TRUE,0.001232235474978435,1232.235474978435
2021-04-13,0.95,-0.007154118380823988,"GARCH(1,1) Gaussian",0.007128639525759017,0.050000000000000044,0.007154118380823988,7128.6395257590175,-7154.1183808239875,TRUE,2.547885506497087e-5,25.47885506497087
2021-06-28,0.95,-0.008713093112751442,"GARCH(1,1) Gaussian",0.007516304694550128,0.050000000000000044,0.008713093112751442,7516.304694550128,-8713.093112751441,TRUE,0.0011967884182013137,1196.7884182013138
2021-07-08,0.95,-0.01345857319948653,"GARCH(1,1) Gaussian",0.0070294103741772385,0.050000000000000044,0.01345857319948653,7029.410374177239,-13458.57319948653,TRUE,0.006429162825309291,6429.162825309291
2021-07-19,0.95,-0.02104688982237631,"GARCH(1,1) Gaussian",0.010720676190205633,0.050000000000000044,0.02104688982237631,10720.676190205633,-21046.88982237631,TRUE,0.010326213632170676,10326.213632170677
2021-08-26,0.95,-0.013452296059776752,"GARCH(1,1) Gaussian",0.007067754365119176,0.050000000000000044,0.013452296059776752,7067.754365119176,-13452.296059776752,TRUE,0.006384541694657576,6384.541694657576
2021-09-14,0.95,-0.0065320327526514985,"GARCH(1,1) Gaussian",0.006132841559042072,0.050000000000000044,0.0065320327526514985,6132.841559042072,-6532.032752651498,TRUE,3.9919119360942636e-4,399.19119360942636
2021-09-17,0.95,-0.00853924822959647,"GARCH(1,1) Gaussian",0.008435826733037003,0.050000000000000044,0.00853924822959647,8435.826733037004,-8539.24822959647,TRUE,1.0342149655946653e-4,103.42149655946653
2021-09-20,0.95,-0.016977044168322127,"GARCH(1,1) Gaussian",0.011456031850543473,0.050000000000000044,0.016977044168322127,11456.031850543473,-16977.04416832213,TRUE,0.005521012317778655,5521.0123177786545
2021-10-29,0.95,-0.01150020733730528,"GARCH(1,1) Gaussian",0.009139620524961825,0.050000000000000044,0.01150020733730528,9139.620524961825,-11500.207337305279,TRUE,0.0023605868123434542,2360.5868123434543
2021-11-26,0.95,-0.019295545866491754,"GARCH(1,1) Gaussian",0.00787917616966871,0.050000000000000044,0.019295545866491754,7879.17616966871,-19295.545866491753,TRUE,0.011416369696823045,11416.369696823045
2021-11-30,0.95,-0.02658741803894691,"GARCH(1,1) Gaussian",0.018332955948542028,0.050000000000000044,0.02658741803894691,18332.95594854203,-26587.41803894691,TRUE,0.008254462090404882,8254.462090404882
2022-01-19,0.95,-0.015546936114265664,"GARCH(1,1) Gaussian",0.01471729531407923,0.050000000000000044,0.015546936114265664,14717.295314079229,-15546.936114265663,TRUE,8.29640800186434e-4,829.640800186434
2022-02-14,0.95,-0.00965490433233196,"GARCH(1,1) Gaussian",0.009544520574683923,0.050000000000000044,0.00965490433233196,9544.520574683922,-9654.90433233196,TRUE,1.1038375764803668e-4,110.38375764803668
2022-02-17,0.95,-0.015545959880037208,"GARCH(1,1) Gaussian",0.010239110273416719,0.050000000000000044,0.015545959880037208,10239.11027341672,-15545.959880037208,TRUE,0.005306849606620489,5306.849606620489
2022-02-24,0.95,-0.019661471969042534,"GARCH(1,1) Gaussian",0.015850805855585803,0.050000000000000044,0.019661471969042534,15850.805855585802,-19661.471969042534,TRUE,0.003810666113456731,3810.6661134567307
2022-03-23,0.95,-0.025688996624534256,"GARCH(1,1) Gaussian",0.010475386281972688,0.050000000000000044,0.025688996624534256,10475.386281972687,-25688.996624534255,TRUE,0.015213610342561568,15213.610342561567
2022-03-31,0.95,-0.016705062205896643,"GARCH(1,1) Gaussian",0.012697119286731801,0.050000000000000044,0.016705062205896643,12697.1192867318,-16705.062205896644,TRUE,0.004007942919164842,4007.942919164842
2022-04-22,0.95,-0.020685931161574484,"GARCH(1,1) Gaussian",0.011520270939154307,0.050000000000000044,0.020685931161574484,11520.270939154307,-20685.931161574485,TRUE,0.009165660222420177,9165.660222420176
2022-05-18,0.95,-0.016534488422213535,"GARCH(1,1) Gaussian",0.014905551754400111,0.050000000000000044,0.016534488422213535,14905.55175440011,-16534.488422213533,TRUE,0.0016289366678134236,1628.9366678134236
2022-06-09,0.95,-0.014440445695179603,"GARCH(1,1) Gaussian",0.011303817568327023,0.050000000000000044,0.014440445695179603,11303.817568327024,-14440.445695179602,TRUE,0.0031366281268525795,3136.6281268525795
2022-06-10,0.95,-0.019196020863742686,"GARCH(1,1) Gaussian",0.013750906944028992,0.050000000000000044,0.019196020863742686,13750.906944028993,-19196.020863742688,TRUE,0.005445113919713694,5445.113919713694
2022-06-13,0.95,-0.018139471177794665,"GARCH(1,1) Gaussian",0.017141756573115632,0.050000000000000044,0.018139471177794665,17141.756573115632,-18139.471177794665,TRUE,9.977146046790328e-4,997.7146046790327
2022-06-16,0.95,-0.02822756167805516,"GARCH(1,1) Gaussian",0.016837115703407502,0.050000000000000044,0.02822756167805516,16837.1157034075,-28227.561678055157,TRUE,0.011390445974647657,11390.445974647657
2022-06-23,0.95,-0.029162311245563306,"GARCH(1,1) Gaussian",0.01953332128209628,0.050000000000000044,0.029162311245563306,19533.32128209628,-29162.311245563305,TRUE,0.009628989963467026,9628.989963467026
2022-07-13,0.95,-0.012623475996367279,"GARCH(1,1) Gaussian",0.012236925525219041,0.050000000000000044,0.012623475996367279,12236.925525219041,-12623.475996367279,TRUE,3.865504711482379e-4,386.5504711482379
2022-07-14,0.95,-0.03664511343286332,"GARCH(1,1) Gaussian",0.014010985719584278,0.050000000000000044,0.03664511343286332,14010.985719584278,-36645.11343286332,TRUE,0.022634127713279044,22634.127713279046
2022-08-22,0.95,-0.012822467250553155,"GARCH(1,1) Gaussian",0.01238337083419065,0.050000000000000044,0.012822467250553155,12383.37083419065,-12822.467250553154,TRUE,4.3909641636250517e-4,439.0964163625052
2022-08-24,0.95,-0.015495699606510593,"GARCH(1,1) Gaussian",0.014834117403194952,0.050000000000000044,0.015495699606510593,14834.117403194952,-15495.699606510594,TRUE,6.615822033156412e-4,661.5822033156412
2022-09-23,0.95,-0.0179726517006224,"GARCH(1,1) Gaussian",0.01506695004753188,0.050000000000000044,0.0179726517006224,15066.95004753188,-17972.6517006224,TRUE,0.0029057016530905193,2905.7016530905194
2022-10-06,0.95,-0.026669744828812236,"GARCH(1,1) Gaussian",0.017875750361125053,0.050000000000000044,0.026669744828812236,17875.750361125054,-26669.744828812236,TRUE,0.008793994467687184,8793.994467687184
2022-10-11,0.95,-0.024613947740271775,"GARCH(1,1) Gaussian",0.023538914553345346,0.050000000000000044,0.024613947740271775,23538.914553345345,-24613.947740271775,TRUE,0.0010750331869264287,1075.0331869264287
2022-12-13,0.95,-0.016030062873390816,"GARCH(1,1) Gaussian",0.011260042193546193,0.050000000000000044,0.016030062873390816,11260.042193546193,-16030.062873390816,TRUE,0.004770020679844623,4770.020679844623
2023-02-21,0.95,-0.01369752906673214,"GARCH(1,1) Gaussian",0.008209268062925802,0.050000000000000044,0.01369752906673214,8209.268062925803,-13697.52906673214,TRUE,0.005488261003806338,5488.2610038063385
2023-03-07,0.95,-0.013577082220020074,"GARCH(1,1) Gaussian",0.010804775613084003,0.050000000000000044,0.013577082220020074,10804.775613084003,-13577.082220020075,TRUE,0.0027723066069360713,2772.306606936071
2023-03-09,0.95,-0.019585036590598456,"GARCH(1,1) Gaussian",0.011894853788663291,0.050000000000000044,0.019585036590598456,11894.853788663291,-19585.036590598454,TRUE,0.007690182801935164,7690.182801935164
2023-03-10,0.95,-0.02110718938113918,"GARCH(1,1) Gaussian",0.015065799349931335,0.050000000000000044,0.02110718938113918,15065.799349931334,-21107.189381139182,TRUE,0.006041390031207846,6041.390031207846
2023-03-15,0.95,-0.020528485933378027,"GARCH(1,1) Gaussian",0.01843083877984563,0.050000000000000044,0.020528485933378027,18430.83877984563,-20528.485933378026,TRUE,0.0020976471535323962,2097.6471535323963
2023-04-25,0.95,-0.01898816163915762,"GARCH(1,1) Gaussian",0.010263287832871398,0.050000000000000044,0.01898816163915762,10263.287832871398,-18988.16163915762,TRUE,0.008724873806286221,8724.873806286221
2023-05-02,0.95,-0.019332143615484576,"GARCH(1,1) Gaussian",0.013114487398081097,0.050000000000000044,0.019332143615484576,13114.487398081097,-19332.143615484576,TRUE,0.006217656217403479,6217.656217403479
2023-05-16,0.95,-0.014769342404958955,"GARCH(1,1) Gaussian",0.013026577287720208,0.050000000000000044,0.014769342404958955,13026.577287720209,-14769.342404958954,TRUE,0.0017427651172387468,1742.7651172387468
2023-05-24,0.95,-0.019926056003202408,"GARCH(1,1) Gaussian",0.012547937612567232,0.050000000000000044,0.019926056003202408,12547.937612567232,-19926.056003202408,TRUE,0.0073781183906351765,7378.118390635176
2023-07-06,0.95,-0.015154366830546032,"GARCH(1,1) Gaussian",0.012678032617183147,0.050000000000000044,0.015154366830546032,12678.032617183148,-15154.366830546032,TRUE,0.002476334213362885,2476.334213362885
2023-08-15,0.95,-0.020572830850598613,"GARCH(1,1) Gaussian",0.012031625948876365,0.050000000000000044,0.020572830850598613,12031.625948876364,-20572.830850598613,TRUE,0.008541204901722247,8541.204901722247
2023-09-21,0.95,-0.015484299801730012,"GARCH(1,1) Gaussian",0.013466062434509431,0.050000000000000044,0.015484299801730012,13466.062434509431,-15484.299801730012,TRUE,0.002018237367220581,2018.2373672205813
2023-10-02,0.95,-0.02051623613951814,"GARCH(1,1) Gaussian",0.015226867396849142,0.050000000000000044,0.02051623613951814,15226.867396849142,-20516.23613951814,TRUE,0.005289368742668998,5289.3687426689985
2023-10-18,0.95,-0.019683064543652967,"GARCH(1,1) Gaussian",0.014964341200755656,0.050000000000000044,0.019683064543652967,14964.341200755656,-19683.064543652967,TRUE,0.0047187233428973106,4718.72334289731
2023-10-20,0.95,-0.02523731281853081,"GARCH(1,1) Gaussian",0.01674493901114125,0.050000000000000044,0.02523731281853081,16744.93901114125,-25237.31281853081,TRUE,0.008492373807389559,8492.373807389558
2023-11-28,0.95,-0.016959082368901403,"GARCH(1,1) Gaussian",0.014131378455982321,0.050000000000000044,0.016959082368901403,14131.378455982322,-16959.082368901403,TRUE,0.0028277039129190815,2827.7039129190816
2024-02-13,0.95,-0.018585409359217948,"GARCH(1,1) Gaussian",0.01420328284077497,0.050000000000000044,0.018585409359217948,14203.28284077497,-18585.40935921795,TRUE,0.004382126518442978,4382.126518442978
2024-04-10,0.95,-0.015088149247849104,"GARCH(1,1) Gaussian",0.011797233323806606,0.050000000000000044,0.015088149247849104,11797.233323806606,-15088.149247849104,TRUE,0.003290915924042499,3290.9159240424988
2024-05-29,0.95,-0.02283991547821477,"GARCH(1,1) Gaussian",0.011124465576875358,0.050000000000000044,0.02283991547821477,11124.465576875358,-22839.915478214767,TRUE,0.01171544990133941,11715.44990133941
2024-08-01,0.95,-0.011672773506949933,"GARCH(1,1) Gaussian",0.010414374455373061,0.050000000000000044,0.011672773506949933,10414.374455373061,-11672.773506949932,TRUE,0.0012583990515768716,1258.3990515768717
2024-08-02,0.95,-0.018752520281974328,"GARCH(1,1) Gaussian",0.011765925536536676,0.050000000000000044,0.018752520281974328,11765.925536536677,-18752.520281974328,TRUE,0.006986594745437651,6986.594745437651
2024-10-31,0.95,-0.011133806128044045,"GARCH(1,1) Gaussian",0.009400025565889002,0.050000000000000044,0.011133806128044045,9400.025565889002,-11133.806128044045,TRUE,0.0017337805621550437,1733.7805621550438
2024-12-18,0.95,-0.01243888971762791,"GARCH(1,1) Gaussian",0.006896619345572896,0.050000000000000044,0.01243888971762791,6896.619345572896,-12438.88971762791,TRUE,0.005542270372055014,5542.2703720550135
2025-01-31,0.95,-0.008004644043658173,"GARCH(1,1) Gaussian",0.007072895753654655,0.050000000000000044,0.008004644043658173,7072.895753654655,-8004.644043658172,TRUE,9.317482900035173e-4,931.7482900035174
2025-02-03,0.95,-0.021623538460132225,"GARCH(1,1) Gaussian",0.007674480529023274,0.050000000000000044,0.021623538460132225,7674.480529023274,-21623.538460132226,TRUE,0.013949057931108951,13949.057931108951
2025-03-04,0.95,-0.024599518021579243,"GARCH(1,1) Gaussian",0.009812400017000445,0.050000000000000044,0.024599518021579243,9812.400017000446,-24599.518021579242,TRUE,0.014787118004578798,14787.118004578797
2025-03-11,0.95,-0.015479442637656696,"GARCH(1,1) Gaussian",0.01303722268470173,0.050000000000000044,0.015479442637656696,13037.22268470173,-15479.442637656695,TRUE,0.0024422199529549656,2442.2199529549657
2025-03-28,0.95,-0.013358830577093398,"GARCH(1,1) Gaussian",0.012640611588225398,0.050000000000000044,0.013358830577093398,12640.611588225398,-13358.830577093398,TRUE,7.182189888679993e-4,718.2189888679993
2025-04-03,0.95,-0.017283902790054873,"GARCH(1,1) Gaussian",0.013157050171413033,0.050000000000000044,0.017283902790054873,13157.050171413033,-17283.90279005487,TRUE,0.0041268526186418394,4126.852618641839
2025-04-04,0.95,-0.03419233311848853,"GARCH(1,1) Gaussian",0.014533077824950487,0.050000000000000044,0.03419233311848853,14533.077824950487,-34192.33311848853,TRUE,0.01965925529353804,19659.25529353804
2025-04-07,0.95,-0.02403952475134694,"GARCH(1,1) Gaussian",0.019595332727747546,0.050000000000000044,0.02403952475134694,19595.332727747547,-24039.52475134694,TRUE,0.004444192023599393,4444.192023599393
2025-04-10,0.95,-0.029719183483297867,"GARCH(1,1) Gaussian",0.024743499443773777,0.050000000000000044,0.029719183483297867,24743.499443773777,-29719.183483297867,TRUE,0.00497568403952409,4975.68403952409
2025-10-08,0.95,-0.010506906643810819,"GARCH(1,1) Gaussian",0.006596081746076462,0.050000000000000044,0.010506906643810819,6596.081746076462,-10506.906643810818,TRUE,0.003910824897734357,3910.824897734357
2025-10-16,0.95,-0.014064910031599523,"GARCH(1,1) Gaussian",0.012390541115961037,0.050000000000000044,0.014064910031599523,12390.541115961038,-14064.910031599524,TRUE,0.001674368915638486,1674.368915638486
2025-10-29,0.95,-0.011279875302067236,"GARCH(1,1) Gaussian",0.007623694649106251,0.050000000000000044,0.011279875302067236,7623.694649106251,-11279.875302067236,TRUE,0.003656180652960985,3656.180652960985
2025-12-01,0.95,-0.009972893777601187,"GARCH(1,1) Gaussian",0.006929873561301164,0.050000000000000044,0.009972893777601187,6929.873561301164,-9972.893777601186,TRUE,0.0030430202163000226,3043.0202163000226
2025-12-17,0.95,-0.010438438051725526,"GARCH(1,1) Gaussian",0.008368940101202493,0.050000000000000044,0.010438438051725526,8368.940101202492,-10438.438051725527,TRUE,0.0020694979505230335,2069.4979505230335
2026-01-20,0.95,-0.013269002227779306,"GARCH(1,1) Gaussian",0.007453131514878978,0.050000000000000044,0.013269002227779306,7453.131514878978,-13269.002227779307,TRUE,0.005815870712900328,5815.870712900328
2026-01-28,0.95,-0.008445268118078794,"GARCH(1,1) Gaussian",0.007100392823030604,0.050000000000000044,0.008445268118078794,7100.392823030605,-8445.268118078793,TRUE,0.0013448752950481896,1344.8752950481896
2026-02-11,0.95,-0.00882870543148617,"GARCH(1,1) Gaussian",0.008697049488177386,0.050000000000000044,0.00882870543148617,8697.049488177387,-8828.70543148617,TRUE,1.3165594330878487e-4,131.65594330878486
2026-02-12,0.95,-0.01475050885527925,"GARCH(1,1) Gaussian",0.01269996923901548,0.050000000000000044,0.01475050885527925,12699.96923901548,-14750.50885527925,TRUE,0.0020505396162637697,2050.53961626377
2026-02-27,0.95,-0.020740916145081906,"GARCH(1,1) Gaussian",0.017919061380309905,0.050000000000000044,0.020740916145081906,17919.061380309904,-20740.916145081905,TRUE,0.0028218547647720013,2821.854764772001
2026-03-06,0.95,-0.017081335281713995,"GARCH(1,1) Gaussian",0.015760728776916484,0.050000000000000044,0.017081335281713995,15760.728776916485,-17081.335281713997,TRUE,0.0013206065047975113,1320.6065047975112
2026-03-12,0.95,-0.015916092406627076,"GARCH(1,1) Gaussian",0.008519377904232468,0.050000000000000044,0.015916092406627076,8519.377904232468,-15916.092406627076,TRUE,0.007396714502394607,7396.714502394607
2026-03-26,0.95,-0.018690033297548144,"GARCH(1,1) Gaussian",0.011854932460087644,0.050000000000000044,0.018690033297548144,11854.932460087644,-18690.033297548143,TRUE,0.0068351008374605005,6835.100837460501
2026-04-29,0.95,-0.011244444939006835,"GARCH(1,1) Gaussian",0.005237499499591664,0.050000000000000044,0.011244444939006835,5237.499499591664,-11244.444939006835,TRUE,0.006006945439415171,6006.945439415172
2026-05-13,0.95,-0.012283229506587535,"GARCH(1,1) Gaussian",0.00778809342948217,0.050000000000000044,0.012283229506587535,7788.09342948217,-12283.229506587535,TRUE,0.004495136077105366,4495.136077105366
2026-05-28,0.95,-0.013424069785424745,"GARCH(1,1) Gaussian",0.010817538760199802,0.050000000000000044,0.013424069785424745,10817.538760199803,-13424.069785424745,TRUE,0.0026065310252249424,2606.5310252249424
2026-06-01,0.95,-0.015450400466893794,"GARCH(1,1) Gaussian",0.012534743271960583,0.050000000000000044,0.015450400466893794,12534.743271960584,-15450.400466893794,TRUE,0.0029156571949332105,2915.6571949332106
2026-07-02,0.95,-0.014356038479997946,"GARCH(1,1) Gaussian",0.008265483656799969,0.050000000000000044,0.014356038479997946,8265.483656799968,-14356.038479997946,TRUE,0.0060905548231979766,6090.5548231979765
2026-07-08,0.95,-0.02133759695753697,"GARCH(1,1) Gaussian",0.011200042224649452,0.050000000000000044,0.02133759695753697,11200.042224649453,-21337.59695753697,TRUE,0.010137554732887518,10137.554732887518
2017-04-26,0.95,-0.018181603321439456,Historical Simulation,0.015282969976594264,0.050000000000000044,0.018181603321439456,15282.969976594264,-18181.603321439456,TRUE,0.0028986333448451918,2898.633344845192
2017-04-27,0.95,-0.01965787039200567,Historical Simulation,0.01597447840046904,0.050000000000000044,0.01965787039200567,15974.478400469041,-19657.87039200567,TRUE,0.0036833919915366282,3683.391991536628
2017-05-17,0.95,-0.017045814122737236,Historical Simulation,0.0160497859615261,0.050000000000000044,0.017045814122737236,16049.785961526099,-17045.814122737236,TRUE,9.960281612111377e-4,996.0281612111377
2018-02-02,0.95,-0.011536641763030726,Historical Simulation,0.009534316571950825,0.050000000000000044,0.011536641763030726,9534.316571950825,-11536.641763030726,TRUE,0.002002325191079901,2002.325191079901
2018-02-05,0.95,-0.025088785615633786,Historical Simulation,0.009782743322793625,0.050000000000000044,0.025088785615633786,9782.743322793625,-25088.785615633788,TRUE,0.01530604229284016,15306.04229284016
2018-02-08,0.95,-0.019329394732978806,Historical Simulation,0.00952203498692102,0.050000000000000044,0.019329394732978806,9522.034986921019,-19329.394732978806,TRUE,0.009807359746057787,9807.359746057786
2018-02-28,0.95,-0.014454224682231174,Historical Simulation,0.00897880293788054,0.050000000000000044,0.014454224682231174,8978.80293788054,-14454.224682231174,TRUE,0.005475421744350634,5475.421744350634
2018-03-22,0.95,-0.015174352502188328,Historical Simulation,0.0089840797358741,0.050000000000000044,0.015174352502188328,8984.0797358741,-15174.352502188327,TRUE,0.0061902727663142275,6190.272766314228
2018-03-23,0.95,-0.017686648132303785,Historical Simulation,0.0089840797358741,0.050000000000000044,0.017686648132303785,8984.0797358741,-17686.648132303784,TRUE,0.008702568396429685,8702.568396429686
2018-04-06,0.95,-0.010459708295398976,Historical Simulation,0.0089840797358741,0.050000000000000044,0.010459708295398976,8984.0797358741,-10459.708295398976,TRUE,0.0014756285595248757,1475.6285595248758
2018-05-29,0.95,-0.019639960639575384,Historical Simulation,0.009073411811518956,0.050000000000000044,0.019639960639575384,9073.411811518956,-19639.960639575384,TRUE,0.010566548828056428,10566.548828056428
2018-06-25,0.95,-0.013481004164221062,Historical Simulation,0.00864076573823245,0.050000000000000044,0.013481004164221062,8640.76573823245,-13481.004164221062,TRUE,0.004840238425988611,4840.238425988611
2018-09-28,0.95,-0.009907634521581924,Historical Simulation,0.008115891262740982,0.050000000000000044,0.009907634521581924,8115.891262740982,-9907.634521581924,TRUE,0.0017917432588409419,1791.743258840942
2018-10-10,0.95,-0.011694528724469022,Historical Simulation,0.008264756524354839,0.050000000000000044,0.011694528724469022,8264.75652435484,-11694.528724469023,TRUE,0.0034297722001141832,3429.7722001141833
2018-10-11,0.95,-0.021697648646396797,Historical Simulation,0.00864076573823245,0.050000000000000044,0.021697648646396797,8640.76573823245,-21697.648646396796,TRUE,0.013056882908164346,13056.882908164347
2018-10-24,0.95,-0.022780004307335656,Historical Simulation,0.0089840797358741,0.050000000000000044,0.022780004307335656,8984.0797358741,-22780.004307335657,TRUE,0.013795924571461556,13795.924571461555
2018-11-20,0.95,-0.013595310262247806,Historical Simulation,0.0089840797358741,0.050000000000000044,0.013595310262247806,8984.0797358741,-13595.310262247805,TRUE,0.004611230526373706,4611.230526373706
2018-12-04,0.95,-0.01530526150614982,Historical Simulation,0.009073411811518956,0.050000000000000044,0.01530526150614982,9073.411811518956,-15305.26150614982,TRUE,0.006231849694630864,6231.849694630864
2018-12-06,0.95,-0.013128068792802186,Historical Simulation,0.00952203498692102,0.050000000000000044,0.013128068792802186,9522.034986921019,-13128.068792802187,TRUE,0.003606033805881167,3606.033805881167
2018-12-17,0.95,-0.010725033211409699,Historical Simulation,0.009907634521581924,0.050000000000000044,0.010725033211409699,9907.634521581924,-10725.033211409698,TRUE,8.173986898277752e-4,817.3986898277752
2018-12-19,0.95,-0.01096695721231535,Historical Simulation,0.010459708295398976,0.050000000000000044,0.01096695721231535,10459.708295398976,-10966.95721231535,TRUE,5.072489169163745e-4,507.2489169163745
2018-12-21,0.95,-0.01904019198150388,Historical Simulation,0.010725033211409699,0.050000000000000044,0.01904019198150388,10725.033211409698,-19040.19198150388,TRUE,0.00831515877009418,8315.15877009418
2019-03-22,0.95,-0.012555763495424735,Historical Simulation,0.009907634521581924,0.050000000000000044,0.012555763495424735,9907.634521581924,-12555.763495424735,TRUE,0.0026481289738428115,2648.1289738428113
2019-05-13,0.95,-0.011102214712841488,Historical Simulation,0.008859378374506401,0.050000000000000044,0.011102214712841488,8859.378374506401,-11102.214712841487,TRUE,0.002242836338335087,2242.836338335087
2019-05-22,0.95,-0.01123255045705899,Historical Simulation,0.008859378374506401,0.050000000000000044,0.01123255045705899,8859.378374506401,-11232.550457058991,TRUE,0.0023731720825525895,2373.1720825525895
2019-05-23,0.95,-0.012224422577591116,Historical Simulation,0.008859378374506401,0.050000000000000044,0.012224422577591116,8859.378374506401,-12224.422577591116,TRUE,0.003365044203084715,3365.0442030847153
2019-05-29,0.95,-0.011429294498847923,Historical Simulation,0.0089840797358741,0.050000000000000044,0.011429294498847923,8984.0797358741,-11429.294498847923,TRUE,0.0024452147629738224,2445.2147629738224
2019-05-31,0.95,-0.009650705404543566,Historical Simulation,0.009073411811518956,0.050000000000000044,0.009650705404543566,9073.411811518956,-9650.705404543565,TRUE,5.772935930246099e-4,577.2935930246099
2019-08-01,0.95,-0.01015525813962929,Historical Simulation,0.009650705404543566,0.050000000000000044,0.01015525813962929,9650.705404543565,-10155.25813962929,TRUE,5.045527350857233e-4,504.5527350857233
2019-08-06,0.95,-0.013530855340670165,Historical Simulation,0.009907634521581924,0.050000000000000044,0.013530855340670165,9907.634521581924,-13530.855340670165,TRUE,0.0036232208190882416,3623.2208190882416
2019-08-14,0.95,-0.020297529364242006,Historical Simulation,0.009907634521581924,0.050000000000000044,0.020297529364242006,9907.634521581924,-20297.529364242007,TRUE,0.010389894842660083,10389.894842660082
2019-08-20,0.95,-0.010618061533840262,Historical Simulation,0.01015525813962929,0.050000000000000044,0.010618061533840262,10155.25813962929,-10618.061533840262,TRUE,4.6280339421097237e-4,462.8033942109724
2019-08-23,0.95,-0.01416348235966358,Historical Simulation,0.010459708295398976,0.050000000000000044,0.01416348235966358,10459.708295398976,-14163.48235966358,TRUE,0.003703774064264604,3703.774064264604
2019-10-02,0.95,-0.013728409730958659,Historical Simulation,0.010618061533840262,0.050000000000000044,0.013728409730958659,10618.061533840262,-13728.409730958658,TRUE,0.003110348197118397,3110.348197118397
2019-12-05,0.95,-0.010745028605837129,Historical Simulation,0.010725033211409699,0.050000000000000044,0.010745028605837129,10725.033211409698,-10745.02860583713,TRUE,1.9995394427430035e-5,19.995394427430035
2020-02-24,0.95,-0.01222052849371861,Historical Simulation,0.010459708295398976,0.050000000000000044,0.01222052849371861,10459.708295398976,-12220.528493718612,TRUE,0.0017608201983196348,1760.8201983196348
2020-02-25,0.95,-0.015397862411281235,Historical Simulation,0.010618061533840262,0.050000000000000044,0.015397862411281235,10618.061533840262,-15397.862411281234,TRUE,0.004779800877440973,4779.800877440973
2020-02-27,0.95,-0.022189328872467214,Historical Simulation,0.010618061533840262,0.050000000000000044,0.022189328872467214,10618.061533840262,-22189.328872467213,TRUE,0.011571267338626953,11571.267338626953
2020-02-28,0.95,-0.022492636138809065,Historical Simulation,0.010725033211409699,0.050000000000000044,0.022492636138809065,10725.033211409698,-22492.636138809066,TRUE,0.011767602927399366,11767.602927399366
2020-03-03,0.95,-0.019243752074436144,Historical Simulation,0.010745028605837129,0.050000000000000044,0.019243752074436144,10745.02860583713,-19243.752074436143,TRUE,0.008498723468599015,8498.723468599015
2020-03-05,0.95,-0.02556800802057853,Historical Simulation,0.01096695721231535,0.050000000000000044,0.02556800802057853,10966.95721231535,-25568.00802057853,TRUE,0.014601050808263181,14601.05080826318
2020-03-06,0.95,-0.033444623174640545,Historical Simulation,0.011102214712841488,0.050000000000000044,0.033444623174640545,11102.214712841487,-33444.62317464055,TRUE,0.02234240846179906,22342.40846179906
2020-03-09,0.95,-0.11843846161163316,Historical Simulation,0.01123255045705899,0.050000000000000044,0.11843846161163316,11232.550457058991,-118438.46161163316,TRUE,0.10720591115457416,107205.91115457416
2020-03-11,0.95,-0.03732629589180003,Historical Simulation,0.011429294498847923,0.050000000000000044,0.03732629589180003,11429.294498847923,-37326.29589180003,TRUE,0.02589700139295211,25897.001392952112
2020-03-12,0.95,-0.13435474785949877,Historical Simulation,0.011694528724469022,0.050000000000000044,0.13435474785949877,11694.528724469023,-134354.74785949878,TRUE,0.12266021913502975,122660.21913502975
2020-03-16,0.95,-0.10902342217104742,Historical Simulation,0.01222052849371861,0.050000000000000044,0.10902342217104742,12220.528493718612,-109023.42217104742,TRUE,0.0968028936773288,96802.8936773288
2020-03-18,0.95,-0.0638513139433538,Historical Simulation,0.012224422577591116,0.050000000000000044,0.0638513139433538,12224.422577591116,-63851.3139433538,TRUE,0.05162689136576269,51626.89136576269
2020-03-23,0.95,-0.08175804783262533,Historical Simulation,0.01222052849371861,0.050000000000000044,0.08175804783262533,12220.528493718612,-81758.04783262534,TRUE,0.06953751933890671,69537.51933890671
2020-03-27,0.95,-0.05306103580262786,Historical Simulation,0.012224422577591116,0.050000000000000044,0.05306103580262786,12224.422577591116,-53061.03580262786,TRUE,0.04083661322503675,40836.613225036745
2020-04-01,0.95,-0.04932815067935129,Historical Simulation,0.012555763495424735,0.050000000000000044,0.04932815067935129,12555.763495424735,-49328.15067935129,TRUE,0.03677238718392656,36772.387183926556
2020-04-03,0.95,-0.018320982709007377,Historical Simulation,0.013128068792802186,0.050000000000000044,0.018320982709007377,13128.068792802187,-18320.982709007378,TRUE,0.00519291391620519,5192.913916205191
2020-04-13,0.95,-0.0248082884399437,Historical Simulation,0.013481004164221062,0.050000000000000044,0.0248082884399437,13481.004164221062,-24808.288439943703,TRUE,0.011327284275722639,11327.284275722639
2020-04-15,0.95,-0.036579363156455005,Historical Simulation,0.013530855340670165,0.050000000000000044,0.036579363156455005,13530.855340670165,-36579.36315645501,TRUE,0.02304850781578484,23048.507815784837
2020-04-16,0.95,-0.03125023831232504,Historical Simulation,0.013595310262247806,0.050000000000000044,0.03125023831232504,13595.310262247805,-31250.23831232504,TRUE,0.017654928050077234,17654.928050077233
2020-04-21,0.95,-0.040563656391668125,Historical Simulation,0.013728409730958659,0.050000000000000044,0.040563656391668125,13728.409730958658,-40563.656391668126,TRUE,0.026835246660709466,26835.246660709465
2020-04-30,0.95,-0.03766356237583766,Historical Simulation,0.01416348235966358,0.050000000000000044,0.03766356237583766,14163.48235966358,-37663.56237583766,TRUE,0.023500080016174076,23500.080016174077
2020-05-01,0.95,-0.02153222153550982,Historical Simulation,0.01530526150614982,0.050000000000000044,0.02153222153550982,15305.26150614982,-21532.22153550982,TRUE,0.006226960029360001,6226.960029360001
2020-05-12,0.95,-0.01776088916222133,Historical Simulation,0.015397862411281235,0.050000000000000044,0.01776088916222133,15397.862411281234,-17760.889162221327,TRUE,0.002363026750940094,2363.0267509400937
2020-05-13,0.95,-0.03980220951699303,Historical Simulation,0.01776088916222133,0.050000000000000044,0.03980220951699303,17760.889162221327,-39802.20951699303,TRUE,0.0220413203547717,22041.320354771702
2020-05-29,0.95,-0.025130991447754325,Historical Simulation,0.01776088916222133,0.050000000000000044,0.025130991447754325,17760.889162221327,-25130.991447754324,TRUE,0.0073701022855329965,7370.102285532997
2020-06-11,0.95,-0.04191612370110864,Historical Simulation,0.018320982709007377,0.050000000000000044,0.04191612370110864,18320.982709007378,-41916.12370110864,TRUE,0.023595140992101266,23595.140992101267
2020-06-26,0.95,-0.02495257603748452,Historical Simulation,0.01904019198150388,0.050000000000000044,0.02495257603748452,19040.19198150388,-24952.57603748452,TRUE,0.00591238405598064,5912.38405598064
2020-10-28,0.95,-0.022665793873276698,Historical Simulation,0.018320982709007377,0.050000000000000044,0.022665793873276698,18320.982709007378,-22665.793873276696,TRUE,0.004344811164269321,4344.811164269321
2020-11-30,0.95,-0.023291803539919827,Historical Simulation,0.01904019198150388,0.050000000000000044,0.023291803539919827,19040.19198150388,-23291.803539919827,TRUE,0.004251611558415948,4251.611558415948
2021-07-19,0.95,-0.02104688982237631,Historical Simulation,0.019243752074436144,0.050000000000000044,0.02104688982237631,19243.752074436143,-21046.88982237631,TRUE,0.0018031377479401645,1803.1377479401644
2021-11-26,0.95,-0.019295545866491754,Historical Simulation,0.019243752074436144,0.050000000000000044,0.019295545866491754,19243.752074436143,-19295.545866491753,TRUE,5.1793792055609966e-5,51.79379205560997
2021-11-30,0.95,-0.02658741803894691,Historical Simulation,0.019295545866491754,0.050000000000000044,0.02658741803894691,19295.545866491753,-26587.41803894691,TRUE,0.007291872172455156,7291.872172455156
2022-03-07,0.95,-0.01850024253538638,Historical Simulation,0.018129088182562793,0.050000000000000044,0.01850024253538638,18129.08818256279,-18500.24253538638,TRUE,3.7115435282358833e-4,371.15435282358834
2022-03-23,0.95,-0.025688996624534256,Historical Simulation,0.017022443839708558,0.050000000000000044,0.025688996624534256,17022.443839708558,-25688.996624534255,TRUE,0.008666552784825698,8666.552784825699
2022-04-22,0.95,-0.020685931161574484,Historical Simulation,0.014756491373103362,0.050000000000000044,0.020685931161574484,14756.491373103363,-20685.931161574485,TRUE,0.005929439788471122,5929.439788471122
2022-05-05,0.95,-0.015060191051310935,Historical Simulation,0.014479729039432768,0.050000000000000044,0.015060191051310935,14479.729039432768,-15060.191051310936,TRUE,5.804620118781672e-4,580.4620118781672
2022-05-18,0.95,-0.016534488422213535,Historical Simulation,0.013718337619440097,0.050000000000000044,0.016534488422213535,13718.337619440097,-16534.488422213533,TRUE,0.002816150802773438,2816.150802773438
2022-06-09,0.95,-0.014440445695179603,Historical Simulation,0.013336790901747348,0.050000000000000044,0.014440445695179603,13336.790901747348,-14440.445695179602,TRUE,0.0011036547934322547,1103.6547934322548
2022-06-10,0.95,-0.019196020863742686,Historical Simulation,0.013336790901747348,0.050000000000000044,0.019196020863742686,13336.790901747348,-19196.020863742688,TRUE,0.005859229961995338,5859.229961995338
2022-06-13,0.95,-0.018139471177794665,Historical Simulation,0.013452296059776752,0.050000000000000044,0.018139471177794665,13452.296059776752,-18139.471177794665,TRUE,0.004687175118017913,4687.1751180179135
2022-06-16,0.95,-0.02822756167805516,Historical Simulation,0.01345857319948653,0.050000000000000044,0.02822756167805516,13458.57319948653,-28227.561678055157,TRUE,0.01476898847856863,14768.98847856863
2022-06-22,0.95,-0.014604463551747195,Historical Simulation,0.014440445695179603,0.050000000000000044,0.014604463551747195,14440.445695179602,-14604.463551747194,TRUE,1.6401785656759184e-4,164.01785656759185
2022-06-23,0.95,-0.029162311245563306,Historical Simulation,0.014440445695179603,0.050000000000000044,0.029162311245563306,14440.445695179602,-29162.311245563305,TRUE,0.014721865550383703,14721.865550383704
2022-07-14,0.95,-0.03664511343286332,Historical Simulation,0.01345857319948653,0.050000000000000044,0.03664511343286332,13458.57319948653,-36645.11343286332,TRUE,0.023186540233376792,23186.540233376792
2022-08-24,0.95,-0.015495699606510593,Historical Simulation,0.014440445695179603,0.050000000000000044,0.015495699606510593,14440.445695179602,-15495.699606510594,TRUE,0.0010552539113309906,1055.2539113309906
2022-08-31,0.95,-0.0155692676487912,Historical Simulation,0.014479729039432768,0.050000000000000044,0.0155692676487912,14479.729039432768,-15569.267648791201,TRUE,0.0010895386093584328,1089.5386093584327
2022-09-13,0.95,-0.017523513646868324,Historical Simulation,0.014604463551747195,0.050000000000000044,0.017523513646868324,14604.463551747194,-17523.513646868323,TRUE,0.002919050095121129,2919.0500951211293
2022-09-23,0.95,-0.0179726517006224,Historical Simulation,0.015060191051310935,0.050000000000000044,0.0179726517006224,15060.191051310936,-17972.6517006224,TRUE,0.0029124606493114644,2912.4606493114643
2022-10-06,0.95,-0.026669744828812236,Historical Simulation,0.015495699606510593,0.050000000000000044,0.026669744828812236,15495.699606510594,-26669.744828812236,TRUE,0.011174045222301643,11174.045222301644
2022-10-07,0.95,-0.02061059695395665,Historical Simulation,0.015545959880037208,0.050000000000000044,0.02061059695395665,15545.959880037208,-20610.59695395665,TRUE,0.005064637073919444,5064.6370739194435
2022-10-11,0.95,-0.024613947740271775,Historical Simulation,0.015546936114265664,0.050000000000000044,0.024613947740271775,15546.936114265663,-24613.947740271775,TRUE,0.009067011626006111,9067.011626006111
2022-12-13,0.95,-0.016030062873390816,Historical Simulation,0.015495699606510593,0.050000000000000044,0.016030062873390816,15495.699606510594,-16030.062873390816,TRUE,5.343632668802223e-4,534.3632668802223
2023-03-09,0.95,-0.019585036590598456,Historical Simulation,0.015495699606510593,0.050000000000000044,0.019585036590598456,15495.699606510594,-19585.036590598454,TRUE,0.004089336984087862,4089.336984087862
2023-03-10,0.95,-0.02110718938113918,Historical Simulation,0.015545959880037208,0.050000000000000044,0.02110718938113918,15545.959880037208,-21107.189381139182,TRUE,0.005561229501101973,5561.229501101973
2023-03-13,0.95,-0.017514144276428962,Historical Simulation,0.015546936114265664,0.050000000000000044,0.017514144276428962,15546.936114265663,-17514.14427642896,TRUE,0.0019672081621632982,1967.2081621632983
2023-03-15,0.95,-0.020528485933378027,Historical Simulation,0.0155692676487912,0.050000000000000044,0.020528485933378027,15569.267648791201,-20528.485933378026,TRUE,0.004959218284586826,4959.218284586826
2023-03-17,0.95,-0.016457337792721294,Historical Simulation,0.016030062873390816,0.050000000000000044,0.016457337792721294,16030.062873390816,-16457.337792721293,TRUE,4.272749193304781e-4,427.2749193304781
2023-04-25,0.95,-0.01898816163915762,Historical Simulation,0.016457337792721294,0.050000000000000044,0.01898816163915762,16457.337792721293,-18988.16163915762,TRUE,0.0025308238464363253,2530.8238464363253
2023-05-02,0.95,-0.019332143615484576,Historical Simulation,0.016534488422213535,0.050000000000000044,0.019332143615484576,16534.488422213533,-19332.143615484576,TRUE,0.002797655193271041,2797.6551932710413
2023-05-24,0.95,-0.019926056003202408,Historical Simulation,0.016705062205896643,0.050000000000000044,0.019926056003202408,16705.062205896644,-19926.056003202408,TRUE,0.003220993797305765,3220.993797305765
2023-08-15,0.95,-0.020572830850598613,Historical Simulation,0.016705062205896643,0.050000000000000044,0.020572830850598613,16705.062205896644,-20572.830850598613,TRUE,0.0038677686447019695,3867.7686447019696
2023-10-02,0.95,-0.02051623613951814,Historical Simulation,0.016705062205896643,0.050000000000000044,0.02051623613951814,16705.062205896644,-20516.23613951814,TRUE,0.003811173933621497,3811.1739336214973
2023-10-03,0.95,-0.01812051081227733,Historical Simulation,0.01712236385308341,0.050000000000000044,0.01812051081227733,17122.36385308341,-18120.51081227733,TRUE,9.981469591939206e-4,998.1469591939206
2023-10-18,0.95,-0.019683064543652967,Historical Simulation,0.017514144276428962,0.050000000000000044,0.019683064543652967,17514.14427642896,-19683.064543652967,TRUE,0.0021689202672240046,2168.9202672240044
2023-10-20,0.95,-0.02523731281853081,Historical Simulation,0.017523513646868324,0.050000000000000044,0.02523731281853081,17523.513646868323,-25237.31281853081,TRUE,0.007713799171662487,7713.7991716624865
2024-02-13,0.95,-0.018585409359217948,Historical Simulation,0.017514144276428962,0.050000000000000044,0.018585409359217948,17514.14427642896,-18585.40935921795,TRUE,0.0010712650827889858,1071.2650827889859
2024-05-29,0.95,-0.02283991547821477,Historical Simulation,0.016030062873390816,0.050000000000000044,0.02283991547821477,16030.062873390816,-22839.915478214767,TRUE,0.006809852604823953,6809.852604823953
2024-08-02,0.95,-0.018752520281974328,Historical Simulation,0.015154366830546032,0.050000000000000044,0.018752520281974328,15154.366830546032,-18752.520281974328,TRUE,0.0035981534514282956,3598.1534514282957
2025-02-03,0.95,-0.021623538460132225,Historical Simulation,0.01310334370274533,0.050000000000000044,0.021623538460132225,13103.343702745331,-21623.538460132226,TRUE,0.008520194757386895,8520.194757386895
2025-03-04,0.95,-0.024599518021579243,Historical Simulation,0.01310334370274533,0.050000000000000044,0.024599518021579243,13103.343702745331,-24599.518021579242,TRUE,0.011496174318833912,11496.174318833911
2025-03-11,0.95,-0.015479442637656696,Historical Simulation,0.012029662441257544,0.050000000000000044,0.015479442637656696,12029.662441257544,-15479.442637656695,TRUE,0.0034497801963991517,3449.7801963991515
2025-03-28,0.95,-0.013358830577093398,Historical Simulation,0.011672773506949933,0.050000000000000044,0.013358830577093398,11672.773506949932,-13358.830577093398,TRUE,0.0016860570701434652,1686.0570701434651
2025-04-03,0.95,-0.017283902790054873,Historical Simulation,0.012029662441257544,0.050000000000000044,0.017283902790054873,12029.662441257544,-17283.90279005487,TRUE,0.005254240348797328,5254.240348797328
2025-04-04,0.95,-0.03419233311848853,Historical Simulation,0.01230269080800278,0.050000000000000044,0.03419233311848853,12302.69080800278,-34192.33311848853,TRUE,0.02188964231048575,21889.64231048575
2025-04-07,0.95,-0.02403952475134694,Historical Simulation,0.01243888971762791,0.050000000000000044,0.02403952475134694,12438.88971762791,-24039.52475134694,TRUE,0.011600635033719029,11600.635033719029
2025-04-10,0.95,-0.029719183483297867,Historical Simulation,0.01310334370274533,0.050000000000000044,0.029719183483297867,13103.343702745331,-29719.183483297867,TRUE,0.016615839780552536,16615.839780552535
2025-10-08,0.95,-0.010506906643810819,Historical Simulation,0.010453932306925687,0.050000000000000044,0.010506906643810819,10453.932306925688,-10506.906643810818,TRUE,5.297433688513167e-5,52.97433688513167
2025-10-16,0.95,-0.014064910031599523,Historical Simulation,0.010453932306925687,0.050000000000000044,0.014064910031599523,10453.932306925688,-14064.910031599524,TRUE,0.003610977724673836,3610.9777246738363
2025-10-29,0.95,-0.011279875302067236,Historical Simulation,0.010169903517846468,0.050000000000000044,0.011279875302067236,10169.903517846467,-11279.875302067236,TRUE,0.0011099717842207677,1109.9717842207676
2025-11-13,0.95,-0.010541335321681536,Historical Simulation,0.010453932306925687,0.050000000000000044,0.010541335321681536,10453.932306925688,-10541.335321681536,TRUE,8.74030147558491e-5,87.40301475584911
2026-01-06,0.95,-0.011102278543149841,Historical Simulation,0.010453932306925687,0.050000000000000044,0.011102278543149841,10453.932306925688,-11102.278543149841,TRUE,6.483462362241541e-4,648.3462362241542
2026-01-20,0.95,-0.013269002227779306,Historical Simulation,0.010438438051725526,0.050000000000000044,0.013269002227779306,10438.438051725527,-13269.002227779307,TRUE,0.00283056417605378,2830.56417605378
2026-01-30,0.95,-0.011504502473792661,Historical Simulation,0.01049284446207882,0.050000000000000044,0.011504502473792661,10492.844462078821,-11504.502473792661,TRUE,0.0010116580117138403,1011.6580117138403
2026-02-12,0.95,-0.01475050885527925,Historical Simulation,0.01049284446207882,0.050000000000000044,0.01475050885527925,10492.844462078821,-14750.50885527925,TRUE,0.004257664393200428,4257.664393200428
2026-02-23,0.95,-0.010609177373527937,Historical Simulation,0.010506906643810819,0.050000000000000044,0.010609177373527937,10506.906643810818,-10609.177373527937,TRUE,1.0227072971711812e-4,102.27072971711812
2026-02-27,0.95,-0.020740916145081906,Historical Simulation,0.010541335321681536,0.050000000000000044,0.020740916145081906,10541.335321681536,-20740.916145081905,TRUE,0.01019958082340037,10199.58082340037
2026-03-03,0.95,-0.011917753773477275,Historical Simulation,0.010609177373527937,0.050000000000000044,0.011917753773477275,10609.177373527937,-11917.753773477274,TRUE,0.001308576399949338,1308.576399949338
2026-03-05,0.95,-0.010932243305378193,Historical Simulation,0.010707298356787132,0.050000000000000044,0.010932243305378193,10707.298356787132,-10932.243305378193,TRUE,2.249449485910611e-4,224.9449485910611
2026-03-06,0.95,-0.017081335281713995,Historical Simulation,0.010932243305378193,0.050000000000000044,0.017081335281713995,10932.243305378193,-17081.335281713997,TRUE,0.006149091976335803,6149.091976335802
2026-03-12,0.95,-0.015916092406627076,Historical Simulation,0.010988465610583474,0.050000000000000044,0.015916092406627076,10988.465610583473,-15916.092406627076,TRUE,0.004927626796043602,4927.626796043602
2026-03-19,0.95,-0.01188510674753155,Historical Simulation,0.011102278543149841,0.050000000000000044,0.01188510674753155,11102.278543149841,-11885.10674753155,TRUE,7.828282043817088e-4,782.8282043817088
2026-03-20,0.95,-0.015159793289768981,Historical Simulation,0.011133806128044045,0.050000000000000044,0.015159793289768981,11133.806128044045,-15159.79328976898,TRUE,0.0040259871617249355,4025.9871617249355
2026-03-26,0.95,-0.018690033297548144,Historical Simulation,0.011279875302067236,0.050000000000000044,0.018690033297548144,11279.875302067236,-18690.033297548143,TRUE,0.007410157995480908,7410.1579954809085
2026-05-04,0.95,-0.013146034524824192,Historical Simulation,0.011279875302067236,0.050000000000000044,0.013146034524824192,11279.875302067236,-13146.034524824192,TRUE,0.0018661592227569562,1866.159222756956
2026-05-13,0.95,-0.012283229506587535,Historical Simulation,0.011361175697227721,0.050000000000000044,0.012283229506587535,11361.175697227722,-12283.229506587535,TRUE,9.220538093598143e-4,922.0538093598143
2026-05-28,0.95,-0.013424069785424745,Historical Simulation,0.011361175697227721,0.050000000000000044,0.013424069785424745,11361.175697227722,-13424.069785424745,TRUE,0.0020628940881970235,2062.8940881970234
2026-06-01,0.95,-0.015450400466893794,Historical Simulation,0.011504502473792661,0.050000000000000044,0.015450400466893794,11504.502473792661,-15450.400466893794,TRUE,0.003945897993101133,3945.8979931011327
2026-07-02,0.95,-0.014356038479997946,Historical Simulation,0.011672773506949933,0.050000000000000044,0.014356038479997946,11672.773506949932,-14356.038479997946,TRUE,0.002683264973048013,2683.264973048013
2026-07-08,0.95,-0.02133759695753697,Historical Simulation,0.01188510674753155,0.050000000000000044,0.02133759695753697,11885.10674753155,-21337.59695753697,TRUE,0.00945249021000542,9452.49021000542
2017-02-24,0.95,-0.014238157070220152,Rolling Gaussian,0.014080148250542867,0.050000000000000044,0.014238157070220152,14080.148250542867,-14238.157070220152,TRUE,1.5800881967728553e-4,158.00881967728552
2017-04-26,0.95,-0.018181603321439456,Rolling Gaussian,0.014248445100721496,0.050000000000000044,0.018181603321439456,14248.445100721496,-18181.603321439456,TRUE,0.00393315822071796,3933.1582207179604
2017-04-27,0.95,-0.01965787039200567,Rolling Gaussian,0.014346345444004628,0.050000000000000044,0.01965787039200567,14346.345444004628,-19657.87039200567,TRUE,0.00531152494800104,5311.524948001041
2017-05-17,0.95,-0.017045814122737236,Rolling Gaussian,0.014494561639053759,0.050000000000000044,0.017045814122737236,14494.56163905376,-17045.814122737236,TRUE,0.0025512524836834773,2551.2524836834773
2018-02-02,0.95,-0.011536641763030726,Rolling Gaussian,0.009851294399947363,0.050000000000000044,0.011536641763030726,9851.294399947363,-11536.641763030726,TRUE,0.0016853473630833622,1685.3473630833623
2018-02-05,0.95,-0.025088785615633786,Rolling Gaussian,0.009904520225676809,0.050000000000000044,0.025088785615633786,9904.520225676808,-25088.785615633788,TRUE,0.015184265389956977,15184.265389956978
2018-02-08,0.95,-0.019329394732978806,Rolling Gaussian,0.00961418268634175,0.050000000000000044,0.019329394732978806,9614.18268634175,-19329.394732978806,TRUE,0.009715212046637056,9715.212046637056
2018-02-28,0.95,-0.014454224682231174,Rolling Gaussian,0.008954762764965166,0.050000000000000044,0.014454224682231174,8954.762764965166,-14454.224682231174,TRUE,0.005499461917266009,5499.461917266009
2018-03-22,0.95,-0.015174352502188328,Rolling Gaussian,0.008921465349676097,0.050000000000000044,0.015174352502188328,8921.465349676097,-15174.352502188327,TRUE,0.006252887152512231,6252.88715251223
2018-03-23,0.95,-0.017686648132303785,Rolling Gaussian,0.008939562388421453,0.050000000000000044,0.017686648132303785,8939.562388421453,-17686.648132303784,TRUE,0.008747085743882332,8747.085743882333
2018-04-06,0.95,-0.010459708295398976,Rolling Gaussian,0.009054341264521877,0.050000000000000044,0.010459708295398976,9054.341264521878,-10459.708295398976,TRUE,0.0014053670308770989,1405.3670308770988
2018-05-29,0.95,-0.019639960639575384,Rolling Gaussian,0.008885042018224175,0.050000000000000044,0.019639960639575384,8885.042018224174,-19639.960639575384,TRUE,0.010754918621351209,10754.91862135121
2018-06-25,0.95,-0.013481004164221062,Rolling Gaussian,0.008559631592115976,0.050000000000000044,0.013481004164221062,8559.631592115977,-13481.004164221062,TRUE,0.004921372572105086,4921.372572105086
2018-09-28,0.95,-0.009907634521581924,Rolling Gaussian,0.00821892915746192,0.050000000000000044,0.009907634521581924,8218.92915746192,-9907.634521581924,TRUE,0.0016887053641200037,1688.7053641200037
2018-10-10,0.95,-0.011694528724469022,Rolling Gaussian,0.00829817276666069,0.050000000000000044,0.011694528724469022,8298.17276666069,-11694.528724469023,TRUE,0.003396355957808333,3396.3559578083327
2018-10-11,0.95,-0.021697648646396797,Rolling Gaussian,0.008370596099473009,0.050000000000000044,0.021697648646396797,8370.596099473009,-21697.648646396796,TRUE,0.013327052546923788,13327.052546923787
2018-10-18,0.95,-0.008597159033398711,Rolling Gaussian,0.008592937652669412,0.050000000000000044,0.008597159033398711,8592.937652669412,-8597.159033398711,TRUE,4.221380729299215e-6,4.221380729299215
2018-10-24,0.95,-0.022780004307335656,Rolling Gaussian,0.008670141759720378,0.050000000000000044,0.022780004307335656,8670.141759720378,-22780.004307335657,TRUE,0.014109862547615279,14109.86254761528
2018-11-20,0.95,-0.013595310262247806,Rolling Gaussian,0.008882321757365707,0.050000000000000044,0.013595310262247806,8882.321757365708,-13595.310262247805,TRUE,0.004712988504882099,4712.988504882099
2018-12-04,0.95,-0.01530526150614982,Rolling Gaussian,0.009078307386250518,0.050000000000000044,0.01530526150614982,9078.307386250519,-15305.26150614982,TRUE,0.006226954119899302,6226.954119899302
2018-12-06,0.95,-0.013128068792802186,Rolling Gaussian,0.00915905527756375,0.050000000000000044,0.013128068792802186,9159.055277563752,-13128.068792802187,TRUE,0.003969013515238436,3969.0135152384355
2018-12-17,0.95,-0.010725033211409699,Rolling Gaussian,0.009278086483835593,0.050000000000000044,0.010725033211409699,9278.086483835592,-10725.033211409698,TRUE,0.0014469467275741062,1446.9467275741063
2018-12-19,0.95,-0.01096695721231535,Rolling Gaussian,0.009338223778667023,0.050000000000000044,0.01096695721231535,9338.223778667023,-10966.95721231535,TRUE,0.0016287334336483276,1628.7334336483275
2018-12-21,0.95,-0.01904019198150388,Rolling Gaussian,0.009438177952500945,0.050000000000000044,0.01904019198150388,9438.177952500946,-19040.19198150388,TRUE,0.009602014029002934,9602.014029002934
2019-03-22,0.95,-0.012555763495424735,Rolling Gaussian,0.009397720459643003,0.050000000000000044,0.012555763495424735,9397.720459643002,-12555.763495424735,TRUE,0.0031580430357817327,3158.0430357817327
2019-05-13,0.95,-0.011102214712841488,Rolling Gaussian,0.008907420668132295,0.050000000000000044,0.011102214712841488,8907.420668132296,-11102.214712841487,TRUE,0.002194794044709193,2194.794044709193
2019-05-22,0.95,-0.01123255045705899,Rolling Gaussian,0.008803796809974115,0.050000000000000044,0.01123255045705899,8803.796809974116,-11232.550457058991,TRUE,0.0024287536470848758,2428.753647084876
2019-05-23,0.95,-0.012224422577591116,Rolling Gaussian,0.008797346701437772,0.050000000000000044,0.012224422577591116,8797.346701437771,-12224.422577591116,TRUE,0.0034270758761533442,3427.0758761533443
2019-05-29,0.95,-0.011429294498847923,Rolling Gaussian,0.00888273526676803,0.050000000000000044,0.011429294498847923,8882.73526676803,-11429.294498847923,TRUE,0.002546559232079892,2546.559232079892
2019-05-31,0.95,-0.009650705404543566,Rolling Gaussian,0.008972397935194498,0.050000000000000044,0.009650705404543566,8972.397935194498,-9650.705404543565,TRUE,6.783074693490678e-4,678.3074693490678
2019-08-01,0.95,-0.01015525813962929,Rolling Gaussian,0.008950427083693802,0.050000000000000044,0.01015525813962929,8950.427083693803,-10155.25813962929,TRUE,0.001204831055935487,1204.831055935487
2019-08-06,0.95,-0.013530855340670165,Rolling Gaussian,0.00902688533786585,0.050000000000000044,0.013530855340670165,9026.88533786585,-13530.855340670165,TRUE,0.004503970002804315,4503.970002804315
2019-08-14,0.95,-0.020297529364242006,Rolling Gaussian,0.009046436834784084,0.050000000000000044,0.020297529364242006,9046.436834784083,-20297.529364242007,TRUE,0.011251092529457923,11251.092529457923
2019-08-20,0.95,-0.010618061533840262,Rolling Gaussian,0.009218154994096476,0.050000000000000044,0.010618061533840262,9218.154994096476,-10618.061533840262,TRUE,0.0013999065397437855,1399.9065397437855
2019-08-23,0.95,-0.01416348235966358,Rolling Gaussian,0.00925699066137734,0.050000000000000044,0.01416348235966358,9256.99066137734,-14163.48235966358,TRUE,0.00490649169828624,4906.4916982862405
2019-10-02,0.95,-0.013728409730958659,Rolling Gaussian,0.009393477599053478,0.050000000000000044,0.013728409730958659,9393.477599053478,-13728.409730958658,TRUE,0.004334932131905181,4334.9321319051805
2019-12-05,0.95,-0.010745028605837129,Rolling Gaussian,0.009483385404932768,0.050000000000000044,0.010745028605837129,9483.385404932767,-10745.02860583713,TRUE,0.0012616432009043606,1261.6432009043606
2020-01-31,0.95,-0.00954408294278721,Rolling Gaussian,0.009530509187741683,0.050000000000000044,0.00954408294278721,9530.509187741683,-9544.08294278721,TRUE,1.35737550455272e-5,13.5737550455272
2020-02-24,0.95,-0.01222052849371861,Rolling Gaussian,0.009090228051722124,0.050000000000000044,0.01222052849371861,9090.228051722124,-12220.528493718612,TRUE,0.003130300441996487,3130.3004419964873
2020-02-25,0.95,-0.015397862411281235,Rolling Gaussian,0.00916325018568037,0.050000000000000044,0.015397862411281235,9163.25018568037,-15397.862411281234,TRUE,0.006234612225600865,6234.612225600865
2020-02-27,0.95,-0.022189328872467214,Rolling Gaussian,0.009200218490342051,0.050000000000000044,0.022189328872467214,9200.218490342051,-22189.328872467213,TRUE,0.012989110382125163,12989.110382125164
2020-02-28,0.95,-0.022492636138809065,Rolling Gaussian,0.009389530800112683,0.050000000000000044,0.022492636138809065,9389.530800112683,-22492.636138809066,TRUE,0.013103105338696382,13103.105338696381
2020-03-03,0.95,-0.019243752074436144,Rolling Gaussian,0.009579190664388766,0.050000000000000044,0.019243752074436144,9579.190664388765,-19243.752074436143,TRUE,0.009664561410047378,9664.561410047378
2020-03-05,0.95,-0.02556800802057853,Rolling Gaussian,0.00973658188357598,0.050000000000000044,0.02556800802057853,9736.58188357598,-25568.00802057853,TRUE,0.01583142613700255,15831.42613700255
2020-03-06,0.95,-0.033444623174640545,Rolling Gaussian,0.009968912625234801,0.050000000000000044,0.033444623174640545,9968.912625234801,-33444.62317464055,TRUE,0.023475710549405743,23475.710549405743
2020-03-09,0.95,-0.11843846161163316,Rolling Gaussian,0.010338132850042264,0.050000000000000044,0.11843846161163316,10338.132850042264,-118438.46161163316,TRUE,0.1081003287615909,108100.32876159089
2020-03-11,0.95,-0.03732629589180003,Rolling Gaussian,0.013891592622422703,0.050000000000000044,0.03732629589180003,13891.592622422702,-37326.29589180003,TRUE,0.023434703269377327,23434.70326937733
2020-03-12,0.95,-0.13435474785949877,Rolling Gaussian,0.014239168723853073,0.050000000000000044,0.13435474785949877,14239.168723853072,-134354.74785949878,TRUE,0.1201155791356457,120115.5791356457
2020-03-16,0.95,-0.10902342217104742,Rolling Gaussian,0.021450084473739667,0.050000000000000044,0.10902342217104742,21450.084473739666,-109023.42217104742,TRUE,0.08757333769730775,87573.33769730775
2020-03-18,0.95,-0.0638513139433538,Rolling Gaussian,0.023129568459312102,0.050000000000000044,0.0638513139433538,23129.5684593121,-63851.3139433538,TRUE,0.0407217454840417,40721.7454840417
2020-03-23,0.95,-0.08175804783262533,Rolling Gaussian,0.023641179600879966,0.050000000000000044,0.08175804783262533,23641.179600879965,-81758.04783262534,TRUE,0.05811686823174536,58116.868231745364
2020-03-27,0.95,-0.05306103580262786,Rolling Gaussian,0.026897514177781013,0.050000000000000044,0.05306103580262786,26897.514177781013,-53061.03580262786,TRUE,0.026163521624846846,26163.521624846846
2020-04-01,0.95,-0.04932815067935129,Rolling Gaussian,0.02731647197502763,0.050000000000000044,0.04932815067935129,27316.47197502763,-49328.15067935129,TRUE,0.02201167870432366,22011.67870432366
2020-04-15,0.95,-0.036579363156455005,Rolling Gaussian,0.027928956054388294,0.050000000000000044,0.036579363156455005,27928.956054388294,-36579.36315645501,TRUE,0.008650407102066712,8650.407102066712
2020-04-16,0.95,-0.03125023831232504,Rolling Gaussian,0.028137241278716023,0.050000000000000044,0.03125023831232504,28137.24127871602,-31250.23831232504,TRUE,0.0031129970336090176,3112.9970336090178
2020-04-21,0.95,-0.040563656391668125,Rolling Gaussian,0.02843689914697412,0.050000000000000044,0.040563656391668125,28436.89914697412,-40563.656391668126,TRUE,0.012126757244694007,12126.757244694007
2020-04-30,0.95,-0.03766356237583766,Rolling Gaussian,0.028799935933316968,0.050000000000000044,0.03766356237583766,28799.935933316967,-37663.56237583766,TRUE,0.00886362644252069,8863.62644252069
2020-05-13,0.95,-0.03980220951699303,Rolling Gaussian,0.029220228402176123,0.050000000000000044,0.03980220951699303,29220.228402176122,-39802.20951699303,TRUE,0.010581981114816907,10581.981114816906
2020-06-11,0.95,-0.04191612370110864,Rolling Gaussian,0.030086533972437463,0.050000000000000044,0.04191612370110864,30086.53397243746,-41916.12370110864,TRUE,0.01182958972867118,11829.58972867118
2022-03-23,0.95,-0.025688996624534256,Rolling Gaussian,0.01843846700693719,0.050000000000000044,0.025688996624534256,18438.46700693719,-25688.996624534255,TRUE,0.007250529617597066,7250.529617597066
2022-04-22,0.95,-0.020685931161574484,Rolling Gaussian,0.015271498271132557,0.050000000000000044,0.020685931161574484,15271.498271132557,-20685.931161574485,TRUE,0.005414432890441927,5414.432890441927
2022-05-05,0.95,-0.015060191051310935,Rolling Gaussian,0.014831813586370608,0.050000000000000044,0.015060191051310935,14831.813586370608,-15060.191051310936,TRUE,2.2837746494032765e-4,228.37746494032766
2022-05-18,0.95,-0.016534488422213535,Rolling Gaussian,0.01439110859252544,0.050000000000000044,0.016534488422213535,14391.10859252544,-16534.488422213533,TRUE,0.002143379829688095,2143.379829688095
2022-06-09,0.95,-0.014440445695179603,Rolling Gaussian,0.012976341996619501,0.050000000000000044,0.014440445695179603,12976.341996619502,-14440.445695179602,TRUE,0.0014641036985601017,1464.1036985601017
2022-06-10,0.95,-0.019196020863742686,Rolling Gaussian,0.012607107952095688,0.050000000000000044,0.019196020863742686,12607.107952095688,-19196.020863742688,TRUE,0.006588912911646998,6588.9129116469985
2022-06-13,0.95,-0.018139471177794665,Rolling Gaussian,0.012695097115478744,0.050000000000000044,0.018139471177794665,12695.097115478744,-18139.471177794665,TRUE,0.005444374062315922,5444.374062315922
2022-06-16,0.95,-0.02822756167805516,Rolling Gaussian,0.012786228004523484,0.050000000000000044,0.02822756167805516,12786.228004523484,-28227.561678055157,TRUE,0.015441333673531675,15441.333673531675
2022-06-22,0.95,-0.014604463551747195,Rolling Gaussian,0.013009963833253894,0.050000000000000044,0.014604463551747195,13009.963833253894,-14604.463551747194,TRUE,0.0015944997184933005,1594.4997184933006
2022-06-23,0.95,-0.029162311245563306,Rolling Gaussian,0.012979534977426514,0.050000000000000044,0.029162311245563306,12979.534977426514,-29162.311245563305,TRUE,0.016182776268136793,16182.776268136793
2022-07-14,0.95,-0.03664511343286332,Rolling Gaussian,0.012986921940391192,0.050000000000000044,0.03664511343286332,12986.921940391192,-36645.11343286332,TRUE,0.023658191492472128,23658.191492472128
2022-08-24,0.95,-0.015495699606510593,Rolling Gaussian,0.013418525394150832,0.050000000000000044,0.015495699606510593,13418.525394150833,-15495.699606510594,TRUE,0.002077174212359761,2077.174212359761
2022-08-30,0.95,-0.013733769937783783,Rolling Gaussian,0.01343451262840507,0.050000000000000044,0.013733769937783783,13434.51262840507,-13733.769937783783,TRUE,2.992573093787126e-4,299.2573093787126
2022-08-31,0.95,-0.0155692676487912,Rolling Gaussian,0.013491125751253864,0.050000000000000044,0.0155692676487912,13491.125751253865,-15569.267648791201,TRUE,0.0020781418975373365,2078.1418975373363
2022-09-13,0.95,-0.017523513646868324,Rolling Gaussian,0.013567062901412158,0.050000000000000044,0.017523513646868324,13567.062901412159,-17523.513646868323,TRUE,0.003956450745456166,3956.450745456166
2022-09-23,0.95,-0.0179726517006224,Rolling Gaussian,0.013602379152565347,0.050000000000000044,0.0179726517006224,13602.379152565347,-17972.6517006224,TRUE,0.0043702725480570526,4370.2725480570525
2022-10-06,0.95,-0.026669744828812236,Rolling Gaussian,0.013766581029573614,0.050000000000000044,0.026669744828812236,13766.581029573614,-26669.744828812236,TRUE,0.012903163799238622,12903.163799238622
2022-10-07,0.95,-0.02061059695395665,Rolling Gaussian,0.013964564278538072,0.050000000000000044,0.02061059695395665,13964.564278538071,-20610.59695395665,TRUE,0.00664603267541858,6646.03267541858
2022-10-11,0.95,-0.024613947740271775,Rolling Gaussian,0.01406223270586246,0.050000000000000044,0.024613947740271775,14062.23270586246,-24613.947740271775,TRUE,0.010551715034409315,10551.715034409315
2022-12-13,0.95,-0.016030062873390816,Rolling Gaussian,0.014017364046066783,0.050000000000000044,0.016030062873390816,14017.364046066783,-16030.062873390816,TRUE,0.0020126988273240325,2012.6988273240324
2023-03-09,0.95,-0.019585036590598456,Rolling Gaussian,0.014201203053927658,0.050000000000000044,0.019585036590598456,14201.203053927658,-19585.036590598454,TRUE,0.005383833536670797,5383.833536670797
2023-03-10,0.95,-0.02110718938113918,Rolling Gaussian,0.014313515892942701,0.050000000000000044,0.02110718938113918,14313.515892942702,-21107.189381139182,TRUE,0.00679367348819648,6793.673488196479
2023-03-13,0.95,-0.017514144276428962,Rolling Gaussian,0.01444578418847617,0.050000000000000044,0.017514144276428962,14445.784188476171,-17514.14427642896,TRUE,0.0030683600879527918,3068.3600879527917
2023-03-15,0.95,-0.020528485933378027,Rolling Gaussian,0.014532582284548288,0.050000000000000044,0.020528485933378027,14532.582284548289,-20528.485933378026,TRUE,0.0059959036488297385,5995.903648829739
2023-03-17,0.95,-0.016457337792721294,Rolling Gaussian,0.014656542714146821,0.050000000000000044,0.016457337792721294,14656.54271414682,-16457.337792721293,TRUE,0.0018007950785744724,1800.7950785744724
2023-04-25,0.95,-0.01898816163915762,Rolling Gaussian,0.014738133029386258,0.050000000000000044,0.01898816163915762,14738.133029386257,-18988.16163915762,TRUE,0.004250028609771361,4250.0286097713615
2023-05-02,0.95,-0.019332143615484576,Rolling Gaussian,0.014849914116683289,0.050000000000000044,0.019332143615484576,14849.914116683289,-19332.143615484576,TRUE,0.0044822294988012875,4482.229498801287
2023-05-24,0.95,-0.019926056003202408,Rolling Gaussian,0.01516026118882792,0.050000000000000044,0.019926056003202408,15160.26118882792,-19926.056003202408,TRUE,0.004765794814374488,4765.794814374488
2023-08-15,0.95,-0.020572830850598613,Rolling Gaussian,0.015538016800931887,0.050000000000000044,0.020572830850598613,15538.016800931886,-20572.830850598613,TRUE,0.005034814049666726,5034.814049666726
2023-10-02,0.95,-0.02051623613951814,Rolling Gaussian,0.015821807908951283,0.050000000000000044,0.02051623613951814,15821.807908951283,-20516.23613951814,TRUE,0.004694428230566858,4694.428230566858
2023-10-03,0.95,-0.01812051081227733,Rolling Gaussian,0.015934052207828703,0.050000000000000044,0.01812051081227733,15934.052207828703,-18120.51081227733,TRUE,0.002186458604448629,2186.4586044486286
2023-10-18,0.95,-0.019683064543652967,Rolling Gaussian,0.016080929338895933,0.050000000000000044,0.019683064543652967,16080.929338895932,-19683.064543652967,TRUE,0.0036021352047570336,3602.1352047570335
2023-10-20,0.95,-0.02523731281853081,Rolling Gaussian,0.0161988324417955,0.050000000000000044,0.02523731281853081,16198.8324417955,-25237.31281853081,TRUE,0.009038480376735311,9038.480376735311
2023-11-28,0.95,-0.016959082368901403,Rolling Gaussian,0.01649531090512681,0.050000000000000044,0.016959082368901403,16495.31090512681,-16959.082368901403,TRUE,4.6377146377459336e-4,463.77146377459337
2024-02-13,0.95,-0.018585409359217948,Rolling Gaussian,0.016437776531655204,0.050000000000000044,0.018585409359217948,16437.776531655203,-18585.40935921795,TRUE,0.002147632827562744,2147.632827562744
2024-05-29,0.95,-0.02283991547821477,Rolling Gaussian,0.015265469365051621,0.050000000000000044,0.02283991547821477,15265.469365051622,-22839.915478214767,TRUE,0.0075744461131631476,7574.446113163148
2024-08-02,0.95,-0.018752520281974328,Rolling Gaussian,0.014318438895841053,0.050000000000000044,0.018752520281974328,14318.438895841053,-18752.520281974328,TRUE,0.004434081386133274,4434.0813861332745
2024-12-18,0.95,-0.01243888971762791,Rolling Gaussian,0.012212684745132964,0.050000000000000044,0.01243888971762791,12212.684745132963,-12438.88971762791,TRUE,2.2620497249494637e-4,226.20497249494636
2025-02-03,0.95,-0.021623538460132225,Rolling Gaussian,0.012237292610170251,0.050000000000000044,0.021623538460132225,12237.29261017025,-21623.538460132226,TRUE,0.009386245849961974,9386.245849961973
2025-03-04,0.95,-0.024599518021579243,Rolling Gaussian,0.012304253649846273,0.050000000000000044,0.024599518021579243,12304.253649846274,-24599.518021579242,TRUE,0.01229526437173297,12295.264371732968
2025-03-11,0.95,-0.015479442637656696,Rolling Gaussian,0.012140496296794,0.050000000000000044,0.015479442637656696,12140.496296794,-15479.442637656695,TRUE,0.0033389463408626963,3338.946340862696
2025-03-28,0.95,-0.013358830577093398,Rolling Gaussian,0.012007241991574224,0.050000000000000044,0.013358830577093398,12007.241991574223,-13358.830577093398,TRUE,0.0013515885855191739,1351.5885855191739
2025-04-03,0.95,-0.017283902790054873,Rolling Gaussian,0.012035536075950037,0.050000000000000044,0.017283902790054873,12035.536075950038,-17283.90279005487,TRUE,0.005248366714104835,5248.366714104835
2025-04-04,0.95,-0.03419233311848853,Rolling Gaussian,0.012142927146461193,0.050000000000000044,0.03419233311848853,12142.927146461194,-34192.33311848853,TRUE,0.022049405972027335,22049.405972027336
2025-04-07,0.95,-0.02403952475134694,Rolling Gaussian,0.012471702689865123,0.050000000000000044,0.02403952475134694,12471.702689865122,-24039.52475134694,TRUE,0.011567822061481816,11567.822061481816
2025-04-10,0.95,-0.029719183483297867,Rolling Gaussian,0.01289818876085901,0.050000000000000044,0.029719183483297867,12898.18876085901,-29719.183483297867,TRUE,0.016820994722438858,16820.994722438856
2025-10-16,0.95,-0.014064910031599523,Rolling Gaussian,0.010829501318354163,0.050000000000000044,0.014064910031599523,10829.501318354163,-14064.910031599524,TRUE,0.0032354087132453607,3235.4087132453606
2025-10-29,0.95,-0.011279875302067236,Rolling Gaussian,0.010546970175235332,0.050000000000000044,0.011279875302067236,10546.970175235332,-11279.875302067236,TRUE,7.329051268319033e-4,732.9051268319033
2025-11-13,0.95,-0.010541335321681536,Rolling Gaussian,0.010393318078674933,0.050000000000000044,0.010541335321681536,10393.318078674933,-10541.335321681536,TRUE,1.4801724300660297e-4,148.01724300660297
2025-12-17,0.95,-0.010438438051725526,Rolling Gaussian,0.0102047565611191,0.050000000000000044,0.010438438051725526,10204.7565611191,-10438.438051725527,TRUE,2.3368149060642648e-4,233.68149060642648
2026-01-06,0.95,-0.011102278543149841,Rolling Gaussian,0.010239552509613385,0.050000000000000044,0.011102278543149841,10239.552509613386,-11102.278543149841,TRUE,8.62726033536456e-4,862.726033536456
2026-01-20,0.95,-0.013269002227779306,Rolling Gaussian,0.010100138930262379,0.050000000000000044,0.013269002227779306,10100.13893026238,-13269.002227779307,TRUE,0.003168863297516927,3168.863297516927
2026-01-30,0.95,-0.011504502473792661,Rolling Gaussian,0.010188312973160894,0.050000000000000044,0.011504502473792661,10188.312973160893,-11504.502473792661,TRUE,0.0013161895006317675,1316.1895006317675
2026-02-12,0.95,-0.01475050885527925,Rolling Gaussian,0.010102992332182181,0.050000000000000044,0.01475050885527925,10102.99233218218,-14750.50885527925,TRUE,0.004647516523097068,4647.516523097068
2026-02-23,0.95,-0.010609177373527937,Rolling Gaussian,0.010189422675801077,0.050000000000000044,0.010609177373527937,10189.422675801077,-10609.177373527937,TRUE,4.197546977268603e-4,419.7546977268603
2026-02-27,0.95,-0.020740916145081906,Rolling Gaussian,0.010328130655193175,0.050000000000000044,0.020740916145081906,10328.130655193176,-20740.916145081905,TRUE,0.010412785489888731,10412.78548988873
2026-03-03,0.95,-0.011917753773477275,Rolling Gaussian,0.01048728340184141,0.050000000000000044,0.011917753773477275,10487.28340184141,-11917.753773477274,TRUE,0.001430470371635864,1430.470371635864
2026-03-05,0.95,-0.010932243305378193,Rolling Gaussian,0.010557227662261193,0.050000000000000044,0.010932243305378193,10557.227662261193,-10932.243305378193,TRUE,3.75015643117e-4,375.015643117
2026-03-06,0.95,-0.017081335281713995,Rolling Gaussian,0.01061985441310129,0.050000000000000044,0.017081335281713995,10619.854413101291,-17081.335281713997,TRUE,0.006461480868612705,6461.480868612704
2026-03-12,0.95,-0.015916092406627076,Rolling Gaussian,0.010786760276236105,0.050000000000000044,0.015916092406627076,10786.760276236104,-15916.092406627076,TRUE,0.005129332130390971,5129.332130390971
2026-03-19,0.95,-0.01188510674753155,Rolling Gaussian,0.010947078568505023,0.050000000000000044,0.01188510674753155,10947.078568505023,-11885.10674753155,TRUE,9.380281790265267e-4,938.0281790265267
2026-03-20,0.95,-0.015159793289768981,Rolling Gaussian,0.011013448785828096,0.050000000000000044,0.015159793289768981,11013.448785828095,-15159.79328976898,TRUE,0.004146344503940885,4146.344503940885
2026-03-26,0.95,-0.018690033297548144,Rolling Gaussian,0.011122725956936157,0.050000000000000044,0.018690033297548144,11122.725956936158,-18690.033297548143,TRUE,0.007567307340611987,7567.3073406119875
2026-04-29,0.95,-0.011244444939006835,Rolling Gaussian,0.011134168324914748,0.050000000000000044,0.011244444939006835,11134.168324914748,-11244.444939006835,TRUE,1.1027661409208737e-4,110.27661409208737
2026-05-04,0.95,-0.013146034524824192,Rolling Gaussian,0.011237724915932019,0.050000000000000044,0.013146034524824192,11237.724915932018,-13146.034524824192,TRUE,0.0019083096088921732,1908.3096088921732
2026-05-13,0.95,-0.012283229506587535,Rolling Gaussian,0.011387512596359903,0.050000000000000044,0.012283229506587535,11387.512596359904,-12283.229506587535,TRUE,8.957169102276324e-4,895.7169102276324
2026-05-28,0.95,-0.013424069785424745,Rolling Gaussian,0.011266763257768018,0.050000000000000044,0.013424069785424745,11266.763257768018,-13424.069785424745,TRUE,0.002157306527656727,2157.3065276567268
2026-06-01,0.95,-0.015450400466893794,Rolling Gaussian,0.011288531876285438,0.050000000000000044,0.015450400466893794,11288.531876285437,-15450.400466893794,TRUE,0.0041618685906083565,4161.8685906083565
2026-07-02,0.95,-0.014356038479997946,Rolling Gaussian,0.011160466364806186,0.050000000000000044,0.014356038479997946,11160.466364806187,-14356.038479997946,TRUE,0.0031955721151917596,3195.5721151917596
2026-07-08,0.95,-0.02133759695753697,Rolling Gaussian,0.011196168256011994,0.050000000000000044,0.02133759695753697,11196.168256011993,-21337.59695753697,TRUE,0.010141428701524976,10141.428701524976
2017-02-24,0.99,-0.014238157070220152,EWMA Gaussian,0.010903412701930494,0.010000000000000009,0.014238157070220152,10903.412701930494,-14238.157070220152,TRUE,0.003334744368289658,3334.7443682896583
2017-04-26,0.99,-0.018181603321439456,EWMA Gaussian,0.015357232100996739,0.010000000000000009,0.018181603321439456,15357.232100996738,-18181.603321439456,TRUE,0.002824371220442717,2824.371220442717
2017-04-27,0.99,-0.01965787039200567,EWMA Gaussian,0.018062410075827356,0.010000000000000009,0.01965787039200567,18062.410075827356,-19657.87039200567,TRUE,0.0015954603161783126,1595.4603161783127
2017-08-10,0.99,-0.012015848809546998,EWMA Gaussian,0.008652223345560293,0.010000000000000009,0.012015848809546998,8652.223345560293,-12015.848809546998,TRUE,0.0033636254639867053,3363.625463986705
2018-02-02,0.99,-0.011536641763030726,EWMA Gaussian,0.006338879816442636,0.010000000000000009,0.011536641763030726,6338.879816442636,-11536.641763030726,TRUE,0.0051977619465880896,5197.76194658809
2018-02-05,0.99,-0.025088785615633786,EWMA Gaussian,0.008731015463859728,0.010000000000000009,0.025088785615633786,8731.015463859729,-25088.785615633788,TRUE,0.01635777015177406,16357.770151774059
2018-02-08,0.99,-0.019329394732978806,EWMA Gaussian,0.015100003938904615,0.010000000000000009,0.019329394732978806,15100.003938904614,-19329.394732978806,TRUE,0.004229390794074191,4229.390794074191
2018-03-22,0.99,-0.015174352502188328,EWMA Gaussian,0.011965069695819487,0.010000000000000009,0.015174352502188328,11965.069695819488,-15174.352502188327,TRUE,0.0032092828063688406,3209.2828063688407
2018-03-23,0.99,-0.017686648132303785,EWMA Gaussian,0.01431203834355488,0.010000000000000009,0.017686648132303785,14312.03834355488,-17686.648132303784,TRUE,0.0033746097887489054,3374.6097887489054
2018-05-29,0.99,-0.019639960639575384,EWMA Gaussian,0.009958251667991603,0.010000000000000009,0.019639960639575384,9958.251667991603,-19639.960639575384,TRUE,0.009681708971583781,9681.708971583781
2018-06-25,0.99,-0.013481004164221062,EWMA Gaussian,0.010136418348622236,0.010000000000000009,0.013481004164221062,10136.418348622237,-13481.004164221062,TRUE,0.003344585815598825,3344.5858155988253
2018-08-07,0.99,-0.006713949039381717,EWMA Gaussian,0.006507442578501561,0.010000000000000009,0.006713949039381717,6507.442578501561,-6713.949039381717,TRUE,2.0650646088015562e-4,206.50646088015563
2018-09-28,0.99,-0.009907634521581924,EWMA Gaussian,0.007338661919552993,0.010000000000000009,0.009907634521581924,7338.661919552993,-9907.634521581924,TRUE,0.002568972602028931,2568.9726020289313
2018-10-10,0.99,-0.011694528724469022,EWMA Gaussian,0.008584695581055395,0.010000000000000009,0.011694528724469022,8584.695581055395,-11694.528724469023,TRUE,0.0031098331434136275,3109.8331434136276
2018-10-11,0.99,-0.021697648646396797,EWMA Gaussian,0.01054597034103194,0.010000000000000009,0.021697648646396797,10545.97034103194,-21697.648646396796,TRUE,0.011151678305364857,11151.678305364856
2018-10-24,0.99,-0.022780004307335656,EWMA Gaussian,0.014742366980073002,0.010000000000000009,0.022780004307335656,14742.366980073002,-22780.004307335657,TRUE,0.008037637327262655,8037.637327262655
2018-12-21,0.99,-0.01904019198150388,EWMA Gaussian,0.017853114732795043,0.010000000000000009,0.01904019198150388,17853.114732795042,-19040.19198150388,TRUE,0.0011870772487088364,1187.0772487088364
2019-03-22,0.99,-0.012555763495424735,EWMA Gaussian,0.0108200526415836,0.010000000000000009,0.012555763495424735,10820.052641583601,-12555.763495424735,TRUE,0.0017357108538411346,1735.7108538411346
2019-05-13,0.99,-0.011102214712841488,EWMA Gaussian,0.009906133098200744,0.010000000000000009,0.011102214712841488,9906.133098200744,-11102.214712841487,TRUE,0.0011960816146407444,1196.0816146407444
2019-05-22,0.99,-0.01123255045705899,EWMA Gaussian,0.010713146944947587,0.010000000000000009,0.01123255045705899,10713.146944947586,-11232.550457058991,TRUE,5.194035121114035e-4,519.4035121114035
2019-05-23,0.99,-0.012224422577591116,EWMA Gaussian,0.012138306956893974,0.010000000000000009,0.012224422577591116,12138.306956893974,-12224.422577591116,TRUE,8.611562069714244e-5,86.11562069714245
2019-08-01,0.99,-0.01015525813962929,EWMA Gaussian,0.008781976865363495,0.010000000000000009,0.01015525813962929,8781.976865363495,-10155.25813962929,TRUE,0.0013732812742657946,1373.2812742657945
2019-08-06,0.99,-0.013530855340670165,EWMA Gaussian,0.01080296273905182,0.010000000000000009,0.013530855340670165,10802.96273905182,-13530.855340670165,TRUE,0.0027278926016183445,2727.8926016183445
2019-08-14,0.99,-0.020297529364242006,EWMA Gaussian,0.012942240804127973,0.010000000000000009,0.020297529364242006,12942.240804127974,-20297.529364242007,TRUE,0.007355288560114033,7355.288560114033
2019-12-03,0.99,-0.009063636850500415,EWMA Gaussian,0.007530057964185474,0.010000000000000009,0.009063636850500415,7530.057964185474,-9063.636850500416,TRUE,0.0015335788863149406,1533.5788863149405
2019-12-05,0.99,-0.010745028605837129,EWMA Gaussian,0.00871032992287505,0.010000000000000009,0.010745028605837129,8710.32992287505,-10745.02860583713,TRUE,0.002034698682962079,2034.698682962079
2020-01-31,0.99,-0.00954408294278721,EWMA Gaussian,0.006472224296505429,0.010000000000000009,0.00954408294278721,6472.224296505429,-9544.08294278721,TRUE,0.003071858646281781,3071.858646281781
2020-02-24,0.99,-0.01222052849371861,EWMA Gaussian,0.00779697243709887,0.010000000000000009,0.01222052849371861,7796.972437098871,-12220.528493718612,TRUE,0.0044235560566197405,4423.556056619741
2020-02-25,0.99,-0.015397862411281235,EWMA Gaussian,0.010242251438738584,0.010000000000000009,0.015397862411281235,10242.251438738584,-15397.862411281234,TRUE,0.00515561097254265,5155.61097254265
2020-02-27,0.99,-0.022189328872467214,EWMA Gaussian,0.013269766008486322,0.010000000000000009,0.022189328872467214,13269.766008486322,-22189.328872467213,TRUE,0.008919562863980893,8919.562863980893
2020-02-28,0.99,-0.022492636138809065,EWMA Gaussian,0.018028235970910758,0.010000000000000009,0.022492636138809065,18028.23597091076,-22492.636138809066,TRUE,0.004464400167898307,4464.400167898307
2020-03-05,0.99,-0.02556800802057853,EWMA Gaussian,0.024050570170985913,0.010000000000000009,0.02556800802057853,24050.570170985913,-25568.00802057853,TRUE,0.0015174378495926184,1517.4378495926185
2020-03-06,0.99,-0.033444623174640545,EWMA Gaussian,0.02754235815098596,0.010000000000000009,0.033444623174640545,27542.358150985958,-33444.62317464055,TRUE,0.0059022650236545855,5902.265023654585
2020-03-09,0.99,-0.11843846161163316,EWMA Gaussian,0.03287520336714414,0.010000000000000009,0.11843846161163316,32875.20336714414,-118438.46161163316,TRUE,0.08556325824448902,85563.25824448901
2020-03-12,0.99,-0.13435474785949877,EWMA Gaussian,0.0754875981475534,0.010000000000000009,0.13435474785949877,75487.5981475534,-134354.74785949878,TRUE,0.05886714971194537,58867.14971194537
2020-10-28,0.99,-0.022665793873276698,EWMA Gaussian,0.021378266114166784,0.010000000000000009,0.022665793873276698,21378.266114166785,-22665.793873276696,TRUE,0.001287527759109914,1287.5277591099139
2021-01-29,0.99,-0.017879868461810257,EWMA Gaussian,0.014982253735018422,0.010000000000000009,0.017879868461810257,14982.253735018423,-17879.868461810256,TRUE,0.002897614726791835,2897.614726791835
2021-07-08,0.99,-0.01345857319948653,EWMA Gaussian,0.010465095082530547,0.010000000000000009,0.01345857319948653,10465.095082530548,-13458.57319948653,TRUE,0.002993478116955982,2993.4781169559824
2021-07-19,0.99,-0.02104688982237631,EWMA Gaussian,0.01277100419453947,0.010000000000000009,0.02104688982237631,12771.00419453947,-21046.88982237631,TRUE,0.008275885627836838,8275.885627836838
2021-08-26,0.99,-0.013452296059776752,EWMA Gaussian,0.01196207989730444,0.010000000000000009,0.013452296059776752,11962.07989730444,-13452.296059776752,TRUE,0.0014902161624723125,1490.2161624723124
2021-09-20,0.99,-0.016977044168322127,EWMA Gaussian,0.011805375326679617,0.010000000000000009,0.016977044168322127,11805.375326679618,-16977.04416832213,TRUE,0.00517166884164251,5171.6688416425095
2021-11-26,0.99,-0.019295545866491754,EWMA Gaussian,0.010619983654743077,0.010000000000000009,0.019295545866491754,10619.983654743077,-19295.545866491753,TRUE,0.008675562211748677,8675.562211748676
2021-11-30,0.99,-0.02658741803894691,EWMA Gaussian,0.014731746761504388,0.010000000000000009,0.02658741803894691,14731.746761504388,-26587.41803894691,TRUE,0.011855671277442522,11855.671277442521
2022-02-24,0.99,-0.019661471969042534,EWMA Gaussian,0.017711662198949388,0.010000000000000009,0.019661471969042534,17711.662198949387,-19661.471969042534,TRUE,0.0019498097700931458,1949.8097700931457
2022-03-23,0.99,-0.025688996624534256,EWMA Gaussian,0.02201424733719702,0.010000000000000009,0.025688996624534256,22014.247337197023,-25688.996624534255,TRUE,0.0036747492873372353,3674.7492873372353
2022-04-22,0.99,-0.020685931161574484,EWMA Gaussian,0.018791814907929683,0.010000000000000009,0.020685931161574484,18791.81490792968,-20685.931161574485,TRUE,0.0018941162536448009,1894.116253644801
2022-06-16,0.99,-0.02822756167805516,EWMA Gaussian,0.022843230809473203,0.010000000000000009,0.02822756167805516,22843.230809473203,-28227.561678055157,TRUE,0.005384330868581956,5384.330868581956
2022-06-23,0.99,-0.029162311245563306,EWMA Gaussian,0.026891906345953308,0.010000000000000009,0.029162311245563306,26891.906345953306,-29162.311245563305,TRUE,0.0022704048996099978,2270.4048996099978
2022-07-14,0.99,-0.03664511343286332,EWMA Gaussian,0.023975198602867506,0.010000000000000009,0.03664511343286332,23975.198602867506,-36645.11343286332,TRUE,0.012669914829995816,12669.914829995816
2022-10-06,0.99,-0.026669744828812236,EWMA Gaussian,0.02590051439898833,0.010000000000000009,0.026669744828812236,25900.514398988333,-26669.744828812236,TRUE,7.692304298239049e-4,769.2304298239048
2023-02-21,0.99,-0.01369752906673214,EWMA Gaussian,0.012532362777710254,0.010000000000000009,0.01369752906673214,12532.362777710254,-13697.52906673214,TRUE,0.0011651662890218868,1165.1662890218868
2023-03-09,0.99,-0.019585036590598456,EWMA Gaussian,0.015734018086000653,0.010000000000000009,0.019585036590598456,15734.018086000653,-19585.036590598454,TRUE,0.0038510185045978022,3851.0185045978023
2023-03-10,0.99,-0.02110718938113918,EWMA Gaussian,0.018863213330633514,0.010000000000000009,0.02110718938113918,18863.213330633513,-21107.189381139182,TRUE,0.0022439760505056673,2243.9760505056674
2023-04-25,0.99,-0.01898816163915762,EWMA Gaussian,0.016672692061925138,0.010000000000000009,0.01898816163915762,16672.69206192514,-18988.16163915762,TRUE,0.002315469577232481,2315.4695772324812
2023-05-02,0.99,-0.019332143615484576,EWMA Gaussian,0.01888925606199621,0.010000000000000009,0.019332143615484576,18889.25606199621,-19332.143615484576,TRUE,4.428875534883657e-4,442.8875534883657
2023-08-15,0.99,-0.020572830850598613,EWMA Gaussian,0.015053669877597185,0.010000000000000009,0.020572830850598613,15053.669877597185,-20572.830850598613,TRUE,0.005519160973001428,5519.160973001428
2023-10-02,0.99,-0.02051623613951814,EWMA Gaussian,0.01963061752003946,0.010000000000000009,0.02051623613951814,19630.617520039457,-20516.23613951814,TRUE,8.856186194786814e-4,885.6186194786814
2023-10-20,0.99,-0.02523731281853081,EWMA Gaussian,0.02349336606951562,0.010000000000000009,0.02523731281853081,23493.36606951562,-25237.31281853081,TRUE,0.0017439467490151898,1743.9467490151899
2024-02-13,0.99,-0.018585409359217948,EWMA Gaussian,0.015832328711613025,0.010000000000000009,0.018585409359217948,15832.328711613025,-18585.40935921795,TRUE,0.0027530806476049226,2753.0806476049224
2024-04-10,0.99,-0.015088149247849104,EWMA Gaussian,0.013479974066659118,0.010000000000000009,0.015088149247849104,13479.974066659119,-15088.149247849104,TRUE,0.0016081751811899865,1608.1751811899865
2024-05-29,0.99,-0.02283991547821477,EWMA Gaussian,0.012415349763669516,0.010000000000000009,0.02283991547821477,12415.349763669516,-22839.915478214767,TRUE,0.010424565714545253,10424.565714545253
2024-08-02,0.99,-0.018752520281974328,EWMA Gaussian,0.014384984771684454,0.010000000000000009,0.018752520281974328,14384.984771684454,-18752.520281974328,TRUE,0.004367535510289873,4367.535510289873
2024-10-31,0.99,-0.011133806128044045,EWMA Gaussian,0.010267923775701704,0.010000000000000009,0.011133806128044045,10267.923775701704,-11133.806128044045,TRUE,8.658823523423412e-4,865.8823523423412
2024-12-18,0.99,-0.01243888971762791,EWMA Gaussian,0.008121771400329375,0.010000000000000009,0.01243888971762791,8121.771400329375,-12438.88971762791,TRUE,0.004317118317298535,4317.118317298535
2025-02-03,0.99,-0.021623538460132225,EWMA Gaussian,0.009661665640693318,0.010000000000000009,0.021623538460132225,9661.665640693318,-21623.538460132226,TRUE,0.011961872819438907,11961.872819438908
2025-03-04,0.99,-0.024599518021579243,EWMA Gaussian,0.01317248432267552,0.010000000000000009,0.024599518021579243,13172.48432267552,-24599.518021579242,TRUE,0.011427033698903723,11427.033698903722
2025-04-04,0.99,-0.03419233311848853,EWMA Gaussian,0.021015244080608005,0.010000000000000009,0.03419233311848853,21015.244080608005,-34192.33311848853,TRUE,0.013177089037880525,13177.089037880525
2025-10-08,0.99,-0.010506906643810819,EWMA Gaussian,0.009740139151714318,0.010000000000000009,0.010506906643810819,9740.139151714318,-10506.906643810818,TRUE,7.667674920965005e-4,766.7674920965005
2025-10-16,0.99,-0.014064910031599523,EWMA Gaussian,0.013468703113838824,0.010000000000000009,0.014064910031599523,13468.703113838825,-14064.910031599524,TRUE,5.962069177606992e-4,596.2069177606992
2026-01-20,0.99,-0.013269002227779306,EWMA Gaussian,0.012896034280155762,0.010000000000000009,0.013269002227779306,12896.034280155762,-13269.002227779307,TRUE,3.7296794762354396e-4,372.967947623544
2026-07-08,0.99,-0.02133759695753697,EWMA Gaussian,0.018893296816720234,0.010000000000000009,0.02133759695753697,18893.296816720234,-21337.59695753697,TRUE,0.0024443001408167367,2444.3001408167365
2017-02-24,0.99,-0.014238157070220152,"GARCH(1,1) Gaussian",0.00998351070652036,0.010000000000000009,0.014238157070220152,9983.510706520361,-14238.157070220152,TRUE,0.004254646363699792,4254.646363699791
2017-04-26,0.99,-0.018181603321439456,"GARCH(1,1) Gaussian",0.016890466719661164,0.010000000000000009,0.018181603321439456,16890.466719661163,-18181.603321439456,TRUE,0.0012911366017782921,1291.136601778292
2017-08-10,0.99,-0.012015848809546998,"GARCH(1,1) Gaussian",0.009829054358973337,0.010000000000000009,0.012015848809546998,9829.054358973337,-12015.848809546998,TRUE,0.0021867944505736606,2186.7944505736605
2018-02-02,0.99,-0.011536641763030726,"GARCH(1,1) Gaussian",0.00849895548294699,0.010000000000000009,0.011536641763030726,8498.95548294699,-11536.641763030726,TRUE,0.0030376862800837352,3037.6862800837353
2018-02-05,0.99,-0.025088785615633786,"GARCH(1,1) Gaussian",0.012024649811006654,0.010000000000000009,0.025088785615633786,12024.649811006655,-25088.785615633788,TRUE,0.013064135804627132,13064.13580462713
2018-02-08,0.99,-0.019329394732978806,"GARCH(1,1) Gaussian",0.019219445461681178,0.010000000000000009,0.019329394732978806,19219.445461681178,-19329.394732978806,TRUE,1.0994927129762827e-4,109.94927129762827
2018-03-22,0.99,-0.015174352502188328,"GARCH(1,1) Gaussian",0.008828073774258012,0.010000000000000009,0.015174352502188328,8828.073774258013,-15174.352502188327,TRUE,0.006346278727930315,6346.278727930316
2018-03-23,0.99,-0.017686648132303785,"GARCH(1,1) Gaussian",0.0152368892873634,0.010000000000000009,0.017686648132303785,15236.889287363401,-17686.648132303784,TRUE,0.002449758844940385,2449.7588449403847
2018-05-29,0.99,-0.019639960639575384,"GARCH(1,1) Gaussian",0.009647212033201727,0.010000000000000009,0.019639960639575384,9647.212033201726,-19639.960639575384,TRUE,0.009992748606373657,9992.748606373658
2018-06-25,0.99,-0.013481004164221062,"GARCH(1,1) Gaussian",0.010136934829012576,0.010000000000000009,0.013481004164221062,10136.934829012576,-13481.004164221062,TRUE,0.003344069335208486,3344.069335208486
2018-09-28,0.99,-0.009907634521581924,"GARCH(1,1) Gaussian",0.009212149028991557,0.010000000000000009,0.009907634521581924,9212.149028991556,-9907.634521581924,TRUE,6.95485492590367e-4,695.485492590367
2018-10-10,0.99,-0.011694528724469022,"GARCH(1,1) Gaussian",0.010813432045969401,0.010000000000000009,0.011694528724469022,10813.4320459694,-11694.528724469023,TRUE,8.810966784996207e-4,881.0966784996207
2018-10-11,0.99,-0.021697648646396797,"GARCH(1,1) Gaussian",0.016172534870146197,0.010000000000000009,0.021697648646396797,16172.534870146197,-21697.648646396796,TRUE,0.0055251137762506,5525.1137762506005
2018-10-24,0.99,-0.022780004307335656,"GARCH(1,1) Gaussian",0.012268532358359062,0.010000000000000009,0.022780004307335656,12268.532358359062,-22780.004307335657,TRUE,0.010511471948976595,10511.471948976596
2018-11-20,0.99,-0.013595310262247806,"GARCH(1,1) Gaussian",0.012567583550808621,0.010000000000000009,0.013595310262247806,12567.583550808622,-13595.310262247805,TRUE,0.001027726711439185,1027.726711439185
2018-12-04,0.99,-0.01530526150614982,"GARCH(1,1) Gaussian",0.014995801708226165,0.010000000000000009,0.01530526150614982,14995.801708226165,-15305.26150614982,TRUE,3.0945979792365574e-4,309.45979792365574
2018-12-21,0.99,-0.01904019198150388,"GARCH(1,1) Gaussian",0.01762611872879339,0.010000000000000009,0.01904019198150388,17626.11872879339,-19040.19198150388,TRUE,0.0014140732527104898,1414.0732527104897
2019-03-22,0.99,-0.012555763495424735,"GARCH(1,1) Gaussian",0.01248521787745061,0.010000000000000009,0.012555763495424735,12485.21787745061,-12555.763495424735,TRUE,7.054561797412498e-5,70.54561797412498
2019-05-13,0.99,-0.011102214712841488,"GARCH(1,1) Gaussian",0.010790632922049735,0.010000000000000009,0.011102214712841488,10790.632922049735,-11102.214712841487,TRUE,3.1158179079175327e-4,311.5817907917533
2019-05-22,0.99,-0.01123255045705899,"GARCH(1,1) Gaussian",0.011025275530735812,0.010000000000000009,0.01123255045705899,11025.275530735813,-11232.550457058991,TRUE,2.0727492632317823e-4,207.27492632317822
2019-08-01,0.99,-0.01015525813962929,"GARCH(1,1) Gaussian",0.008877402507620638,0.010000000000000009,0.01015525813962929,8877.402507620638,-10155.25813962929,TRUE,0.0012778556320086516,1277.8556320086516
2019-08-14,0.99,-0.020297529364242006,"GARCH(1,1) Gaussian",0.014597808205529262,0.010000000000000009,0.020297529364242006,14597.808205529262,-20297.529364242007,TRUE,0.005699721158712744,5699.721158712744
2019-10-02,0.99,-0.013728409730958659,"GARCH(1,1) Gaussian",0.012429506681932755,0.010000000000000009,0.013728409730958659,12429.506681932755,-13728.409730958658,TRUE,0.0012989030490259037,1298.9030490259038
2020-01-31,0.99,-0.00954408294278721,"GARCH(1,1) Gaussian",0.008274616997230894,0.010000000000000009,0.00954408294278721,8274.616997230894,-9544.08294278721,TRUE,0.0012694659455563164,1269.4659455563165
2020-02-24,0.99,-0.01222052849371861,"GARCH(1,1) Gaussian",0.008381674830385204,0.010000000000000009,0.01222052849371861,8381.674830385204,-12220.528493718612,TRUE,0.003838853663333407,3838.853663333407
2020-02-25,0.99,-0.015397862411281235,"GARCH(1,1) Gaussian",0.01407063905462028,0.010000000000000009,0.015397862411281235,14070.63905462028,-15397.862411281234,TRUE,0.0013272233566609549,1327.2233566609548
2020-02-27,0.99,-0.022189328872467214,"GARCH(1,1) Gaussian",0.018373535739823123,0.010000000000000009,0.022189328872467214,18373.535739823124,-22189.328872467213,TRUE,0.0038157931326440915,3815.7931326440917
2020-03-09,0.99,-0.11843846161163316,"GARCH(1,1) Gaussian",0.044200273934555834,0.010000000000000009,0.11843846161163316,44200.27393455584,-118438.46161163316,TRUE,0.07423818767707732,74238.18767707732
2020-03-12,0.99,-0.13435474785949877,"GARCH(1,1) Gaussian",0.12198222261358431,0.010000000000000009,0.13435474785949877,121982.22261358431,-134354.74785949878,TRUE,0.012372525245914465,12372.525245914465
2020-05-13,0.99,-0.03980220951699303,"GARCH(1,1) Gaussian",0.03510421220330142,0.010000000000000009,0.03980220951699303,35104.21220330142,-39802.20951699303,TRUE,0.00469799731369161,4697.99731369161
2020-06-11,0.99,-0.04191612370110864,"GARCH(1,1) Gaussian",0.04063039707591028,0.010000000000000009,0.04191612370110864,40630.397075910274,-41916.12370110864,TRUE,0.0012857266251983662,1285.7266251983663
2020-11-30,0.99,-0.023291803539919827,"GARCH(1,1) Gaussian",0.017439634844922117,0.010000000000000009,0.023291803539919827,17439.63484492212,-23291.803539919827,TRUE,0.00585216869499771,5852.16869499771
2021-07-08,0.99,-0.01345857319948653,"GARCH(1,1) Gaussian",0.010366414972209961,0.010000000000000009,0.01345857319948653,10366.414972209961,-13458.57319948653,TRUE,0.0030921582272765685,3092.1582272765686
2021-07-19,0.99,-0.02104688982237631,"GARCH(1,1) Gaussian",0.015586749002639632,0.010000000000000009,0.02104688982237631,15586.749002639632,-21046.88982237631,TRUE,0.005460140819736677,5460.140819736676
2021-08-26,0.99,-0.013452296059776752,"GARCH(1,1) Gaussian",0.010473227827599331,0.010000000000000009,0.013452296059776752,10473.22782759933,-13452.296059776752,TRUE,0.002979068232177421,2979.068232177421
2021-09-20,0.99,-0.016977044168322127,"GARCH(1,1) Gaussian",0.01655975864223898,0.010000000000000009,0.016977044168322127,16559.758642238983,-16977.04416832213,TRUE,4.172855260831457e-4,417.28552608314567
2021-11-26,0.99,-0.019295545866491754,"GARCH(1,1) Gaussian",0.011480609048885032,0.010000000000000009,0.019295545866491754,11480.609048885033,-19295.545866491753,TRUE,0.007814936817606722,7814.936817606722
2021-11-30,0.99,-0.02658741803894691,"GARCH(1,1) Gaussian",0.026265589284084144,0.010000000000000009,0.02658741803894691,26265.589284084144,-26587.41803894691,TRUE,3.2182875486276574e-4,321.8287548627657
2022-02-17,0.99,-0.015545959880037208,"GARCH(1,1) Gaussian",0.014933836160360633,0.010000000000000009,0.015545959880037208,14933.836160360634,-15545.959880037208,TRUE,6.121237196765744e-4,612.1237196765744
2022-03-23,0.99,-0.025688996624534256,"GARCH(1,1) Gaussian",0.015291108234133006,0.010000000000000009,0.025688996624534256,15291.108234133006,-25688.996624534255,TRUE,0.01039788839040125,10397.888390401251
2022-04-22,0.99,-0.020685931161574484,"GARCH(1,1) Gaussian",0.016807900691503175,0.010000000000000009,0.020685931161574484,16807.900691503175,-20685.931161574485,TRUE,0.0038780304700713093,3878.0304700713095
2022-06-16,0.99,-0.02822756167805516,"GARCH(1,1) Gaussian",0.024248247599034926,0.010000000000000009,0.02822756167805516,24248.247599034927,-28227.561678055157,TRUE,0.0039793140790202325,3979.3140790202324
2022-06-23,0.99,-0.029162311245563306,"GARCH(1,1) Gaussian",0.02806154260181559,0.010000000000000009,0.029162311245563306,28061.54260181559,-29162.311245563305,TRUE,0.0011007686437477168,1100.7686437477169
2022-07-14,0.99,-0.03664511343286332,"GARCH(1,1) Gaussian",0.020201809402879585,0.010000000000000009,0.03664511343286332,20201.809402879586,-36645.11343286332,TRUE,0.016443304029983737,16443.304029983738
2022-10-06,0.99,-0.026669744828812236,"GARCH(1,1) Gaussian",0.025671946522392998,0.010000000000000009,0.026669744828812236,25671.946522393,-26669.744828812236,TRUE,9.977983064192383e-4,997.7983064192383
2023-02-21,0.99,-0.01369752906673214,"GARCH(1,1) Gaussian",0.012000530715535385,0.010000000000000009,0.01369752906673214,12000.530715535386,-13697.52906673214,TRUE,0.0016969983511967556,1696.9983511967557
2023-03-09,0.99,-0.019585036590598456,"GARCH(1,1) Gaussian",0.017213124941050404,0.010000000000000009,0.019585036590598456,17213.124941050402,-19585.036590598454,TRUE,0.0023719116495480516,2371.9116495480516
2023-04-25,0.99,-0.01898816163915762,"GARCH(1,1) Gaussian",0.014853357263233601,0.010000000000000009,0.01898816163915762,14853.357263233602,-18988.16163915762,TRUE,0.004134804375924018,4134.804375924018
2023-05-02,0.99,-0.019332143615484576,"GARCH(1,1) Gaussian",0.01888586321896716,0.010000000000000009,0.019332143615484576,18885.86321896716,-19332.143615484576,TRUE,4.462803965174164e-4,446.2803965174164
2023-05-24,0.99,-0.019926056003202408,"GARCH(1,1) Gaussian",0.01797794895636045,0.010000000000000009,0.019926056003202408,17977.94895636045,-19926.056003202408,TRUE,0.0019481070468419584,1948.1070468419584
2023-08-15,0.99,-0.020572830850598613,"GARCH(1,1) Gaussian",0.01721975761242409,0.010000000000000009,0.020572830850598613,17219.757612424088,-20572.830850598613,TRUE,0.0033530732381745233,3353.0732381745233
2023-10-20,0.99,-0.02523731281853081,"GARCH(1,1) Gaussian",0.023810006479494078,0.010000000000000009,0.02523731281853081,23810.006479494077,-25237.31281853081,TRUE,0.0014273063390367324,1427.3063390367324
2024-05-29,0.99,-0.02283991547821477,"GARCH(1,1) Gaussian",0.015879777841963854,0.010000000000000009,0.02283991547821477,15879.777841963854,-22839.915478214767,TRUE,0.006960137636250915,6960.1376362509145
2024-08-02,0.99,-0.018752520281974328,"GARCH(1,1) Gaussian",0.01689496098627516,0.010000000000000009,0.018752520281974328,16894.96098627516,-18752.520281974328,TRUE,0.0018575592956991682,1857.5592956991682
2024-12-18,0.99,-0.01243888971762791,"GARCH(1,1) Gaussian",0.010165933940623373,0.010000000000000009,0.01243888971762791,10165.933940623372,-12438.88971762791,TRUE,0.002272955777004537,2272.955777004537
2025-02-03,0.99,-0.021623538460132225,"GARCH(1,1) Gaussian",0.01118378371699518,0.010000000000000009,0.021623538460132225,11183.78371699518,-21623.538460132226,TRUE,0.010439754743137046,10439.754743137046
2025-03-04,0.99,-0.024599518021579243,"GARCH(1,1) Gaussian",0.014147337896941718,0.010000000000000009,0.024599518021579243,14147.337896941719,-24599.518021579242,TRUE,0.010452180124637524,10452.180124637525
2025-04-04,0.99,-0.03419233311848853,"GARCH(1,1) Gaussian",0.02086218194952743,0.010000000000000009,0.03419233311848853,20862.18194952743,-34192.33311848853,TRUE,0.0133301511689611,13330.1511689611
2025-10-08,0.99,-0.010506906643810819,"GARCH(1,1) Gaussian",0.010015780835123007,0.010000000000000009,0.010506906643810819,10015.780835123007,-10506.906643810818,TRUE,4.911258086878114e-4,491.1258086878114
2026-01-20,0.99,-0.013269002227779306,"GARCH(1,1) Gaussian",0.011233817928192207,0.010000000000000009,0.013269002227779306,11233.817928192208,-13269.002227779307,TRUE,0.002035184299587099,2035.1842995870988
2026-03-12,0.99,-0.015916092406627076,"GARCH(1,1) Gaussian",0.012794768822575114,0.010000000000000009,0.015916092406627076,12794.768822575114,-15916.092406627076,TRUE,0.003121323584051962,3121.323584051962
2026-03-26,0.99,-0.018690033297548144,"GARCH(1,1) Gaussian",0.01751230728473146,0.010000000000000009,0.018690033297548144,17512.307284731458,-18690.033297548143,TRUE,0.0011777260128166857,1177.7260128166856
2026-04-29,0.99,-0.011244444939006835,"GARCH(1,1) Gaussian",0.008168753240601541,0.010000000000000009,0.011244444939006835,8168.753240601542,-11244.444939006835,TRUE,0.003075691698405294,3075.6916984052937
2026-05-13,0.99,-0.012283229506587535,"GARCH(1,1) Gaussian",0.011776106909717605,0.010000000000000009,0.012283229506587535,11776.106909717604,-12283.229506587535,TRUE,5.071225968699307e-4,507.1225968699307
2026-07-02,0.99,-0.014356038479997946,"GARCH(1,1) Gaussian",0.012475100308513579,0.010000000000000009,0.014356038479997946,12475.100308513578,-14356.038479997946,TRUE,0.001880938171484367,1880.938171484367
2026-07-08,0.99,-0.02133759695753697,"GARCH(1,1) Gaussian",0.016625502492455986,0.010000000000000009,0.02133759695753697,16625.502492455988,-21337.59695753697,TRUE,0.004712094465080984,4712.094465080984
2018-02-05,0.99,-0.025088785615633786,Historical Simulation,0.018181603321439456,0.010000000000000009,0.025088785615633786,18181.603321439456,-25088.785615633788,TRUE,0.00690718229419433,6907.18229419433
2018-02-08,0.99,-0.019329394732978806,Historical Simulation,0.017635838499804452,0.010000000000000009,0.019329394732978806,17635.838499804453,-19329.394732978806,TRUE,0.0016935562331743537,1693.5562331743536
2018-03-23,0.99,-0.017686648132303785,Historical Simulation,0.017635838499804452,0.010000000000000009,0.017686648132303785,17635.838499804453,-17686.648132303784,TRUE,5.080963249933304e-5,50.80963249933304
2018-05-29,0.99,-0.019639960639575384,Historical Simulation,0.017686648132303785,0.010000000000000009,0.019639960639575384,17686.648132303784,-19639.960639575384,TRUE,0.0019533125072715984,1953.3125072715984
2018-10-11,0.99,-0.021697648646396797,Historical Simulation,0.017686648132303785,0.010000000000000009,0.021697648646396797,17686.648132303784,-21697.648646396796,TRUE,0.004011000514093012,4011.000514093012
2018-10-24,0.99,-0.022780004307335656,Historical Simulation,0.018181603321439456,0.010000000000000009,0.022780004307335656,18181.603321439456,-22780.004307335657,TRUE,0.0045984009858962005,4598.400985896201
2019-08-14,0.99,-0.020297529364242006,Historical Simulation,0.01904019198150388,0.010000000000000009,0.020297529364242006,19040.19198150388,-20297.529364242007,TRUE,0.0012573373827381266,1257.3373827381267
2020-02-27,0.99,-0.022189328872467214,Historical Simulation,0.017686648132303785,0.010000000000000009,0.022189328872467214,17686.648132303784,-22189.328872467213,TRUE,0.004502680740163429,4502.680740163429
2020-02-28,0.99,-0.022492636138809065,Historical Simulation,0.01904019198150388,0.010000000000000009,0.022492636138809065,19040.19198150388,-22492.636138809066,TRUE,0.003452444157305185,3452.4441573051854
2020-03-05,0.99,-0.02556800802057853,Historical Simulation,0.019639960639575384,0.010000000000000009,0.02556800802057853,19639.960639575384,-25568.00802057853,TRUE,0.005928047381003148,5928.047381003148
2020-03-06,0.99,-0.033444623174640545,Historical Simulation,0.020297529364242006,0.010000000000000009,0.033444623174640545,20297.529364242007,-33444.62317464055,TRUE,0.013147093810398539,13147.093810398539
2020-03-09,0.99,-0.11843846161163316,Historical Simulation,0.021697648646396797,0.010000000000000009,0.11843846161163316,21697.648646396796,-118438.46161163316,TRUE,0.09674081296523636,96740.81296523636
2020-03-11,0.99,-0.03732629589180003,Historical Simulation,0.022189328872467214,0.010000000000000009,0.03732629589180003,22189.328872467213,-37326.29589180003,TRUE,0.015136967019332818,15136.967019332818
2020-03-12,0.99,-0.13435474785949877,Historical Simulation,0.022492636138809065,0.010000000000000009,0.13435474785949877,22492.636138809066,-134354.74785949878,TRUE,0.11186211172068972,111862.11172068972
2020-03-16,0.99,-0.10902342217104742,Historical Simulation,0.022780004307335656,0.010000000000000009,0.10902342217104742,22780.004307335657,-109023.42217104742,TRUE,0.08624341786371176,86243.41786371176
2020-03-18,0.99,-0.0638513139433538,Historical Simulation,0.02556800802057853,0.010000000000000009,0.0638513139433538,25568.00802057853,-63851.3139433538,TRUE,0.038283305922775276,38283.305922775275
2020-03-23,0.99,-0.08175804783262533,Historical Simulation,0.033444623174640545,0.010000000000000009,0.08175804783262533,33444.62317464055,-81758.04783262534,TRUE,0.048313424657984785,48313.42465798478
2020-03-27,0.99,-0.05306103580262786,Historical Simulation,0.03732629589180003,0.010000000000000009,0.05306103580262786,37326.29589180003,-53061.03580262786,TRUE,0.015734739910827827,15734.739910827828
2022-06-16,0.99,-0.02822756167805516,Historical Simulation,0.02104688982237631,0.010000000000000009,0.02822756167805516,21046.88982237631,-28227.561678055157,TRUE,0.00718067185567885,7180.67185567885
2022-06-23,0.99,-0.029162311245563306,Historical Simulation,0.022665793873276698,0.010000000000000009,0.029162311245563306,22665.793873276696,-29162.311245563305,TRUE,0.006496517372286608,6496.517372286608
2022-07-14,0.99,-0.03664511343286332,Historical Simulation,0.022665793873276698,0.010000000000000009,0.03664511343286332,22665.793873276696,-36645.11343286332,TRUE,0.013979319559586624,13979.319559586624
2022-10-06,0.99,-0.026669744828812236,Historical Simulation,0.023291803539919827,0.010000000000000009,0.026669744828812236,23291.803539919827,-26669.744828812236,TRUE,0.003377941288892409,3377.941288892409
2025-02-03,0.99,-0.021623538460132225,Historical Simulation,0.02051623613951814,0.010000000000000009,0.021623538460132225,20516.23613951814,-21623.538460132226,TRUE,0.0011073023206140849,1107.302320614085
2025-03-04,0.99,-0.024599518021579243,Historical Simulation,0.020528485933378027,0.010000000000000009,0.024599518021579243,20528.485933378026,-24599.518021579242,TRUE,0.004071032088201216,4071.032088201216
2025-04-04,0.99,-0.03419233311848853,Historical Simulation,0.02051623613951814,0.010000000000000009,0.03419233311848853,20516.23613951814,-34192.33311848853,TRUE,0.01367609697897039,13676.09697897039
2025-04-07,0.99,-0.02403952475134694,Historical Simulation,0.020572830850598613,0.010000000000000009,0.02403952475134694,20572.830850598613,-24039.52475134694,TRUE,0.0034666939007483265,3466.6939007483265
2025-04-10,0.99,-0.029719183483297867,Historical Simulation,0.021623538460132225,0.010000000000000009,0.029719183483297867,21623.538460132226,-29719.183483297867,TRUE,0.008095645023165642,8095.645023165642
2026-07-08,0.99,-0.02133759695753697,Historical Simulation,0.020740916145081906,0.010000000000000009,0.02133759695753697,20740.916145081905,-21337.59695753697,TRUE,5.966808124550638e-4,596.6808124550638
2018-02-05,0.99,-0.025088785615633786,Rolling Gaussian,0.014377976149467536,0.010000000000000009,0.025088785615633786,14377.976149467537,-25088.785615633788,TRUE,0.01071080946616625,10710.809466166249
2018-02-08,0.99,-0.019329394732978806,Rolling Gaussian,0.014001365073328728,0.010000000000000009,0.019329394732978806,14001.365073328729,-19329.394732978806,TRUE,0.005328029659650077,5328.0296596500775
2018-02-28,0.99,-0.014454224682231174,Rolling Gaussian,0.013032264605904753,0.010000000000000009,0.014454224682231174,13032.264605904753,-14454.224682231174,TRUE,0.0014219600763264208,1421.9600763264207
2018-03-22,0.99,-0.015174352502188328,Rolling Gaussian,0.012927269509619418,0.010000000000000009,0.015174352502188328,12927.269509619418,-15174.352502188327,TRUE,0.00224708299256891,2247.08299256891
2018-03-23,0.99,-0.017686648132303785,Rolling Gaussian,0.012951427397988992,0.010000000000000009,0.017686648132303785,12951.427397988991,-17686.648132303784,TRUE,0.004735220734314793,4735.220734314793
2018-05-29,0.99,-0.019639960639575384,Rolling Gaussian,0.012830499443796892,0.010000000000000009,0.019639960639575384,12830.499443796893,-19639.960639575384,TRUE,0.006809461195778492,6809.461195778492
2018-06-25,0.99,-0.013481004164221062,Rolling Gaussian,0.012394709384558469,0.010000000000000009,0.013481004164221062,12394.70938455847,-13481.004164221062,TRUE,0.001086294779662593,1086.2947796625929
2018-10-11,0.99,-0.021697648646396797,Rolling Gaussian,0.012082262538058813,0.010000000000000009,0.021697648646396797,12082.262538058812,-21697.648646396796,TRUE,0.009615386108337984,9615.386108337985
2018-10-24,0.99,-0.022780004307335656,Rolling Gaussian,0.012462947739666035,0.010000000000000009,0.022780004307335656,12462.947739666035,-22780.004307335657,TRUE,0.010317056567669621,10317.05656766962
2018-11-20,0.99,-0.013595310262247806,Rolling Gaussian,0.012711492221490503,0.010000000000000009,0.013595310262247806,12711.492221490502,-13595.310262247805,TRUE,8.838180407573035e-4,883.8180407573035
2018-12-04,0.99,-0.01530526150614982,Rolling Gaussian,0.012980525634867271,0.010000000000000009,0.01530526150614982,12980.525634867272,-15305.26150614982,TRUE,0.0023247358712825492,2324.7358712825494
2018-12-06,0.99,-0.013128068792802186,Rolling Gaussian,0.013066173434022504,0.010000000000000009,0.013128068792802186,13066.173434022505,-13128.068792802187,TRUE,6.189535877968236e-5,61.89535877968236
2018-12-21,0.99,-0.01904019198150388,Rolling Gaussian,0.013387364915526624,0.010000000000000009,0.01904019198150388,13387.364915526623,-19040.19198150388,TRUE,0.005652827065977256,5652.827065977256
2019-08-06,0.99,-0.013530855340670165,Rolling Gaussian,0.012872134979982753,0.010000000000000009,0.013530855340670165,12872.134979982753,-13530.855340670165,TRUE,6.58720360687412e-4,658.720360687412
2019-08-14,0.99,-0.020297529364242006,Rolling Gaussian,0.012897329524354014,0.010000000000000009,0.020297529364242006,12897.329524354014,-20297.529364242007,TRUE,0.007400199839887992,7400.199839887992
2019-08-23,0.99,-0.01416348235966358,Rolling Gaussian,0.013187197244360828,0.010000000000000009,0.01416348235966358,13187.197244360828,-14163.48235966358,TRUE,9.762851153027521e-4,976.285115302752
2019-10-02,0.99,-0.013728409730958659,Rolling Gaussian,0.013382424474756042,0.010000000000000009,0.013728409730958659,13382.424474756042,-13728.409730958658,TRUE,3.4598525620261646e-4,345.9852562026165
2020-02-25,0.99,-0.015397862411281235,Rolling Gaussian,0.013044142537308562,0.010000000000000009,0.015397862411281235,13044.142537308562,-15397.862411281234,TRUE,0.0023537198739726727,2353.7198739726728
2020-02-27,0.99,-0.022189328872467214,Rolling Gaussian,0.0130890164472196,0.010000000000000009,0.022189328872467214,13089.0164472196,-22189.328872467213,TRUE,0.009100312425247614,9100.312425247614
2020-02-28,0.99,-0.022492636138809065,Rolling Gaussian,0.013337590516452155,0.010000000000000009,0.022492636138809065,13337.590516452155,-22492.636138809066,TRUE,0.00915504562235691,9155.045622356909
2020-03-03,0.99,-0.019243752074436144,Rolling Gaussian,0.013595350624312701,0.010000000000000009,0.019243752074436144,13595.350624312701,-19243.752074436143,TRUE,0.005648401450123443,5648.401450123442
2020-03-05,0.99,-0.02556800802057853,Rolling Gaussian,0.013811039072725934,0.010000000000000009,0.02556800802057853,13811.039072725933,-25568.00802057853,TRUE,0.011756968947852598,11756.968947852598
2020-03-06,0.99,-0.033444623174640545,Rolling Gaussian,0.014113008514015393,0.010000000000000009,0.033444623174640545,14113.008514015393,-33444.62317464055,TRUE,0.019331614660625152,19331.614660625153
2020-03-09,0.99,-0.11843846161163316,Rolling Gaussian,0.014603874213555731,0.010000000000000009,0.11843846161163316,14603.874213555731,-118438.46161163316,TRUE,0.10383458739807742,103834.58739807742
2020-03-11,0.99,-0.03732629589180003,Rolling Gaussian,0.019556056780425737,0.010000000000000009,0.03732629589180003,19556.056780425737,-37326.29589180003,TRUE,0.017770239111374295,17770.239111374296
2020-03-12,0.99,-0.13435474785949877,Rolling Gaussian,0.020014950808472154,0.010000000000000009,0.13435474785949877,20014.950808472153,-134354.74785949878,TRUE,0.11433979705102662,114339.79705102662
2020-03-16,0.99,-0.10902342217104742,Rolling Gaussian,0.030241382495450823,0.010000000000000009,0.10902342217104742,30241.382495450824,-109023.42217104742,TRUE,0.0787820396755966,78782.0396755966
2020-03-18,0.99,-0.0638513139433538,Rolling Gaussian,0.03254109239224435,0.010000000000000009,0.0638513139433538,32541.092392244347,-63851.3139433538,TRUE,0.031310221551109456,31310.221551109455
2020-03-23,0.99,-0.08175804783262533,Rolling Gaussian,0.03324299117709258,0.010000000000000009,0.08175804783262533,33242.99117709258,-81758.04783262534,TRUE,0.04851505665553275,48515.056655532746
2020-03-27,0.99,-0.05306103580262786,Rolling Gaussian,0.03797552214418052,0.010000000000000009,0.05306103580262786,37975.52214418052,-53061.03580262786,TRUE,0.01508551365844734,15085.51365844734
2020-04-01,0.99,-0.04932815067935129,Rolling Gaussian,0.03858934316719091,0.010000000000000009,0.04932815067935129,38589.34316719091,-49328.15067935129,TRUE,0.01073880751216038,10738.80751216038
2020-04-21,0.99,-0.040563656391668125,Rolling Gaussian,0.04016206373720704,0.010000000000000009,0.040563656391668125,40162.06373720704,-40563.656391668126,TRUE,4.015926544610818e-4,401.5926544610818
2022-06-10,0.99,-0.019196020863742686,Rolling Gaussian,0.01828681403514223,0.010000000000000009,0.019196020863742686,18286.81403514223,-19196.020863742688,TRUE,9.092068286004548e-4,909.2068286004549
2022-06-16,0.99,-0.02822756167805516,Rolling Gaussian,0.018485126800303224,0.010000000000000009,0.02822756167805516,18485.126800303224,-28227.561678055157,TRUE,0.009742434877751935,9742.434877751935
2022-06-23,0.99,-0.029162311245563306,Rolling Gaussian,0.018753470691812667,0.010000000000000009,0.029162311245563306,18753.47069181267,-29162.311245563305,TRUE,0.010408840553750638,10408.840553750639
2022-07-14,0.99,-0.03664511343286332,Rolling Gaussian,0.01871810765582721,0.010000000000000009,0.03664511343286332,18718.10765582721,-36645.11343286332,TRUE,0.017927005777036112,17927.005777036113
2022-10-06,0.99,-0.026669744828812236,Rolling Gaussian,0.01978815548414427,0.010000000000000009,0.026669744828812236,19788.15548414427,-26669.744828812236,TRUE,0.006881589344667965,6881.589344667965
2022-10-07,0.99,-0.02061059695395665,Rolling Gaussian,0.020043474275694903,0.010000000000000009,0.02061059695395665,20043.4742756949,-20610.59695395665,TRUE,5.671226782617486e-4,567.1226782617487
2022-10-11,0.99,-0.024613947740271775,Rolling Gaussian,0.02017071822182321,0.010000000000000009,0.024613947740271775,20170.71822182321,-24613.947740271775,TRUE,0.004443229518448565,4443.229518448566
2023-03-10,0.99,-0.02110718938113918,Rolling Gaussian,0.02037602858437496,0.010000000000000009,0.02110718938113918,20376.02858437496,-21107.189381139182,TRUE,7.311607967642221e-4,731.1607967642221
2023-10-20,0.99,-0.02523731281853081,Rolling Gaussian,0.022826232533852565,0.010000000000000009,0.02523731281853081,22826.232533852566,-25237.31281853081,TRUE,0.0024110802846782457,2411.080284678246
2024-05-29,0.99,-0.02283991547821477,Rolling Gaussian,0.021644884791447307,0.010000000000000009,0.02283991547821477,21644.884791447308,-22839.915478214767,TRUE,0.001195030686767462,1195.0306867674622
2025-02-03,0.99,-0.021623538460132225,Rolling Gaussian,0.017530567981648464,0.010000000000000009,0.021623538460132225,17530.567981648463,-21623.538460132226,TRUE,0.004092970478483761,4092.970478483761
2025-03-04,0.99,-0.024599518021579243,Rolling Gaussian,0.01761623423596824,0.010000000000000009,0.024599518021579243,17616.23423596824,-24599.518021579242,TRUE,0.006983283785611003,6983.283785611004
2025-04-03,0.99,-0.017283902790054873,Rolling Gaussian,0.017274557464256577,0.010000000000000009,0.017283902790054873,17274.557464256577,-17283.90279005487,TRUE,9.345325798295473e-6,9.345325798295473
2025-04-04,0.99,-0.03419233311848853,Rolling Gaussian,0.017409829997602523,0.010000000000000009,0.03419233311848853,17409.829997602523,-34192.33311848853,TRUE,0.016782503120886007,16782.503120886005
2025-04-07,0.99,-0.02403952475134694,Rolling Gaussian,0.017842305658851497,0.010000000000000009,0.02403952475134694,17842.305658851496,-24039.52475134694,TRUE,0.006197219092495442,6197.219092495442
2025-04-10,0.99,-0.029719183483297867,Rolling Gaussian,0.018445288690331615,0.010000000000000009,0.029719183483297867,18445.288690331614,-29719.183483297867,TRUE,0.011273894792966251,11273.894792966252
2026-02-27,0.99,-0.020740916145081906,Rolling Gaussian,0.015176022484737714,0.010000000000000009,0.020740916145081906,15176.022484737714,-20740.916145081905,TRUE,0.005564893660344192,5564.8936603441925
2026-03-06,0.99,-0.017081335281713995,Rolling Gaussian,0.015546779256331057,0.010000000000000009,0.017081335281713995,15546.779256331058,-17081.335281713997,TRUE,0.0015345560253829382,1534.5560253829383
2026-03-12,0.99,-0.015916092406627076,Rolling Gaussian,0.01575537884959874,0.010000000000000009,0.015916092406627076,15755.37884959874,-15916.092406627076,TRUE,1.6071355702833648e-4,160.71355702833648
2026-03-26,0.99,-0.018690033297548144,Rolling Gaussian,0.016211871491559608,0.010000000000000009,0.018690033297548144,16211.871491559608,-18690.033297548143,TRUE,0.002478161805988536,2478.161805988536
2026-07-08,0.99,-0.02133759695753697,Rolling Gaussian,0.016558507747112705,0.010000000000000009,0.02133759695753697,16558.507747112704,-21337.59695753697,TRUE,0.004779089210424265,4779.089210424265
